✅ Using detected batch size: 160 (accumulate=2)
======================================================================
🚀 TRAINING CONFIGURATION
======================================================================
📦 Batch: 160 × 2 = 320 effective
📈 LR: 0.0003 (Heads) / 0.000030 (Backbones)
🧠 Total Trainable Params: ~26.9M
🎯 Features: Soft-Argmax, Co-occurrence, Temporal Attention

📋 Full Command:
python train.py     -d charades_ag     -v yowo_v2_x3d_m_yolo11m_multitask     --cuda     --amp     --eval     -bs 160     -accu 2     --max_epoch 15     --lr_epoch 8 10 12     --root /content/yowo/data     -K 16     -lr 0.0003     --label_smoothing 0.05     --num_workers 4     --save_folder /content/yowo/weights

======================================================================

Creating new Ultralytics Settings v0.0.6 file ✅ 
View Ultralytics Settings with 'yolo settings' or at '/root/.config/Ultralytics/settings.json'
Update Settings with 'yolo settings key=value', i.e. 'yolo settings runs_dir=path/to/dir'. For help see https://docs.ultralytics.com/quickstart/#ultralytics-settings.
Setting Arguments.. :  Namespace(cuda=True, tfboard=False, save_folder='/content/yowo/weights', vis_data=False, eval=True, eval_epoch=3, save_dir='inference_results/', eval_first=False, batch_size=160, test_batch_size=16, accumulate=2, base_lr=0.0003, lr_decay_ratio=0.5, max_epoch=15, lr_epoch=[8, 10, 12], version='yowo_v2_x3d_m_yolo11m_multitask', resume=None, conf_thresh=0.1, nms_thresh=0.5, topk=40, len_clip=16, freeze_backbone_2d=False, freeze_backbone_3d=False, memory=False, dataset='charades_ag', root='/content/yowo/data', num_workers=4, center_sampling_radius=2.5, topk_candicate=10, loss_conf_weight=1, loss_cls_weight=1, loss_reg_weight=5, focal_loss=False, label_smoothing=0.05, distributed=False, dist_url='env://', world_size=1, sybn=False, amp=True)
----------------------------------------------------------
World size: 1
use cuda
==============================
Dataset Config: CHARADES_AG 
==============================
Model Config: YOWO_V2_X3D_M_YOLO11M_MULTITASK 
Loaded 274086 keyframes for train
Loaded 14696 keyframes for val
Charades-AG Evaluator initialized:
  Test keyframes: 14696
  Objects: 36, Actions: 157, Relations: 26
==============================
Training model on: charades_ag
The dataset size: 274086
==============================
Build YOWO_V2_X3D_M_YOLO11M_MULTITASK (Multi-Task) ...
  Objects: 36
  Actions: 157
  Relations: 26
==============================
2D Backbone: YOLO11M
--pretrained: True
Downloading https://github.com/ultralytics/assets/releases/download/v8.3.0/yolo11m.pt to 'yolo11m.pt': 100% ━━━━━━━━━━━━ 38.8MB 142.2MB/s 0.3s
YOLO11 feature dimensions: [256, 512, 512]
YOLO11 feature strides: [8, 16, 32]
==============================
3D Backbone: X3D_M
--pretrained: True
Loading X3D model: x3d_m (pretrained=True)
Downloading: "https://github.com/facebookresearch/pytorchvideo/zipball/main" to /root/.cache/torch/hub/main.zip
Downloading: "https://dl.fbaipublicfiles.com/pytorchvideo/model_zoo/kinetics/X3D_M.pyth" to /root/.cache/torch/hub/checkpoints/X3D_M.pyth
100% 29.4M/29.4M [00:00<00:00, 58.4MB/s]
==============================
Head: Decoupled Head
==============================
Head: Decoupled Head
==============================
Head: Decoupled Head
==============================
[INFO] Register count_convNd() for <class 'torch.nn.modules.conv.Conv2d'>.
[INFO] Register count_normalization() for <class 'torch.nn.modules.batchnorm.BatchNorm2d'>.
[INFO] Register zero_ops() for <class 'torch.nn.modules.container.Sequential'>.
[INFO] Register zero_ops() for <class 'torch.nn.modules.pooling.MaxPool2d'>.
[INFO] Register count_upsample() for <class 'torch.nn.modules.upsampling.Upsample'>.
[INFO] Register count_convNd() for <class 'torch.nn.modules.conv.Conv3d'>.
[INFO] Register count_normalization() for <class 'torch.nn.modules.batchnorm.BatchNorm3d'>.
[INFO] Register zero_ops() for <class 'torch.nn.modules.activation.ReLU'>.
[INFO] Register count_adap_avgpool() for <class 'torch.nn.modules.pooling.AdaptiveAvgPool3d'>.
[INFO] Register count_convNd() for <class 'torch.nn.modules.conv.Conv1d'>.
[INFO] Register count_softmax() for <class 'torch.nn.modules.activation.Softmax'>.
[INFO] Register zero_ops() for <class 'torch.nn.modules.dropout.Dropout'>.
[INFO] Register count_linear() for <class 'torch.nn.modules.linear.Linear'>.
/usr/local/lib/python3.12/dist-packages/torch/functional.py:505: UserWarning: torch.meshgrid: in an upcoming release, it will be required to pass the indexing argument. (Triggered internally at /pytorch/aten/src/ATen/native/TensorShape.cpp:4317.)
  return _VF.meshgrid(tensors, **kwargs)  # type: ignore[attr-defined]
==============================
FLOPs : 10.32 G
Params : 25.44 M
==============================
Optimizer: adamw
--momentum: 0.9
--weight_decay: 0.0005
--Backbone parameters: 647
--Head/Context parameters: 204
--Backbone LR: 0.000030
--Head/Context LR: 0.000300
==============================
WarmUpScheduler: linear
--base_lr: 0.0003
--warmup_factor: 0.00066667
--wp_iter: 500
Using Automatic Mixed Precision (AMP) training
/content/yowo/train.py:256: FutureWarning: `torch.cuda.amp.GradScaler(args...)` is deprecated. Please use `torch.amp.GradScaler('cuda', args...)` instead.
  scaler = GradScaler()
Initializing attention logger for multi-task model...
AttentionLogger initialized. Logs will be saved to: /content/yowo/weights/charades_ag/yowo_v2_x3d_m_yolo11m_multitask/attention_logs
Initializing cross-attention monitor for multi-task model...
[CrossAttentionMonitor] Initialized. Logs: /content/yowo/weights/charades_ag/yowo_v2_x3d_m_yolo11m_multitask/cross_attention_logs
/content/yowo/train.py:312: FutureWarning: `torch.cuda.amp.autocast(args...)` is deprecated. Please use `torch.amp.autocast('cuda', args...)` instead.
  with autocast():
/content/yowo/models/yowo/matcher.py:59: FutureWarning: `torch.cuda.amp.autocast(args...)` is deprecated. Please use `torch.amp.autocast('cuda', args...)` instead.
  with torch.cuda.amp.autocast(enabled=False):
[Epoch: 1/15][Iter: 0/1713][lr: 0.000000/0.000000][loss_conf: 8.32][loss_obj: 3.65][loss_act: 2.72][loss_rel: 15.89][loss_box: 0.89][total: 70.09][time: 108.23s]
[Attn Stats] [avg_obj_confidence: 0.0531] [avg_act_confidence: 0.0475] [num_person_boxes: 190] [num_total_boxes: 437]
[Epoch: 1/15][Iter: 10/1713][lr: 0.000006/0.000001][loss_conf: 8.09][loss_obj: 3.67][loss_act: 2.62][loss_rel: 16.34][loss_box: 0.89][total: 70.39][time: 41.45s]
[Epoch: 1/15][Iter: 20/1713][lr: 0.000012/0.000001][loss_conf: 8.19][loss_obj: 3.65][loss_act: 2.73][loss_rel: 15.98][loss_box: 0.89][total: 70.02][time: 68.42s]
[Epoch: 1/15][Iter: 30/1713][lr: 0.000018/0.000002][loss_conf: 7.83][loss_obj: 3.64][loss_act: 2.69][loss_rel: 15.35][loss_box: 0.86][total: 67.64][time: 85.40s]
[Epoch: 1/15][Iter: 40/1713][lr: 0.000024/0.000002][loss_conf: 7.21][loss_obj: 3.58][loss_act: 3.07][loss_rel: 14.81][loss_box: 0.83][total: 65.65][time: 67.77s]
[Epoch: 1/15][Iter: 50/1713][lr: 0.000030/0.000003][loss_conf: 6.08][loss_obj: 3.47][loss_act: 3.10][loss_rel: 13.80][loss_box: 0.80][total: 60.85][time: 85.83s]
[Epoch: 1/15][Iter: 60/1713][lr: 0.000036/0.000004][loss_conf: 5.42][loss_obj: 3.32][loss_act: 2.97][loss_rel: 12.97][loss_box: 0.72][total: 56.53][time: 68.09s]
[Epoch: 1/15][Iter: 70/1713][lr: 0.000042/0.000004][loss_conf: 5.07][loss_obj: 3.13][loss_act: 3.04][loss_rel: 11.39][loss_box: 0.68][total: 52.07][time: 83.77s]
[Epoch: 1/15][Iter: 80/1713][lr: 0.000048/0.000005][loss_conf: 4.95][loss_obj: 2.89][loss_act: 2.98][loss_rel: 10.48][loss_box: 0.66][total: 49.17][time: 67.75s]
[Epoch: 1/15][Iter: 90/1713][lr: 0.000054/0.000005][loss_conf: 4.61][loss_obj: 2.67][loss_act: 3.23][loss_rel: 9.62][loss_box: 0.62][total: 46.41][time: 82.55s]

[Context Monitor] Epoch 1, Iter 99
  📦 Obj conf: 0.040 | Person: 0.028 | Relations: 0.003
  🔗 Context contribution: 2.94x | Scale: 1.000 | CoocScale: 0.102
  ⏱️  X3D temporal: recent=0.39/mid=0.32/overall=0.29
  📈 Gradients: SceneCtx=0.5865, ObjCtx=2.7480, ActHead=3.3742
  📊 Losses: act=2.75, obj=2.50, rel=9.43
  👥 Batch: 198/449 person boxes
[Epoch: 1/15][Iter: 100/1713][lr: 0.000060/0.000006][loss_conf: 4.44][loss_obj: 2.48][loss_act: 3.22][loss_rel: 8.98][loss_box: 0.59][total: 44.18][time: 93.69s]
[Attn Stats] [avg_obj_confidence: 0.0602] [avg_act_confidence: 0.0503] [num_person_boxes: 196] [num_total_boxes: 493]
[Epoch: 1/15][Iter: 110/1713][lr: 0.000066/0.000007][loss_conf: 4.40][loss_obj: 2.38][loss_act: 2.82][loss_rel: 8.74][loss_box: 0.57][total: 42.37][time: 76.21s]
[Epoch: 1/15][Iter: 120/1713][lr: 0.000072/0.000007][loss_conf: 4.25][loss_obj: 2.27][loss_act: 2.86][loss_rel: 8.46][loss_box: 0.54][total: 41.10][time: 77.35s]
[Epoch: 1/15][Iter: 130/1713][lr: 0.000078/0.000008][loss_conf: 4.15][loss_obj: 2.18][loss_act: 2.70][loss_rel: 8.24][loss_box: 0.50][total: 39.56][time: 93.60s]
[Epoch: 1/15][Iter: 140/1713][lr: 0.000084/0.000008][loss_conf: 4.18][loss_obj: 2.07][loss_act: 2.46][loss_rel: 7.76][loss_box: 0.50][total: 37.93][time: 77.34s]
[Epoch: 1/15][Iter: 150/1713][lr: 0.000090/0.000009][loss_conf: 4.19][loss_obj: 2.02][loss_act: 2.33][loss_rel: 7.69][loss_box: 0.48][total: 37.31][time: 97.20s]
[Epoch: 1/15][Iter: 160/1713][lr: 0.000096/0.000010][loss_conf: 4.19][loss_obj: 1.92][loss_act: 2.32][loss_rel: 7.70][loss_box: 0.46][total: 36.81][time: 74.63s]
[Epoch: 1/15][Iter: 170/1713][lr: 0.000102/0.000010][loss_conf: 4.17][loss_obj: 1.80][loss_act: 1.98][loss_rel: 7.23][loss_box: 0.44][total: 34.73][time: 94.31s]
[Epoch: 1/15][Iter: 180/1713][lr: 0.000108/0.000011][loss_conf: 4.25][loss_obj: 1.85][loss_act: 2.16][loss_rel: 6.87][loss_box: 0.45][total: 34.73][time: 68.96s]
[Epoch: 1/15][Iter: 190/1713][lr: 0.000114/0.000011][loss_conf: 4.17][loss_obj: 1.80][loss_act: 1.98][loss_rel: 7.01][loss_box: 0.43][total: 34.22][time: 83.79s]

[Context Monitor] Epoch 1, Iter 199
  📦 Obj conf: 0.132 | Person: 0.098 | Relations: 0.018
  🔗 Context contribution: 1.33x | Scale: 1.003 | CoocScale: 0.110
  ⏱️  X3D temporal: recent=0.39/mid=0.32/overall=0.29
  📈 Gradients: SceneCtx=0.2782, ObjCtx=1.0358, ActHead=3.0062
  📊 Losses: act=1.96, obj=1.82, rel=7.13
  👥 Batch: 197/471 person boxes
[Epoch: 1/15][Iter: 200/1713][lr: 0.000120/0.000012][loss_conf: 4.15][loss_obj: 1.75][loss_act: 2.01][loss_rel: 7.22][loss_box: 0.42][total: 34.40][time: 65.93s]
[Attn Stats] [avg_obj_confidence: 0.1097] [avg_act_confidence: 0.0653] [num_person_boxes: 195] [num_total_boxes: 452]
[Epoch: 1/15][Iter: 210/1713][lr: 0.000126/0.000013][loss_conf: 4.17][loss_obj: 1.78][loss_act: 1.72][loss_rel: 6.87][loss_box: 0.42][total: 33.27][time: 83.08s]
[Epoch: 1/15][Iter: 220/1713][lr: 0.000132/0.000013][loss_conf: 4.11][loss_obj: 1.76][loss_act: 1.70][loss_rel: 6.79][loss_box: 0.41][total: 32.83][time: 64.05s]
[Epoch: 1/15][Iter: 230/1713][lr: 0.000138/0.000014][loss_conf: 4.22][loss_obj: 1.78][loss_act: 1.73][loss_rel: 6.91][loss_box: 0.41][total: 33.36][time: 83.00s]
[Epoch: 1/15][Iter: 240/1713][lr: 0.000144/0.000014][loss_conf: 4.12][loss_obj: 1.81][loss_act: 1.85][loss_rel: 6.96][loss_box: 0.39][total: 33.36][time: 63.52s]
[Epoch: 1/15][Iter: 250/1713][lr: 0.000150/0.000015][loss_conf: 4.12][loss_obj: 1.67][loss_act: 1.55][loss_rel: 6.58][loss_box: 0.39][total: 31.75][time: 84.26s]
[Epoch: 1/15][Iter: 260/1713][lr: 0.000156/0.000016][loss_conf: 4.18][loss_obj: 1.64][loss_act: 1.51][loss_rel: 6.71][loss_box: 0.38][total: 31.86][time: 65.40s]
[Epoch: 1/15][Iter: 270/1713][lr: 0.000162/0.000016][loss_conf: 4.08][loss_obj: 1.64][loss_act: 1.49][loss_rel: 6.85][loss_box: 0.36][total: 31.74][time: 85.29s]
[Epoch: 1/15][Iter: 280/1713][lr: 0.000168/0.000017][loss_conf: 4.12][loss_obj: 1.74][loss_act: 1.44][loss_rel: 6.71][loss_box: 0.38][total: 31.87][time: 67.21s]
[Epoch: 1/15][Iter: 290/1713][lr: 0.000174/0.000017][loss_conf: 4.15][loss_obj: 1.63][loss_act: 1.51][loss_rel: 6.35][loss_box: 0.35][total: 30.83][time: 86.71s]

[Context Monitor] Epoch 1, Iter 299
  📦 Obj conf: 0.192 | Person: 0.161 | Relations: 0.050
  🔗 Context contribution: 1.75x | Scale: 1.014 | CoocScale: 0.125
  ⏱️  X3D temporal: recent=0.39/mid=0.32/overall=0.29
  📈 Gradients: SceneCtx=0.2815, ObjCtx=0.8500, ActHead=5.0473
  📊 Losses: act=1.57, obj=1.58, rel=6.64
  👥 Batch: 201/456 person boxes
[Epoch: 1/15][Iter: 300/1713][lr: 0.000180/0.000018][loss_conf: 4.08][loss_obj: 1.69][loss_act: 1.60][loss_rel: 6.55][loss_box: 0.36][total: 31.45][time: 67.84s]
[Attn Stats] [avg_obj_confidence: 0.1694] [avg_act_confidence: 0.0846] [num_person_boxes: 189] [num_total_boxes: 454]
[Epoch: 1/15][Iter: 310/1713][lr: 0.000186/0.000019][loss_conf: 4.03][loss_obj: 1.57][loss_act: 1.52][loss_rel: 6.33][loss_box: 0.35][total: 30.36][time: 85.02s]
[Epoch: 1/15][Iter: 320/1713][lr: 0.000192/0.000019][loss_conf: 4.05][loss_obj: 1.60][loss_act: 1.46][loss_rel: 6.64][loss_box: 0.35][total: 31.04][time: 68.60s]
[Epoch: 1/15][Iter: 330/1713][lr: 0.000198/0.000020][loss_conf: 4.08][loss_obj: 1.56][loss_act: 1.48][loss_rel: 6.44][loss_box: 0.34][total: 30.50][time: 85.69s]
[Epoch: 1/15][Iter: 340/1713][lr: 0.000204/0.000020][loss_conf: 4.12][loss_obj: 1.51][loss_act: 1.39][loss_rel: 6.27][loss_box: 0.35][total: 30.07][time: 66.76s]
[Epoch: 1/15][Iter: 350/1713][lr: 0.000210/0.000021][loss_conf: 4.06][loss_obj: 1.53][loss_act: 1.44][loss_rel: 6.13][loss_box: 0.34][total: 29.70][time: 84.31s]
[Epoch: 1/15][Iter: 360/1713][lr: 0.000216/0.000022][loss_conf: 4.02][loss_obj: 1.50][loss_act: 1.46][loss_rel: 6.50][loss_box: 0.33][total: 30.31][time: 66.35s]
[Epoch: 1/15][Iter: 370/1713][lr: 0.000222/0.000022][loss_conf: 3.99][loss_obj: 1.51][loss_act: 1.52][loss_rel: 6.35][loss_box: 0.33][total: 30.05][time: 85.41s]
[Epoch: 1/15][Iter: 380/1713][lr: 0.000228/0.000023][loss_conf: 3.96][loss_obj: 1.44][loss_act: 1.46][loss_rel: 6.44][loss_box: 0.32][total: 29.79][time: 65.09s]
[Epoch: 1/15][Iter: 390/1713][lr: 0.000234/0.000023][loss_conf: 3.95][loss_obj: 1.31][loss_act: 1.43][loss_rel: 5.92][loss_box: 0.32][total: 28.40][time: 84.37s]

[Context Monitor] Epoch 1, Iter 399
  📦 Obj conf: 0.275 | Person: 0.227 | Relations: 0.064
  🔗 Context contribution: 1.86x | Scale: 1.024 | CoocScale: 0.142
  ⏱️  X3D temporal: recent=0.39/mid=0.32/overall=0.29
  📈 Gradients: SceneCtx=0.2728, ObjCtx=0.7261, ActHead=4.0712
  📊 Losses: act=1.39, obj=1.40, rel=6.05
  👥 Batch: 208/489 person boxes
[Epoch: 1/15][Iter: 400/1713][lr: 0.000240/0.000024][loss_conf: 3.96][loss_obj: 1.29][loss_act: 1.40][loss_rel: 5.84][loss_box: 0.31][total: 28.11][time: 66.98s]
[Attn Stats] [avg_obj_confidence: 0.2222] [avg_act_confidence: 0.1007] [num_person_boxes: 178] [num_total_boxes: 417]
[Epoch: 1/15][Iter: 410/1713][lr: 0.000246/0.000025][loss_conf: 4.06][loss_obj: 1.32][loss_act: 1.46][loss_rel: 6.26][loss_box: 0.32][total: 29.40][time: 86.58s]
[Epoch: 1/15][Iter: 420/1713][lr: 0.000252/0.000025][loss_conf: 3.92][loss_obj: 1.36][loss_act: 1.41][loss_rel: 6.11][loss_box: 0.30][total: 28.61][time: 66.03s]
[Epoch: 1/15][Iter: 430/1713][lr: 0.000258/0.000026][loss_conf: 3.91][loss_obj: 1.32][loss_act: 1.37][loss_rel: 6.10][loss_box: 0.31][total: 28.46][time: 84.37s]
[Epoch: 1/15][Iter: 440/1713][lr: 0.000264/0.000026][loss_conf: 3.94][loss_obj: 1.33][loss_act: 1.29][loss_rel: 6.31][loss_box: 0.31][total: 28.82][time: 66.70s]
[Epoch: 1/15][Iter: 450/1713][lr: 0.000270/0.000027][loss_conf: 3.96][loss_obj: 1.39][loss_act: 1.40][loss_rel: 6.01][loss_box: 0.31][total: 28.60][time: 84.45s]
[Epoch: 1/15][Iter: 460/1713][lr: 0.000276/0.000028][loss_conf: 3.92][loss_obj: 1.28][loss_act: 1.32][loss_rel: 5.96][loss_box: 0.32][total: 28.12][time: 68.98s]
[Epoch: 1/15][Iter: 470/1713][lr: 0.000282/0.000028][loss_conf: 3.90][loss_obj: 1.22][loss_act: 1.29][loss_rel: 5.90][loss_box: 0.30][total: 27.65][time: 83.63s]
[Epoch: 1/15][Iter: 480/1713][lr: 0.000288/0.000029][loss_conf: 3.90][loss_obj: 1.13][loss_act: 1.34][loss_rel: 5.66][loss_box: 0.31][total: 27.16][time: 69.90s]
[Epoch: 1/15][Iter: 490/1713][lr: 0.000294/0.000029][loss_conf: 3.86][loss_obj: 1.05][loss_act: 1.28][loss_rel: 5.47][loss_box: 0.30][total: 26.36][time: 80.71s]

[Context Monitor] Epoch 1, Iter 499
  📦 Obj conf: 0.322 | Person: 0.261 | Relations: 0.059
  🔗 Context contribution: 1.87x | Scale: 1.032 | CoocScale: 0.157
  ⏱️  X3D temporal: recent=0.39/mid=0.32/overall=0.29
  📈 Gradients: SceneCtx=0.4160, ObjCtx=0.7309, ActHead=3.7654
  📊 Losses: act=1.40, obj=1.17, rel=5.69
  👥 Batch: 197/445 person boxes
Warmup is over
[Epoch: 1/15][Iter: 500/1713][lr: 0.000300/0.000030][loss_conf: 3.79][loss_obj: 1.12][loss_act: 1.23][loss_rel: 5.70][loss_box: 0.29][total: 26.61][time: 69.78s]
[Attn Stats] [avg_obj_confidence: 0.2596] [avg_act_confidence: 0.1067] [num_person_boxes: 216] [num_total_boxes: 448]
[Epoch: 1/15][Iter: 510/1713][lr: 0.000300/0.000030][loss_conf: 3.83][loss_obj: 1.21][loss_act: 1.43][loss_rel: 6.04][loss_box: 0.30][total: 28.07][time: 80.34s]
[Epoch: 1/15][Iter: 520/1713][lr: 0.000300/0.000030][loss_conf: 3.83][loss_obj: 1.14][loss_act: 1.39][loss_rel: 5.53][loss_box: 0.31][total: 26.91][time: 74.60s]
[Epoch: 1/15][Iter: 530/1713][lr: 0.000300/0.000030][loss_conf: 3.84][loss_obj: 1.20][loss_act: 1.45][loss_rel: 5.86][loss_box: 0.30][total: 27.75][time: 79.07s]
[Epoch: 1/15][Iter: 540/1713][lr: 0.000300/0.000030][loss_conf: 3.84][loss_obj: 1.18][loss_act: 1.31][loss_rel: 5.99][loss_box: 0.30][total: 27.61][time: 72.31s]
[Epoch: 1/15][Iter: 550/1713][lr: 0.000300/0.000030][loss_conf: 3.76][loss_obj: 1.25][loss_act: 1.36][loss_rel: 5.86][loss_box: 0.29][total: 27.38][time: 79.24s]
[Epoch: 1/15][Iter: 560/1713][lr: 0.000300/0.000030][loss_conf: 3.81][loss_obj: 1.15][loss_act: 1.35][loss_rel: 6.06][loss_box: 0.30][total: 27.71][time: 71.39s]
[Epoch: 1/15][Iter: 570/1713][lr: 0.000300/0.000030][loss_conf: 3.81][loss_obj: 1.09][loss_act: 1.36][loss_rel: 5.71][loss_box: 0.28][total: 26.75][time: 79.23s]
[Epoch: 1/15][Iter: 580/1713][lr: 0.000300/0.000030][loss_conf: 3.81][loss_obj: 1.12][loss_act: 1.37][loss_rel: 6.01][loss_box: 0.28][total: 27.45][time: 71.81s]
[Epoch: 1/15][Iter: 590/1713][lr: 0.000300/0.000030][loss_conf: 3.83][loss_obj: 1.13][loss_act: 1.32][loss_rel: 5.52][loss_box: 0.28][total: 26.41][time: 80.62s]

[Context Monitor] Epoch 1, Iter 599
  📦 Obj conf: 0.348 | Person: 0.285 | Relations: 0.069
  🔗 Context contribution: 1.97x | Scale: 1.036 | CoocScale: 0.169
  ⏱️  X3D temporal: recent=0.39/mid=0.32/overall=0.29
  📈 Gradients: SceneCtx=0.2383, ObjCtx=0.8608, ActHead=3.2213
  📊 Losses: act=1.31, obj=1.09, rel=5.69
  👥 Batch: 198/457 person boxes
[Epoch: 1/15][Iter: 600/1713][lr: 0.000300/0.000030][loss_conf: 3.73][loss_obj: 1.03][loss_act: 1.44][loss_rel: 5.64][loss_box: 0.29][total: 26.55][time: 69.14s]
[Attn Stats] [avg_obj_confidence: 0.2840] [avg_act_confidence: 0.1179] [num_person_boxes: 201] [num_total_boxes: 482]
[Epoch: 1/15][Iter: 610/1713][lr: 0.000300/0.000030][loss_conf: 3.82][loss_obj: 1.05][loss_act: 1.27][loss_rel: 5.75][loss_box: 0.28][total: 26.60][time: 81.19s]
[Epoch: 1/15][Iter: 620/1713][lr: 0.000300/0.000030][loss_conf: 3.75][loss_obj: 1.01][loss_act: 1.32][loss_rel: 5.57][loss_box: 0.28][total: 26.11][time: 69.06s]
[Epoch: 1/15][Iter: 630/1713][lr: 0.000300/0.000030][loss_conf: 3.86][loss_obj: 1.04][loss_act: 1.28][loss_rel: 5.60][loss_box: 0.29][total: 26.41][time: 79.10s]
[Epoch: 1/15][Iter: 640/1713][lr: 0.000300/0.000030][loss_conf: 3.73][loss_obj: 1.05][loss_act: 1.24][loss_rel: 5.42][loss_box: 0.27][total: 25.59][time: 73.43s]
[Epoch: 1/15][Iter: 650/1713][lr: 0.000300/0.000030][loss_conf: 3.76][loss_obj: 1.08][loss_act: 1.31][loss_rel: 5.67][loss_box: 0.28][total: 26.45][time: 79.88s]
[Epoch: 1/15][Iter: 660/1713][lr: 0.000300/0.000030][loss_conf: 3.75][loss_obj: 0.98][loss_act: 1.22][loss_rel: 5.53][loss_box: 0.29][total: 25.83][time: 66.71s]
[Epoch: 1/15][Iter: 670/1713][lr: 0.000300/0.000030][loss_conf: 3.86][loss_obj: 1.13][loss_act: 1.40][loss_rel: 5.83][loss_box: 0.29][total: 27.29][time: 77.36s]
[Epoch: 1/15][Iter: 680/1713][lr: 0.000300/0.000030][loss_conf: 3.73][loss_obj: 1.00][loss_act: 1.20][loss_rel: 5.31][loss_box: 0.27][total: 25.20][time: 67.41s]
[Epoch: 1/15][Iter: 690/1713][lr: 0.000300/0.000030][loss_conf: 3.73][loss_obj: 1.00][loss_act: 1.40][loss_rel: 5.72][loss_box: 0.28][total: 26.49][time: 77.04s]

[Context Monitor] Epoch 1, Iter 699
  📦 Obj conf: 0.390 | Person: 0.315 | Relations: 0.066
  🔗 Context contribution: 1.86x | Scale: 1.040 | CoocScale: 0.177
  ⏱️  X3D temporal: recent=0.39/mid=0.32/overall=0.29
  📈 Gradients: SceneCtx=0.2625, ObjCtx=1.3149, ActHead=4.1614
  📊 Losses: act=1.35, obj=1.12, rel=5.63
  👥 Batch: 197/472 person boxes
[Epoch: 1/15][Iter: 700/1713][lr: 0.000300/0.000030][loss_conf: 3.82][loss_obj: 1.01][loss_act: 1.41][loss_rel: 5.59][loss_box: 0.27][total: 26.36][time: 66.95s]
[Attn Stats] [avg_obj_confidence: 0.2964] [avg_act_confidence: 0.1258] [num_person_boxes: 176] [num_total_boxes: 420]
[Epoch: 1/15][Iter: 710/1713][lr: 0.000300/0.000030][loss_conf: 3.77][loss_obj: 1.03][loss_act: 1.37][loss_rel: 5.36][loss_box: 0.29][total: 25.98][time: 77.61s]
[Epoch: 1/15][Iter: 720/1713][lr: 0.000300/0.000030][loss_conf: 3.75][loss_obj: 1.06][loss_act: 1.32][loss_rel: 5.71][loss_box: 0.28][total: 26.45][time: 68.17s]
[Epoch: 1/15][Iter: 730/1713][lr: 0.000300/0.000030][loss_conf: 3.76][loss_obj: 0.95][loss_act: 1.32][loss_rel: 5.87][loss_box: 0.27][total: 26.54][time: 77.29s]
[Epoch: 1/15][Iter: 740/1713][lr: 0.000300/0.000030][loss_conf: 3.89][loss_obj: 0.99][loss_act: 1.29][loss_rel: 5.53][loss_box: 0.29][total: 26.29][time: 66.32s]
[Epoch: 1/15][Iter: 750/1713][lr: 0.000300/0.000030][loss_conf: 3.86][loss_obj: 1.12][loss_act: 1.35][loss_rel: 5.49][loss_box: 0.28][total: 26.46][time: 77.30s]
[Epoch: 1/15][Iter: 760/1713][lr: 0.000300/0.000030][loss_conf: 3.81][loss_obj: 1.06][loss_act: 1.31][loss_rel: 5.56][loss_box: 0.29][total: 26.34][time: 65.47s]
[Epoch: 1/15][Iter: 770/1713][lr: 0.000300/0.000030][loss_conf: 3.83][loss_obj: 1.03][loss_act: 1.29][loss_rel: 5.64][loss_box: 0.30][total: 26.58][time: 80.08s]
[Epoch: 1/15][Iter: 780/1713][lr: 0.000300/0.000030][loss_conf: 3.73][loss_obj: 0.99][loss_act: 1.28][loss_rel: 5.53][loss_box: 0.28][total: 25.85][time: 66.11s]
[Epoch: 1/15][Iter: 790/1713][lr: 0.000300/0.000030][loss_conf: 3.70][loss_obj: 1.00][loss_act: 1.39][loss_rel: 5.58][loss_box: 0.29][total: 26.23][time: 78.92s]

[Context Monitor] Epoch 1, Iter 799
  📦 Obj conf: 0.402 | Person: 0.304 | Relations: 0.057
  🔗 Context contribution: 2.00x | Scale: 1.046 | CoocScale: 0.183
  ⏱️  X3D temporal: recent=0.39/mid=0.32/overall=0.29
  📈 Gradients: SceneCtx=0.4759, ObjCtx=3.7536, ActHead=4.7814
  📊 Losses: act=1.36, obj=1.11, rel=5.78
  👥 Batch: 205/447 person boxes
[Epoch: 1/15][Iter: 800/1713][lr: 0.000300/0.000030][loss_conf: 3.75][loss_obj: 1.15][loss_act: 1.37][loss_rel: 5.83][loss_box: 0.28][total: 27.03][time: 69.51s]
[Attn Stats] [avg_obj_confidence: 0.3103] [avg_act_confidence: 0.1312] [num_person_boxes: 197] [num_total_boxes: 489]
[Epoch: 1/15][Iter: 810/1713][lr: 0.000300/0.000030][loss_conf: 3.84][loss_obj: 1.00][loss_act: 1.32][loss_rel: 5.39][loss_box: 0.28][total: 25.96][time: 78.19s]
[Epoch: 1/15][Iter: 820/1713][lr: 0.000300/0.000030][loss_conf: 3.74][loss_obj: 0.98][loss_act: 1.35][loss_rel: 5.49][loss_box: 0.27][total: 25.81][time: 65.55s]
[Epoch: 1/15][Iter: 830/1713][lr: 0.000300/0.000030][loss_conf: 3.70][loss_obj: 1.00][loss_act: 1.42][loss_rel: 5.47][loss_box: 0.28][total: 25.95][time: 77.49s]
[Epoch: 1/15][Iter: 840/1713][lr: 0.000300/0.000030][loss_conf: 3.67][loss_obj: 1.00][loss_act: 1.33][loss_rel: 5.64][loss_box: 0.28][total: 26.07][time: 65.77s]
[Epoch: 1/15][Iter: 850/1713][lr: 0.000300/0.000030][loss_conf: 3.78][loss_obj: 1.00][loss_act: 1.33][loss_rel: 5.61][loss_box: 0.28][total: 26.22][time: 78.46s]
[Epoch: 1/15][Iter: 860/1713][lr: 0.000300/0.000030][loss_conf: 3.67][loss_obj: 0.93][loss_act: 1.40][loss_rel: 5.46][loss_box: 0.28][total: 25.67][time: 66.84s]
[Epoch: 1/15][Iter: 870/1713][lr: 0.000300/0.000030][loss_conf: 3.69][loss_obj: 1.03][loss_act: 1.25][loss_rel: 5.59][loss_box: 0.28][total: 25.87][time: 77.33s]
[Epoch: 1/15][Iter: 880/1713][lr: 0.000300/0.000030][loss_conf: 3.67][loss_obj: 0.97][loss_act: 1.32][loss_rel: 5.50][loss_box: 0.26][total: 25.53][time: 65.99s]
[Epoch: 1/15][Iter: 890/1713][lr: 0.000300/0.000030][loss_conf: 3.76][loss_obj: 0.94][loss_act: 1.26][loss_rel: 5.50][loss_box: 0.27][total: 25.58][time: 78.44s]

[Context Monitor] Epoch 1, Iter 899
  📦 Obj conf: 0.411 | Person: 0.320 | Relations: 0.060
  🔗 Context contribution: 1.91x | Scale: 1.049 | CoocScale: 0.186
  ⏱️  X3D temporal: recent=0.39/mid=0.32/overall=0.29
  📈 Gradients: SceneCtx=0.0740, ObjCtx=0.7343, ActHead=1.6465
  📊 Losses: act=1.32, obj=0.96, rel=5.82
  👥 Batch: 196/452 person boxes
[Epoch: 1/15][Iter: 900/1713][lr: 0.000300/0.000030][loss_conf: 3.63][loss_obj: 0.96][loss_act: 1.36][loss_rel: 5.58][loss_box: 0.28][total: 25.82][time: 67.36s]
[Attn Stats] [avg_obj_confidence: 0.3239] [avg_act_confidence: 0.1428] [num_person_boxes: 196] [num_total_boxes: 480]
[Epoch: 1/15][Iter: 910/1713][lr: 0.000300/0.000030][loss_conf: 3.72][loss_obj: 1.00][loss_act: 1.37][loss_rel: 5.66][loss_box: 0.26][total: 26.12][time: 77.90s]
[Epoch: 1/15][Iter: 920/1713][lr: 0.000300/0.000030][loss_conf: 3.68][loss_obj: 0.89][loss_act: 1.26][loss_rel: 5.21][loss_box: 0.27][total: 24.76][time: 67.54s]
[Epoch: 1/15][Iter: 930/1713][lr: 0.000300/0.000030][loss_conf: 3.67][loss_obj: 1.00][loss_act: 1.27][loss_rel: 5.52][loss_box: 0.26][total: 25.50][time: 78.56s]
[Epoch: 1/15][Iter: 940/1713][lr: 0.000300/0.000030][loss_conf: 3.65][loss_obj: 0.99][loss_act: 1.24][loss_rel: 5.47][loss_box: 0.27][total: 25.46][time: 66.56s]
[Epoch: 1/15][Iter: 950/1713][lr: 0.000300/0.000030][loss_conf: 3.68][loss_obj: 0.99][loss_act: 1.31][loss_rel: 5.41][loss_box: 0.27][total: 25.49][time: 78.79s]
[Epoch: 1/15][Iter: 960/1713][lr: 0.000300/0.000030][loss_conf: 3.76][loss_obj: 1.01][loss_act: 1.21][loss_rel: 5.22][loss_box: 0.27][total: 25.12][time: 65.52s]
[Epoch: 1/15][Iter: 970/1713][lr: 0.000300/0.000030][loss_conf: 3.74][loss_obj: 0.88][loss_act: 1.18][loss_rel: 5.54][loss_box: 0.28][total: 25.52][time: 77.94s]
[Epoch: 1/15][Iter: 980/1713][lr: 0.000300/0.000030][loss_conf: 3.67][loss_obj: 0.97][loss_act: 1.23][loss_rel: 5.41][loss_box: 0.27][total: 25.29][time: 64.74s]
[Epoch: 1/15][Iter: 990/1713][lr: 0.000300/0.000030][loss_conf: 3.65][loss_obj: 1.00][loss_act: 1.23][loss_rel: 5.43][loss_box: 0.27][total: 25.26][time: 79.64s]

[Context Monitor] Epoch 1, Iter 999
  📦 Obj conf: 0.426 | Person: 0.335 | Relations: 0.071
  🔗 Context contribution: 1.95x | Scale: 1.049 | CoocScale: 0.189
  ⏱️  X3D temporal: recent=0.39/mid=0.32/overall=0.29
  📈 Gradients: SceneCtx=0.1859, ObjCtx=1.4705, ActHead=3.1705
  📊 Losses: act=1.27, obj=0.97, rel=5.24
  👥 Batch: 191/458 person boxes
[Epoch: 1/15][Iter: 1000/1713][lr: 0.000300/0.000030][loss_conf: 3.54][loss_obj: 0.92][loss_act: 1.25][loss_rel: 5.53][loss_box: 0.27][total: 25.18][time: 68.39s]
[Attn Stats] [avg_obj_confidence: 0.3265] [avg_act_confidence: 0.1441] [num_person_boxes: 209] [num_total_boxes: 474]
[Epoch: 1/15][Iter: 1010/1713][lr: 0.000300/0.000030][loss_conf: 3.71][loss_obj: 0.90][loss_act: 1.31][loss_rel: 5.29][loss_box: 0.26][total: 25.04][time: 79.47s]
[Epoch: 1/15][Iter: 1020/1713][lr: 0.000300/0.000030][loss_conf: 3.61][loss_obj: 0.81][loss_act: 1.29][loss_rel: 5.40][loss_box: 0.25][total: 24.75][time: 62.40s]
[Epoch: 1/15][Iter: 1030/1713][lr: 0.000300/0.000030][loss_conf: 3.71][loss_obj: 1.05][loss_act: 1.20][loss_rel: 5.60][loss_box: 0.27][total: 25.86][time: 79.76s]
[Epoch: 1/15][Iter: 1040/1713][lr: 0.000300/0.000030][loss_conf: 3.69][loss_obj: 0.96][loss_act: 1.27][loss_rel: 5.59][loss_box: 0.27][total: 25.74][time: 63.32s]
[Epoch: 1/15][Iter: 1050/1713][lr: 0.000300/0.000030][loss_conf: 3.64][loss_obj: 0.86][loss_act: 1.22][loss_rel: 5.08][loss_box: 0.26][total: 24.23][time: 82.34s]
[Epoch: 1/15][Iter: 1060/1713][lr: 0.000300/0.000030][loss_conf: 3.66][loss_obj: 0.95][loss_act: 1.31][loss_rel: 5.27][loss_box: 0.26][total: 24.94][time: 67.86s]
[Epoch: 1/15][Iter: 1070/1713][lr: 0.000300/0.000030][loss_conf: 3.68][loss_obj: 0.95][loss_act: 1.35][loss_rel: 5.61][loss_box: 0.27][total: 25.84][time: 81.98s]
[Epoch: 1/15][Iter: 1080/1713][lr: 0.000300/0.000030][loss_conf: 3.61][loss_obj: 0.91][loss_act: 1.32][loss_rel: 5.13][loss_box: 0.27][total: 24.58][time: 68.52s]
[Epoch: 1/15][Iter: 1090/1713][lr: 0.000300/0.000030][loss_conf: 3.61][loss_obj: 0.88][loss_act: 1.22][loss_rel: 5.16][loss_box: 0.27][total: 24.47][time: 80.96s]

[Context Monitor] Epoch 1, Iter 1099
  📦 Obj conf: 0.433 | Person: 0.324 | Relations: 0.070
  🔗 Context contribution: 2.04x | Scale: 1.049 | CoocScale: 0.190
  ⏱️  X3D temporal: recent=0.39/mid=0.32/overall=0.29
  📈 Gradients: SceneCtx=0.1669, ObjCtx=1.0495, ActHead=3.0614
  📊 Losses: act=1.21, obj=0.99, rel=5.27
  👥 Batch: 186/447 person boxes
[Epoch: 1/15][Iter: 1100/1713][lr: 0.000300/0.000030][loss_conf: 3.71][loss_obj: 0.92][loss_act: 1.20][loss_rel: 5.24][loss_box: 0.26][total: 24.76][time: 68.16s]
[Attn Stats] [avg_obj_confidence: 0.3405] [avg_act_confidence: 0.1477] [num_person_boxes: 198] [num_total_boxes: 443]
[Epoch: 1/15][Iter: 1110/1713][lr: 0.000300/0.000030][loss_conf: 3.64][loss_obj: 0.92][loss_act: 1.38][loss_rel: 5.19][loss_box: 0.26][total: 24.92][time: 83.31s]
[Epoch: 1/15][Iter: 1120/1713][lr: 0.000300/0.000030][loss_conf: 3.72][loss_obj: 0.99][loss_act: 1.16][loss_rel: 5.32][loss_box: 0.26][total: 24.98][time: 68.33s]
[Epoch: 1/15][Iter: 1130/1713][lr: 0.000300/0.000030][loss_conf: 3.63][loss_obj: 0.86][loss_act: 1.19][loss_rel: 5.58][loss_box: 0.25][total: 25.01][time: 83.51s]
[Epoch: 1/15][Iter: 1140/1713][lr: 0.000300/0.000030][loss_conf: 3.62][loss_obj: 0.86][loss_act: 1.23][loss_rel: 5.45][loss_box: 0.26][total: 24.89][time: 69.71s]
[Epoch: 1/15][Iter: 1150/1713][lr: 0.000300/0.000030][loss_conf: 3.62][loss_obj: 0.94][loss_act: 1.12][loss_rel: 5.20][loss_box: 0.26][total: 24.37][time: 81.62s]
[Epoch: 1/15][Iter: 1160/1713][lr: 0.000300/0.000030][loss_conf: 3.63][loss_obj: 0.84][loss_act: 1.24][loss_rel: 5.21][loss_box: 0.26][total: 24.41][time: 69.47s]
[Epoch: 1/15][Iter: 1170/1713][lr: 0.000300/0.000030][loss_conf: 3.68][loss_obj: 0.89][loss_act: 1.13][loss_rel: 5.26][loss_box: 0.26][total: 24.49][time: 82.32s]
[Epoch: 1/15][Iter: 1180/1713][lr: 0.000300/0.000030][loss_conf: 3.59][loss_obj: 0.83][loss_act: 1.25][loss_rel: 5.07][loss_box: 0.25][total: 23.98][time: 68.22s]
[Epoch: 1/15][Iter: 1190/1713][lr: 0.000300/0.000030][loss_conf: 3.67][loss_obj: 0.95][loss_act: 1.34][loss_rel: 5.40][loss_box: 0.26][total: 25.27][time: 84.03s]

[Context Monitor] Epoch 1, Iter 1199
  📦 Obj conf: 0.443 | Person: 0.329 | Relations: 0.075
  🔗 Context contribution: 1.96x | Scale: 1.050 | CoocScale: 0.191
  ⏱️  X3D temporal: recent=0.39/mid=0.32/overall=0.29
  📈 Gradients: SceneCtx=0.1141, ObjCtx=2.7561, ActHead=2.4805
  📊 Losses: act=1.19, obj=0.86, rel=5.49
  👥 Batch: 187/413 person boxes
[Epoch: 1/15][Iter: 1200/1713][lr: 0.000300/0.000030][loss_conf: 3.62][loss_obj: 0.84][loss_act: 1.25][loss_rel: 5.13][loss_box: 0.26][total: 24.27][time: 69.22s]
[Attn Stats] [avg_obj_confidence: 0.3473] [avg_act_confidence: 0.1512] [num_person_boxes: 202] [num_total_boxes: 431]
[Epoch: 1/15][Iter: 1210/1713][lr: 0.000300/0.000030][loss_conf: 3.67][loss_obj: 0.94][loss_act: 1.24][loss_rel: 5.05][loss_box: 0.26][total: 24.33][time: 82.13s]
[Epoch: 1/15][Iter: 1220/1713][lr: 0.000300/0.000030][loss_conf: 3.53][loss_obj: 0.84][loss_act: 1.12][loss_rel: 5.19][loss_box: 0.24][total: 23.81][time: 70.99s]
[Epoch: 1/15][Iter: 1230/1713][lr: 0.000300/0.000030][loss_conf: 3.57][loss_obj: 0.91][loss_act: 1.25][loss_rel: 5.14][loss_box: 0.26][total: 24.38][time: 80.90s]
[Epoch: 1/15][Iter: 1240/1713][lr: 0.000300/0.000030][loss_conf: 3.56][loss_obj: 0.91][loss_act: 1.25][loss_rel: 5.25][loss_box: 0.26][total: 24.46][time: 79.26s]
[Epoch: 1/15][Iter: 1250/1713][lr: 0.000300/0.000030][loss_conf: 3.52][loss_obj: 0.77][loss_act: 1.24][loss_rel: 5.01][loss_box: 0.26][total: 23.69][time: 79.15s]
[Epoch: 1/15][Iter: 1260/1713][lr: 0.000300/0.000030][loss_conf: 3.57][loss_obj: 0.84][loss_act: 1.16][loss_rel: 5.32][loss_box: 0.25][total: 24.26][time: 71.07s]
[Epoch: 1/15][Iter: 1270/1713][lr: 0.000300/0.000030][loss_conf: 3.65][loss_obj: 0.89][loss_act: 1.22][loss_rel: 5.63][loss_box: 0.26][total: 25.36][time: 81.78s]
[Epoch: 1/15][Iter: 1280/1713][lr: 0.000300/0.000030][loss_conf: 3.66][loss_obj: 0.86][loss_act: 1.27][loss_rel: 5.19][loss_box: 0.26][total: 24.59][time: 70.81s]
[Epoch: 1/15][Iter: 1290/1713][lr: 0.000300/0.000030][loss_conf: 3.67][loss_obj: 0.84][loss_act: 1.21][loss_rel: 5.15][loss_box: 0.26][total: 24.30][time: 80.79s]

[Context Monitor] Epoch 1, Iter 1299
  📦 Obj conf: 0.440 | Person: 0.334 | Relations: 0.078
  🔗 Context contribution: 2.09x | Scale: 1.051 | CoocScale: 0.192
  ⏱️  X3D temporal: recent=0.39/mid=0.32/overall=0.29
  📈 Gradients: SceneCtx=0.1247, ObjCtx=0.4113, ActHead=2.1248
  📊 Losses: act=1.17, obj=0.87, rel=5.08
  👥 Batch: 203/457 person boxes
[Epoch: 1/15][Iter: 1300/1713][lr: 0.000300/0.000030][loss_conf: 3.62][loss_obj: 0.91][loss_act: 1.28][loss_rel: 5.02][loss_box: 0.25][total: 24.13][time: 72.47s]
[Attn Stats] [avg_obj_confidence: 0.3478] [avg_act_confidence: 0.1531] [num_person_boxes: 190] [num_total_boxes: 428]
[Epoch: 1/15][Iter: 1310/1713][lr: 0.000300/0.000030][loss_conf: 3.54][loss_obj: 0.90][loss_act: 1.25][loss_rel: 5.11][loss_box: 0.26][total: 24.17][time: 78.68s]
[Epoch: 1/15][Iter: 1320/1713][lr: 0.000300/0.000030][loss_conf: 3.64][loss_obj: 0.85][loss_act: 1.19][loss_rel: 5.48][loss_box: 0.26][total: 24.96][time: 72.49s]
[Epoch: 1/15][Iter: 1330/1713][lr: 0.000300/0.000030][loss_conf: 3.63][loss_obj: 0.91][loss_act: 1.14][loss_rel: 5.28][loss_box: 0.26][total: 24.53][time: 79.68s]
[Epoch: 1/15][Iter: 1340/1713][lr: 0.000300/0.000030][loss_conf: 3.57][loss_obj: 0.84][loss_act: 1.27][loss_rel: 5.08][loss_box: 0.25][total: 24.04][time: 73.18s]
[Epoch: 1/15][Iter: 1350/1713][lr: 0.000300/0.000030][loss_conf: 3.57][loss_obj: 0.81][loss_act: 1.21][loss_rel: 5.27][loss_box: 0.25][total: 24.26][time: 81.15s]
[Epoch: 1/15][Iter: 1360/1713][lr: 0.000300/0.000030][loss_conf: 3.60][loss_obj: 0.97][loss_act: 1.24][loss_rel: 5.46][loss_box: 0.26][total: 25.13][time: 69.03s]
[Epoch: 1/15][Iter: 1370/1713][lr: 0.000300/0.000030][loss_conf: 3.63][loss_obj: 0.87][loss_act: 1.17][loss_rel: 5.07][loss_box: 0.25][total: 24.00][time: 78.70s]
[Epoch: 1/15][Iter: 1380/1713][lr: 0.000300/0.000030][loss_conf: 3.55][loss_obj: 0.86][loss_act: 1.29][loss_rel: 4.93][loss_box: 0.24][total: 23.67][time: 70.93s]
[Epoch: 1/15][Iter: 1390/1713][lr: 0.000300/0.000030][loss_conf: 3.49][loss_obj: 0.87][loss_act: 1.12][loss_rel: 5.18][loss_box: 0.25][total: 23.78][time: 80.06s]

[Context Monitor] Epoch 1, Iter 1399
  📦 Obj conf: 0.471 | Person: 0.363 | Relations: 0.071
  🔗 Context contribution: 2.00x | Scale: 1.052 | CoocScale: 0.194
  ⏱️  X3D temporal: recent=0.39/mid=0.32/overall=0.29
  📈 Gradients: SceneCtx=0.1637, ObjCtx=0.6304, ActHead=3.0340
  📊 Losses: act=1.13, obj=0.75, rel=5.08
  👥 Batch: 204/437 person boxes
[Epoch: 1/15][Iter: 1400/1713][lr: 0.000300/0.000030][loss_conf: 3.60][loss_obj: 0.78][loss_act: 1.21][loss_rel: 5.22][loss_box: 0.26][total: 24.20][time: 71.69s]
[Attn Stats] [avg_obj_confidence: 0.3483] [avg_act_confidence: 0.1548] [num_person_boxes: 188] [num_total_boxes: 447]
[Epoch: 1/15][Iter: 1410/1713][lr: 0.000300/0.000030][loss_conf: 3.68][loss_obj: 0.93][loss_act: 1.21][loss_rel: 5.14][loss_box: 0.25][total: 24.43][time: 80.62s]
[Epoch: 1/15][Iter: 1420/1713][lr: 0.000300/0.000030][loss_conf: 3.52][loss_obj: 0.91][loss_act: 1.17][loss_rel: 5.12][loss_box: 0.26][total: 24.09][time: 71.00s]
[Epoch: 1/15][Iter: 1430/1713][lr: 0.000300/0.000030][loss_conf: 3.55][loss_obj: 0.83][loss_act: 1.24][loss_rel: 5.04][loss_box: 0.24][total: 23.73][time: 81.00s]
[Epoch: 1/15][Iter: 1440/1713][lr: 0.000300/0.000030][loss_conf: 3.61][loss_obj: 0.88][loss_act: 1.37][loss_rel: 5.28][loss_box: 0.26][total: 24.85][time: 70.89s]
[Epoch: 1/15][Iter: 1450/1713][lr: 0.000300/0.000030][loss_conf: 3.58][loss_obj: 0.85][loss_act: 1.13][loss_rel: 5.18][loss_box: 0.26][total: 24.13][time: 77.31s]
[Epoch: 1/15][Iter: 1460/1713][lr: 0.000300/0.000030][loss_conf: 3.50][loss_obj: 0.86][loss_act: 1.19][loss_rel: 5.16][loss_box: 0.26][total: 24.01][time: 68.51s]
[Epoch: 1/15][Iter: 1470/1713][lr: 0.000300/0.000030][loss_conf: 3.50][loss_obj: 0.85][loss_act: 1.20][loss_rel: 5.03][loss_box: 0.25][total: 23.68][time: 76.24s]
[Epoch: 1/15][Iter: 1480/1713][lr: 0.000300/0.000030][loss_conf: 3.61][loss_obj: 0.87][loss_act: 1.27][loss_rel: 4.93][loss_box: 0.25][total: 23.86][time: 69.35s]
[Epoch: 1/15][Iter: 1490/1713][lr: 0.000300/0.000030][loss_conf: 3.59][loss_obj: 0.90][loss_act: 1.14][loss_rel: 4.88][loss_box: 0.25][total: 23.56][time: 75.38s]

[Context Monitor] Epoch 1, Iter 1499
  📦 Obj conf: 0.446 | Person: 0.333 | Relations: 0.076
  🔗 Context contribution: 2.02x | Scale: 1.053 | CoocScale: 0.195
  ⏱️  X3D temporal: recent=0.39/mid=0.32/overall=0.29
  📈 Gradients: SceneCtx=0.1627, ObjCtx=1.3810, ActHead=2.8058
  📊 Losses: act=1.23, obj=0.76, rel=5.06
  👥 Batch: 193/462 person boxes
[Epoch: 1/15][Iter: 1500/1713][lr: 0.000300/0.000030][loss_conf: 3.46][loss_obj: 0.80][loss_act: 1.18][loss_rel: 5.07][loss_box: 0.24][total: 23.46][time: 69.40s]
[Attn Stats] [avg_obj_confidence: 0.3590] [avg_act_confidence: 0.1575] [num_person_boxes: 205] [num_total_boxes: 474]
[Epoch: 1/15][Iter: 1510/1713][lr: 0.000300/0.000030][loss_conf: 3.56][loss_obj: 0.84][loss_act: 1.29][loss_rel: 5.20][loss_box: 0.26][total: 24.35][time: 74.01s]
[Epoch: 1/15][Iter: 1520/1713][lr: 0.000300/0.000030][loss_conf: 3.55][loss_obj: 0.81][loss_act: 1.17][loss_rel: 5.24][loss_box: 0.25][total: 24.05][time: 69.82s]
[Epoch: 1/15][Iter: 1530/1713][lr: 0.000300/0.000030][loss_conf: 3.41][loss_obj: 0.78][loss_act: 1.29][loss_rel: 4.93][loss_box: 0.25][total: 23.28][time: 74.06s]
[Epoch: 1/15][Iter: 1540/1713][lr: 0.000300/0.000030][loss_conf: 3.59][loss_obj: 0.81][loss_act: 1.08][loss_rel: 5.02][loss_box: 0.26][total: 23.57][time: 77.43s]
[Epoch: 1/15][Iter: 1550/1713][lr: 0.000300/0.000030][loss_conf: 3.60][loss_obj: 0.85][loss_act: 1.18][loss_rel: 4.98][loss_box: 0.25][total: 23.76][time: 72.65s]
[Epoch: 1/15][Iter: 1560/1713][lr: 0.000300/0.000030][loss_conf: 3.53][loss_obj: 0.82][loss_act: 1.15][loss_rel: 4.86][loss_box: 0.25][total: 23.15][time: 69.42s]
[Epoch: 1/15][Iter: 1570/1713][lr: 0.000300/0.000030][loss_conf: 3.48][loss_obj: 0.76][loss_act: 1.22][loss_rel: 5.00][loss_box: 0.24][total: 23.32][time: 73.57s]
[Epoch: 1/15][Iter: 1580/1713][lr: 0.000300/0.000030][loss_conf: 3.58][loss_obj: 0.80][loss_act: 1.17][loss_rel: 4.93][loss_box: 0.24][total: 23.42][time: 69.24s]
[Epoch: 1/15][Iter: 1590/1713][lr: 0.000300/0.000030][loss_conf: 3.54][loss_obj: 0.87][loss_act: 1.26][loss_rel: 5.01][loss_box: 0.25][total: 23.84][time: 72.46s]

[Context Monitor] Epoch 1, Iter 1599
  📦 Obj conf: 0.461 | Person: 0.332 | Relations: 0.069
  🔗 Context contribution: 2.02x | Scale: 1.054 | CoocScale: 0.195
  ⏱️  X3D temporal: recent=0.39/mid=0.32/overall=0.29
  📈 Gradients: SceneCtx=0.1211, ObjCtx=0.5020, ActHead=2.2109
  📊 Losses: act=1.15, obj=0.83, rel=5.08
  👥 Batch: 204/429 person boxes
[Epoch: 1/15][Iter: 1600/1713][lr: 0.000300/0.000030][loss_conf: 3.48][loss_obj: 0.77][loss_act: 1.14][loss_rel: 4.87][loss_box: 0.26][total: 23.09][time: 71.52s]
[Attn Stats] [avg_obj_confidence: 0.3650] [avg_act_confidence: 0.1558] [num_person_boxes: 201] [num_total_boxes: 458]
[Epoch: 1/15][Iter: 1610/1713][lr: 0.000300/0.000030][loss_conf: 3.49][loss_obj: 0.82][loss_act: 1.14][loss_rel: 5.05][loss_box: 0.25][total: 23.52][time: 72.44s]
[Epoch: 1/15][Iter: 1620/1713][lr: 0.000300/0.000030][loss_conf: 3.53][loss_obj: 0.80][loss_act: 1.25][loss_rel: 5.16][loss_box: 0.24][total: 23.88][time: 73.23s]
[Epoch: 1/15][Iter: 1630/1713][lr: 0.000300/0.000030][loss_conf: 3.47][loss_obj: 0.85][loss_act: 1.16][loss_rel: 4.84][loss_box: 0.24][total: 23.02][time: 72.00s]
[Epoch: 1/15][Iter: 1640/1713][lr: 0.000300/0.000030][loss_conf: 3.51][loss_obj: 0.89][loss_act: 1.14][loss_rel: 4.93][loss_box: 0.25][total: 23.42][time: 74.13s]
[Epoch: 1/15][Iter: 1650/1713][lr: 0.000300/0.000030][loss_conf: 3.55][loss_obj: 0.83][loss_act: 1.22][loss_rel: 4.95][loss_box: 0.24][total: 23.51][time: 71.10s]
[Epoch: 1/15][Iter: 1660/1713][lr: 0.000300/0.000030][loss_conf: 3.49][loss_obj: 0.81][loss_act: 1.08][loss_rel: 5.02][loss_box: 0.25][total: 23.26][time: 73.17s]
[Epoch: 1/15][Iter: 1670/1713][lr: 0.000300/0.000030][loss_conf: 3.62][loss_obj: 0.83][loss_act: 1.20][loss_rel: 5.07][loss_box: 0.24][total: 23.89][time: 72.97s]
[Epoch: 1/15][Iter: 1680/1713][lr: 0.000300/0.000030][loss_conf: 3.49][loss_obj: 0.79][loss_act: 1.17][loss_rel: 4.92][loss_box: 0.25][total: 23.24][time: 72.97s]
[Epoch: 1/15][Iter: 1690/1713][lr: 0.000300/0.000030][loss_conf: 3.56][loss_obj: 0.80][loss_act: 1.25][loss_rel: 4.80][loss_box: 0.26][total: 23.38][time: 72.85s]

[Context Monitor] Epoch 1, Iter 1699
  📦 Obj conf: 0.453 | Person: 0.319 | Relations: 0.074
  🔗 Context contribution: 2.06x | Scale: 1.055 | CoocScale: 0.197
  ⏱️  X3D temporal: recent=0.39/mid=0.32/overall=0.29
  📈 Gradients: SceneCtx=0.1173, ObjCtx=1.0635, ActHead=2.4824
  📊 Losses: act=1.16, obj=0.77, rel=5.24
  👥 Batch: 207/491 person boxes
[Epoch: 1/15][Iter: 1700/1713][lr: 0.000300/0.000030][loss_conf: 3.59][loss_obj: 0.79][loss_act: 1.18][loss_rel: 4.97][loss_box: 0.25][total: 23.61][time: 75.53s]
[Attn Stats] [avg_obj_confidence: 0.3653] [avg_act_confidence: 0.1606] [num_person_boxes: 208] [num_total_boxes: 450]
[Epoch: 1/15][Iter: 1710/1713][lr: 0.000300/0.000030][loss_conf: 3.57][loss_obj: 0.78][loss_act: 1.19][loss_rel: 5.01][loss_box: 0.24][total: 23.51][time: 67.50s]

======================================================================
📊 EPOCH 1/15 COMPLETED
   ⏱️  Epoch time: 215.0 min | ETA: 50.2 hours
   📈 Learning Rate: 0.000300
   🖥️  GPU Memory: 75.6/79.3 GB (95%)
   🎯 Remaining: 14 epochs
======================================================================


[Attention Summary - Epoch 1]
  avg_obj_confidence: mean=0.2716, std=0.1019
  avg_act_confidence: mean=0.1221, std=0.0369
  num_person_boxes: mean=196.3889, std=9.9785
  num_total_boxes: mean=454.2778, std=22.6882


[Detailed Attention Analysis - Epoch 1, Iter 1712]
  Attention entropy (normalized): 1.0000
    (0 = focused on single position, 1 = uniform)
  Nearby vs Far ratio: 1.0000
    (>1 means attending more to nearby positions)
  Uniform attention %: 100.0%
    (Should DECREASE during training)


======================================================================
📊 EPOCH 1 CONTEXT LEARNING SUMMARY
======================================================================
  Object Confidence: 0.3579 (✅ good)
  Context Contribution: 1.98x (✅ active)
  Scene Context Gradient: 0.237778 (✅ flowing)
  Object Context Gradient: 1.295218 (✅ flowing)
  Action Loss: 2.99 → 1.19 (✅ improving)
======================================================================

[Epoch: 2/15][Iter: 0/1713][lr: 0.000300/0.000030][loss_conf: 3.45][loss_obj: 0.83][loss_act: 1.08][loss_rel: 5.00][loss_box: 0.25][total: 23.21][time: 52.67s]
[Attn Stats] [avg_obj_confidence: 0.3706] [avg_act_confidence: 0.1624] [num_person_boxes: 203] [num_total_boxes: 487]
[Epoch: 2/15][Iter: 10/1713][lr: 0.000300/0.000030][loss_conf: 3.47][loss_obj: 0.83][loss_act: 1.27][loss_rel: 4.93][loss_box: 0.24][total: 23.40][time: 58.88s]
[Epoch: 2/15][Iter: 20/1713][lr: 0.000300/0.000030][loss_conf: 3.40][loss_obj: 0.77][loss_act: 1.21][loss_rel: 4.92][loss_box: 0.25][total: 23.07][time: 77.49s]
[Epoch: 2/15][Iter: 30/1713][lr: 0.000300/0.000030][loss_conf: 3.56][loss_obj: 0.73][loss_act: 1.09][loss_rel: 4.93][loss_box: 0.25][total: 23.08][time: 61.22s]
[Epoch: 2/15][Iter: 40/1713][lr: 0.000300/0.000030][loss_conf: 3.47][loss_obj: 0.73][loss_act: 1.20][loss_rel: 4.92][loss_box: 0.25][total: 23.14][time: 76.20s]
[Epoch: 2/15][Iter: 50/1713][lr: 0.000300/0.000030][loss_conf: 3.50][loss_obj: 0.74][loss_act: 1.13][loss_rel: 4.95][loss_box: 0.24][total: 23.07][time: 60.80s]
[Epoch: 2/15][Iter: 60/1713][lr: 0.000300/0.000030][loss_conf: 3.49][loss_obj: 0.80][loss_act: 1.26][loss_rel: 4.86][loss_box: 0.23][total: 23.16][time: 77.79s]
[Epoch: 2/15][Iter: 70/1713][lr: 0.000300/0.000030][loss_conf: 3.50][loss_obj: 0.86][loss_act: 1.28][loss_rel: 5.01][loss_box: 0.25][total: 23.74][time: 61.00s]
[Epoch: 2/15][Iter: 80/1713][lr: 0.000300/0.000030][loss_conf: 3.44][loss_obj: 0.73][loss_act: 1.18][loss_rel: 4.75][loss_box: 0.24][total: 22.56][time: 75.71s]

[Context Monitor] Epoch 2, Iter 86
  📦 Obj conf: 0.479 | Person: 0.349 | Relations: 0.075
  🔗 Context contribution: 2.11x | Scale: 1.056 | CoocScale: 0.197
  ⏱️  X3D temporal: recent=0.39/mid=0.32/overall=0.29
  📈 Gradients: SceneCtx=0.1162, ObjCtx=0.3025, ActHead=1.9675
  📊 Losses: act=1.22, obj=0.75, rel=4.70
  👥 Batch: 195/466 person boxes
[Epoch: 2/15][Iter: 90/1713][lr: 0.000300/0.000030][loss_conf: 3.51][loss_obj: 0.78][loss_act: 1.10][loss_rel: 4.60][loss_box: 0.25][total: 22.52][time: 60.30s]
[Epoch: 2/15][Iter: 100/1713][lr: 0.000300/0.000030][loss_conf: 3.50][loss_obj: 0.72][loss_act: 1.09][loss_rel: 4.76][loss_box: 0.24][total: 22.53][time: 78.71s]
[Attn Stats] [avg_obj_confidence: 0.3718] [avg_act_confidence: 0.1624] [num_person_boxes: 199] [num_total_boxes: 439]
[Epoch: 2/15][Iter: 110/1713][lr: 0.000300/0.000030][loss_conf: 3.49][loss_obj: 0.79][loss_act: 1.15][loss_rel: 4.96][loss_box: 0.24][total: 23.15][time: 64.46s]
[Epoch: 2/15][Iter: 120/1713][lr: 0.000300/0.000030][loss_conf: 3.58][loss_obj: 0.80][loss_act: 1.25][loss_rel: 4.96][loss_box: 0.25][total: 23.64][time: 81.36s]
[Epoch: 2/15][Iter: 130/1713][lr: 0.000300/0.000030][loss_conf: 3.58][loss_obj: 0.79][loss_act: 1.20][loss_rel: 4.75][loss_box: 0.25][total: 23.18][time: 64.10s]
[Epoch: 2/15][Iter: 140/1713][lr: 0.000300/0.000030][loss_conf: 3.50][loss_obj: 0.86][loss_act: 1.15][loss_rel: 5.16][loss_box: 0.25][total: 23.87][time: 80.77s]
[Epoch: 2/15][Iter: 150/1713][lr: 0.000300/0.000030][loss_conf: 3.44][loss_obj: 0.69][loss_act: 1.11][loss_rel: 5.00][loss_box: 0.23][total: 22.82][time: 64.64s]
[Epoch: 2/15][Iter: 160/1713][lr: 0.000300/0.000030][loss_conf: 3.53][loss_obj: 0.87][loss_act: 1.17][loss_rel: 5.01][loss_box: 0.25][total: 23.62][time: 81.24s]
[Epoch: 2/15][Iter: 170/1713][lr: 0.000300/0.000030][loss_conf: 3.49][loss_obj: 0.79][loss_act: 1.19][loss_rel: 4.98][loss_box: 0.24][total: 23.29][time: 64.97s]
[Epoch: 2/15][Iter: 180/1713][lr: 0.000300/0.000030][loss_conf: 3.56][loss_obj: 0.89][loss_act: 1.18][loss_rel: 5.02][loss_box: 0.25][total: 23.82][time: 80.92s]

[Context Monitor] Epoch 2, Iter 186
  📦 Obj conf: 0.498 | Person: 0.365 | Relations: 0.083
  🔗 Context contribution: 2.03x | Scale: 1.055 | CoocScale: 0.198
  ⏱️  X3D temporal: recent=0.39/mid=0.32/overall=0.29
  📈 Gradients: SceneCtx=0.2290, ObjCtx=2.5344, ActHead=3.4661
  📊 Losses: act=1.14, obj=0.79, rel=4.87
  👥 Batch: 200/446 person boxes
[Epoch: 2/15][Iter: 190/1713][lr: 0.000300/0.000030][loss_conf: 3.46][loss_obj: 0.82][loss_act: 1.28][loss_rel: 4.88][loss_box: 0.24][total: 23.27][time: 64.68s]
[Epoch: 2/15][Iter: 200/1713][lr: 0.000300/0.000030][loss_conf: 3.50][loss_obj: 0.79][loss_act: 1.24][loss_rel: 5.35][loss_box: 0.24][total: 24.14][time: 83.65s]
[Attn Stats] [avg_obj_confidence: 0.3820] [avg_act_confidence: 0.1640] [num_person_boxes: 192] [num_total_boxes: 455]
[Epoch: 2/15][Iter: 210/1713][lr: 0.000300/0.000030][loss_conf: 3.48][loss_obj: 0.70][loss_act: 1.20][loss_rel: 5.06][loss_box: 0.24][total: 23.32][time: 74.00s]
[Epoch: 2/15][Iter: 220/1713][lr: 0.000300/0.000030][loss_conf: 3.56][loss_obj: 0.77][loss_act: 1.16][loss_rel: 4.96][loss_box: 0.24][total: 23.28][time: 82.37s]
[Epoch: 2/15][Iter: 230/1713][lr: 0.000300/0.000030][loss_conf: 3.49][loss_obj: 0.79][loss_act: 1.08][loss_rel: 4.83][loss_box: 0.24][total: 22.81][time: 65.93s]
[Epoch: 2/15][Iter: 240/1713][lr: 0.000300/0.000030][loss_conf: 3.51][loss_obj: 0.80][loss_act: 1.21][loss_rel: 4.71][loss_box: 0.25][total: 22.97][time: 80.52s]
[Epoch: 2/15][Iter: 250/1713][lr: 0.000300/0.000030][loss_conf: 3.52][loss_obj: 0.71][loss_act: 1.14][loss_rel: 4.88][loss_box: 0.24][total: 22.93][time: 63.73s]
[Epoch: 2/15][Iter: 260/1713][lr: 0.000300/0.000030][loss_conf: 3.41][loss_obj: 0.78][loss_act: 1.13][loss_rel: 4.90][loss_box: 0.24][total: 22.81][time: 84.02s]
[Epoch: 2/15][Iter: 270/1713][lr: 0.000300/0.000030][loss_conf: 3.46][loss_obj: 0.76][loss_act: 1.21][loss_rel: 5.06][loss_box: 0.24][total: 23.35][time: 66.27s]
[Epoch: 2/15][Iter: 280/1713][lr: 0.000300/0.000030][loss_conf: 3.52][loss_obj: 0.76][loss_act: 1.20][loss_rel: 4.84][loss_box: 0.24][total: 22.98][time: 81.10s]

[Context Monitor] Epoch 2, Iter 286
  📦 Obj conf: 0.512 | Person: 0.353 | Relations: 0.082
  🔗 Context contribution: 2.04x | Scale: 1.056 | CoocScale: 0.199
  ⏱️  X3D temporal: recent=0.39/mid=0.32/overall=0.29
  📈 Gradients: SceneCtx=0.0900, ObjCtx=0.4403, ActHead=1.7981
  📊 Losses: act=1.14, obj=0.66, rel=4.97
  👥 Batch: 207/464 person boxes
[Epoch: 2/15][Iter: 290/1713][lr: 0.000300/0.000030][loss_conf: 3.49][loss_obj: 0.78][loss_act: 1.11][loss_rel: 5.10][loss_box: 0.24][total: 23.32][time: 65.58s]
[Epoch: 2/15][Iter: 300/1713][lr: 0.000300/0.000030][loss_conf: 3.40][loss_obj: 0.80][loss_act: 1.17][loss_rel: 5.08][loss_box: 0.24][total: 23.28][time: 83.00s]
[Attn Stats] [avg_obj_confidence: 0.3792] [avg_act_confidence: 0.1672] [num_person_boxes: 209] [num_total_boxes: 468]
[Epoch: 2/15][Iter: 310/1713][lr: 0.000300/0.000030][loss_conf: 3.49][loss_obj: 0.75][loss_act: 1.16][loss_rel: 4.93][loss_box: 0.24][total: 23.05][time: 65.78s]
[Epoch: 2/15][Iter: 320/1713][lr: 0.000300/0.000030][loss_conf: 3.45][loss_obj: 0.63][loss_act: 1.13][loss_rel: 4.67][loss_box: 0.23][total: 22.09][time: 82.55s]
[Epoch: 2/15][Iter: 330/1713][lr: 0.000300/0.000030][loss_conf: 3.56][loss_obj: 0.76][loss_act: 1.17][loss_rel: 4.98][loss_box: 0.24][total: 23.37][time: 65.47s]
[Epoch: 2/15][Iter: 340/1713][lr: 0.000300/0.000030][loss_conf: 3.51][loss_obj: 0.79][loss_act: 1.08][loss_rel: 4.91][loss_box: 0.25][total: 23.06][time: 82.57s]
[Epoch: 2/15][Iter: 350/1713][lr: 0.000300/0.000030][loss_conf: 3.42][loss_obj: 0.77][loss_act: 1.17][loss_rel: 4.89][loss_box: 0.23][total: 22.86][time: 65.59s]
[Epoch: 2/15][Iter: 360/1713][lr: 0.000300/0.000030][loss_conf: 3.39][loss_obj: 0.68][loss_act: 1.08][loss_rel: 4.82][loss_box: 0.23][total: 22.27][time: 78.81s]
[Epoch: 2/15][Iter: 370/1713][lr: 0.000300/0.000030][loss_conf: 3.48][loss_obj: 0.80][loss_act: 1.24][loss_rel: 4.97][loss_box: 0.25][total: 23.47][time: 67.40s]
[Epoch: 2/15][Iter: 380/1713][lr: 0.000300/0.000030][loss_conf: 3.47][loss_obj: 0.75][loss_act: 1.21][loss_rel: 4.99][loss_box: 0.24][total: 23.20][time: 79.01s]

[Context Monitor] Epoch 2, Iter 386
  📦 Obj conf: 0.528 | Person: 0.357 | Relations: 0.079
  🔗 Context contribution: 2.05x | Scale: 1.057 | CoocScale: 0.199
  ⏱️  X3D temporal: recent=0.39/mid=0.32/overall=0.29
  📈 Gradients: SceneCtx=0.0960, ObjCtx=0.2917, ActHead=2.2884
  📊 Losses: act=1.22, obj=0.83, rel=4.97
  👥 Batch: 196/456 person boxes
[Epoch: 2/15][Iter: 390/1713][lr: 0.000300/0.000030][loss_conf: 3.57][loss_obj: 0.77][loss_act: 1.09][loss_rel: 5.07][loss_box: 0.23][total: 23.33][time: 68.25s]
[Epoch: 2/15][Iter: 400/1713][lr: 0.000300/0.000030][loss_conf: 3.42][loss_obj: 0.80][loss_act: 1.16][loss_rel: 4.91][loss_box: 0.24][total: 22.97][time: 79.48s]
[Attn Stats] [avg_obj_confidence: 0.3922] [avg_act_confidence: 0.1667] [num_person_boxes: 194] [num_total_boxes: 481]
[Epoch: 2/15][Iter: 410/1713][lr: 0.000300/0.000030][loss_conf: 3.43][loss_obj: 0.81][loss_act: 1.18][loss_rel: 4.99][loss_box: 0.24][total: 23.25][time: 70.20s]
[Epoch: 2/15][Iter: 420/1713][lr: 0.000300/0.000030][loss_conf: 3.45][loss_obj: 0.79][loss_act: 1.08][loss_rel: 4.88][loss_box: 0.24][total: 22.78][time: 77.08s]
[Epoch: 2/15][Iter: 430/1713][lr: 0.000300/0.000030][loss_conf: 3.44][loss_obj: 0.70][loss_act: 1.05][loss_rel: 4.73][loss_box: 0.25][total: 22.30][time: 70.86s]
[Epoch: 2/15][Iter: 440/1713][lr: 0.000300/0.000030][loss_conf: 3.50][loss_obj: 0.75][loss_act: 1.08][loss_rel: 4.98][loss_box: 0.24][total: 23.04][time: 77.49s]
[Epoch: 2/15][Iter: 450/1713][lr: 0.000300/0.000030][loss_conf: 3.47][loss_obj: 0.81][loss_act: 1.21][loss_rel: 4.99][loss_box: 0.24][total: 23.33][time: 71.73s]
[Epoch: 2/15][Iter: 460/1713][lr: 0.000300/0.000030][loss_conf: 3.39][loss_obj: 0.76][loss_act: 1.17][loss_rel: 4.90][loss_box: 0.24][total: 22.82][time: 77.30s]
[Epoch: 2/15][Iter: 470/1713][lr: 0.000300/0.000030][loss_conf: 3.48][loss_obj: 0.73][loss_act: 1.22][loss_rel: 5.06][loss_box: 0.23][total: 23.31][time: 71.56s]
[Epoch: 2/15][Iter: 480/1713][lr: 0.000300/0.000030][loss_conf: 3.42][loss_obj: 0.76][loss_act: 1.20][loss_rel: 4.91][loss_box: 0.23][total: 22.88][time: 77.20s]

[Context Monitor] Epoch 2, Iter 486
  📦 Obj conf: 0.514 | Person: 0.345 | Relations: 0.070
  🔗 Context contribution: 2.04x | Scale: 1.056 | CoocScale: 0.200
  ⏱️  X3D temporal: recent=0.39/mid=0.32/overall=0.29
  📈 Gradients: SceneCtx=0.1481, ObjCtx=0.3837, ActHead=2.5076
  📊 Losses: act=1.10, obj=0.74, rel=5.12
  👥 Batch: 192/442 person boxes
[Epoch: 2/15][Iter: 490/1713][lr: 0.000300/0.000030][loss_conf: 3.41][loss_obj: 0.76][loss_act: 1.15][loss_rel: 4.85][loss_box: 0.24][total: 22.76][time: 71.25s]
[Epoch: 2/15][Iter: 500/1713][lr: 0.000300/0.000030][loss_conf: 3.46][loss_obj: 0.80][loss_act: 1.19][loss_rel: 4.81][loss_box: 0.25][total: 22.97][time: 78.63s]
[Attn Stats] [avg_obj_confidence: 0.3866] [avg_act_confidence: 0.1672] [num_person_boxes: 189] [num_total_boxes: 440]
[Epoch: 2/15][Iter: 510/1713][lr: 0.000300/0.000030][loss_conf: 3.54][loss_obj: 0.76][loss_act: 1.11][loss_rel: 4.99][loss_box: 0.25][total: 23.28][time: 70.76s]
[Epoch: 2/15][Iter: 520/1713][lr: 0.000300/0.000030][loss_conf: 3.37][loss_obj: 0.71][loss_act: 1.09][loss_rel: 4.69][loss_box: 0.24][total: 22.07][time: 75.61s]
[Epoch: 2/15][Iter: 530/1713][lr: 0.000300/0.000030][loss_conf: 3.44][loss_obj: 0.74][loss_act: 1.12][loss_rel: 4.76][loss_box: 0.24][total: 22.53][time: 69.71s]
[Epoch: 2/15][Iter: 540/1713][lr: 0.000300/0.000030][loss_conf: 3.37][loss_obj: 0.65][loss_act: 1.13][loss_rel: 4.74][loss_box: 0.23][total: 22.10][time: 74.42s]
[Epoch: 2/15][Iter: 550/1713][lr: 0.000300/0.000030][loss_conf: 3.37][loss_obj: 0.81][loss_act: 1.19][loss_rel: 4.88][loss_box: 0.24][total: 22.86][time: 70.42s]
[Epoch: 2/15][Iter: 560/1713][lr: 0.000300/0.000030][loss_conf: 3.42][loss_obj: 0.77][loss_act: 1.17][loss_rel: 4.75][loss_box: 0.24][total: 22.62][time: 73.82s]
[Epoch: 2/15][Iter: 570/1713][lr: 0.000300/0.000030][loss_conf: 3.35][loss_obj: 0.67][loss_act: 1.17][loss_rel: 4.75][loss_box: 0.24][total: 22.29][time: 72.57s]
[Epoch: 2/15][Iter: 580/1713][lr: 0.000300/0.000030][loss_conf: 3.38][loss_obj: 0.77][loss_act: 1.15][loss_rel: 4.73][loss_box: 0.23][total: 22.39][time: 70.46s]

[Context Monitor] Epoch 2, Iter 586
  📦 Obj conf: 0.533 | Person: 0.343 | Relations: 0.076
  🔗 Context contribution: 2.09x | Scale: 1.056 | CoocScale: 0.201
  ⏱️  X3D temporal: recent=0.39/mid=0.32/overall=0.29
  📈 Gradients: SceneCtx=0.1414, ObjCtx=0.7082, ActHead=2.1244
  📊 Losses: act=1.11, obj=0.71, rel=5.01
  👥 Batch: 198/433 person boxes
[Epoch: 2/15][Iter: 590/1713][lr: 0.000300/0.000030][loss_conf: 3.47][loss_obj: 0.73][loss_act: 1.15][loss_rel: 4.64][loss_box: 0.24][total: 22.35][time: 72.53s]
[Epoch: 2/15][Iter: 600/1713][lr: 0.000300/0.000030][loss_conf: 3.44][loss_obj: 0.68][loss_act: 1.08][loss_rel: 4.88][loss_box: 0.24][total: 22.50][time: 70.07s]
[Attn Stats] [avg_obj_confidence: 0.3856] [avg_act_confidence: 0.1719] [num_person_boxes: 214] [num_total_boxes: 474]
[Epoch: 2/15][Iter: 610/1713][lr: 0.000300/0.000030][loss_conf: 3.43][loss_obj: 0.72][loss_act: 1.12][loss_rel: 4.81][loss_box: 0.23][total: 22.49][time: 72.95s]
[Epoch: 2/15][Iter: 620/1713][lr: 0.000300/0.000030][loss_conf: 3.48][loss_obj: 0.85][loss_act: 1.24][loss_rel: 4.84][loss_box: 0.24][total: 23.25][time: 68.27s]
[Epoch: 2/15][Iter: 630/1713][lr: 0.000300/0.000030][loss_conf: 3.47][loss_obj: 0.69][loss_act: 1.16][loss_rel: 4.55][loss_box: 0.24][total: 22.10][time: 76.54s]
[Epoch: 2/15][Iter: 640/1713][lr: 0.000300/0.000030][loss_conf: 3.31][loss_obj: 0.76][loss_act: 1.17][loss_rel: 4.88][loss_box: 0.24][total: 22.64][time: 66.19s]
[Epoch: 2/15][Iter: 650/1713][lr: 0.000300/0.000030][loss_conf: 3.48][loss_obj: 0.79][loss_act: 1.11][loss_rel: 4.93][loss_box: 0.24][total: 23.02][time: 77.93s]
[Epoch: 2/15][Iter: 660/1713][lr: 0.000300/0.000030][loss_conf: 3.54][loss_obj: 0.76][loss_act: 1.12][loss_rel: 4.67][loss_box: 0.24][total: 22.60][time: 65.92s]
[Epoch: 2/15][Iter: 670/1713][lr: 0.000300/0.000030][loss_conf: 3.46][loss_obj: 0.68][loss_act: 1.10][loss_rel: 4.73][loss_box: 0.25][total: 22.39][time: 79.18s]
[Epoch: 2/15][Iter: 680/1713][lr: 0.000300/0.000030][loss_conf: 3.51][loss_obj: 0.73][loss_act: 1.14][loss_rel: 4.86][loss_box: 0.23][total: 22.83][time: 75.34s]

[Context Monitor] Epoch 2, Iter 686
  📦 Obj conf: 0.504 | Person: 0.348 | Relations: 0.088
  🔗 Context contribution: 2.11x | Scale: 1.057 | CoocScale: 0.201
  ⏱️  X3D temporal: recent=0.39/mid=0.32/overall=0.29
  📈 Gradients: SceneCtx=0.1205, ObjCtx=0.6537, ActHead=2.1147
  📊 Losses: act=1.22, obj=0.82, rel=4.96
  👥 Batch: 197/459 person boxes
[Epoch: 2/15][Iter: 690/1713][lr: 0.000300/0.000030][loss_conf: 3.42][loss_obj: 0.77][loss_act: 1.16][loss_rel: 4.74][loss_box: 0.25][total: 22.65][time: 79.77s]
[Epoch: 2/15][Iter: 700/1713][lr: 0.000300/0.000030][loss_conf: 3.38][loss_obj: 0.74][loss_act: 1.16][loss_rel: 4.83][loss_box: 0.23][total: 22.49][time: 64.62s]
[Attn Stats] [avg_obj_confidence: 0.3881] [avg_act_confidence: 0.1722] [num_person_boxes: 202] [num_total_boxes: 477]
[Epoch: 2/15][Iter: 710/1713][lr: 0.000300/0.000030][loss_conf: 3.42][loss_obj: 0.73][loss_act: 1.12][loss_rel: 4.64][loss_box: 0.23][total: 22.11][time: 79.96s]
[Epoch: 2/15][Iter: 720/1713][lr: 0.000300/0.000030][loss_conf: 3.42][loss_obj: 0.73][loss_act: 1.14][loss_rel: 4.87][loss_box: 0.24][total: 22.72][time: 62.94s]
[Epoch: 2/15][Iter: 730/1713][lr: 0.000300/0.000030][loss_conf: 3.46][loss_obj: 0.78][loss_act: 1.04][loss_rel: 4.97][loss_box: 0.24][total: 22.88][time: 79.95s]
[Epoch: 2/15][Iter: 740/1713][lr: 0.000300/0.000030][loss_conf: 3.38][loss_obj: 0.78][loss_act: 1.16][loss_rel: 4.88][loss_box: 0.23][total: 22.66][time: 67.42s]
[Epoch: 2/15][Iter: 750/1713][lr: 0.000300/0.000030][loss_conf: 3.46][loss_obj: 0.75][loss_act: 1.14][loss_rel: 4.77][loss_box: 0.24][total: 22.58][time: 77.05s]
[Epoch: 2/15][Iter: 760/1713][lr: 0.000300/0.000030][loss_conf: 3.46][loss_obj: 0.67][loss_act: 1.06][loss_rel: 4.75][loss_box: 0.24][total: 22.26][time: 66.79s]
[Epoch: 2/15][Iter: 770/1713][lr: 0.000300/0.000030][loss_conf: 3.36][loss_obj: 0.64][loss_act: 1.19][loss_rel: 4.81][loss_box: 0.23][total: 22.30][time: 76.64s]
[Epoch: 2/15][Iter: 780/1713][lr: 0.000300/0.000030][loss_conf: 3.46][loss_obj: 0.73][loss_act: 1.12][loss_rel: 5.04][loss_box: 0.24][total: 23.06][time: 67.42s]

[Context Monitor] Epoch 2, Iter 786
  📦 Obj conf: 0.520 | Person: 0.346 | Relations: 0.083
  🔗 Context contribution: 2.05x | Scale: 1.058 | CoocScale: 0.202
  ⏱️  X3D temporal: recent=0.39/mid=0.32/overall=0.29
  📈 Gradients: SceneCtx=0.1602, ObjCtx=0.6830, ActHead=2.3936
  📊 Losses: act=1.08, obj=0.64, rel=4.53
  👥 Batch: 204/465 person boxes
[Epoch: 2/15][Iter: 790/1713][lr: 0.000300/0.000030][loss_conf: 3.40][loss_obj: 0.70][loss_act: 1.12][loss_rel: 4.87][loss_box: 0.23][total: 22.52][time: 76.59s]
[Epoch: 2/15][Iter: 800/1713][lr: 0.000300/0.000030][loss_conf: 3.40][loss_obj: 0.65][loss_act: 1.04][loss_rel: 4.63][loss_box: 0.24][total: 21.82][time: 66.36s]
[Attn Stats] [avg_obj_confidence: 0.3883] [avg_act_confidence: 0.1721] [num_person_boxes: 200] [num_total_boxes: 431]
[Epoch: 2/15][Iter: 810/1713][lr: 0.000300/0.000030][loss_conf: 3.41][loss_obj: 0.78][loss_act: 1.15][loss_rel: 4.71][loss_box: 0.23][total: 22.43][time: 76.37s]
[Epoch: 2/15][Iter: 820/1713][lr: 0.000300/0.000030][loss_conf: 3.31][loss_obj: 0.74][loss_act: 1.09][loss_rel: 4.65][loss_box: 0.23][total: 21.85][time: 67.13s]
[Epoch: 2/15][Iter: 830/1713][lr: 0.000300/0.000030][loss_conf: 3.53][loss_obj: 0.74][loss_act: 1.08][loss_rel: 4.77][loss_box: 0.24][total: 22.67][time: 74.81s]
[Epoch: 2/15][Iter: 840/1713][lr: 0.000300/0.000030][loss_conf: 3.48][loss_obj: 0.78][loss_act: 1.14][loss_rel: 4.95][loss_box: 0.24][total: 23.14][time: 67.34s]
[Epoch: 2/15][Iter: 850/1713][lr: 0.000300/0.000030][loss_conf: 3.38][loss_obj: 0.77][loss_act: 1.15][loss_rel: 4.93][loss_box: 0.23][total: 22.80][time: 73.55s]
[Epoch: 2/15][Iter: 860/1713][lr: 0.000300/0.000030][loss_conf: 3.36][loss_obj: 0.74][loss_act: 1.16][loss_rel: 4.86][loss_box: 0.23][total: 22.53][time: 70.95s]
[Epoch: 2/15][Iter: 870/1713][lr: 0.000300/0.000030][loss_conf: 3.46][loss_obj: 0.72][loss_act: 1.15][loss_rel: 4.69][loss_box: 0.23][total: 22.36][time: 75.48s]
[Epoch: 2/15][Iter: 880/1713][lr: 0.000300/0.000030][loss_conf: 3.42][loss_obj: 0.80][loss_act: 1.07][loss_rel: 4.70][loss_box: 0.24][total: 22.34][time: 75.11s]

[Context Monitor] Epoch 2, Iter 886
  📦 Obj conf: 0.537 | Person: 0.355 | Relations: 0.079
  🔗 Context contribution: 2.05x | Scale: 1.059 | CoocScale: 0.202
  ⏱️  X3D temporal: recent=0.39/mid=0.32/overall=0.29
  📈 Gradients: SceneCtx=0.1603, ObjCtx=0.3765, ActHead=2.2393
  📊 Losses: act=1.11, obj=0.76, rel=5.04
  👥 Batch: 207/444 person boxes
[Epoch: 2/15][Iter: 890/1713][lr: 0.000300/0.000030][loss_conf: 3.40][loss_obj: 0.64][loss_act: 1.11][loss_rel: 4.68][loss_box: 0.23][total: 21.96][time: 75.60s]
[Epoch: 2/15][Iter: 900/1713][lr: 0.000300/0.000030][loss_conf: 3.41][loss_obj: 0.73][loss_act: 1.03][loss_rel: 4.82][loss_box: 0.24][total: 22.40][time: 74.86s]
[Attn Stats] [avg_obj_confidence: 0.3875] [avg_act_confidence: 0.1754] [num_person_boxes: 207] [num_total_boxes: 473]
[Epoch: 2/15][Iter: 910/1713][lr: 0.000300/0.000030][loss_conf: 3.42][loss_obj: 0.71][loss_act: 1.10][loss_rel: 4.55][loss_box: 0.24][total: 21.91][time: 73.73s]
[Epoch: 2/15][Iter: 920/1713][lr: 0.000300/0.000030][loss_conf: 3.36][loss_obj: 0.74][loss_act: 1.15][loss_rel: 4.66][loss_box: 0.23][total: 22.12][time: 76.78s]
[Epoch: 2/15][Iter: 930/1713][lr: 0.000300/0.000030][loss_conf: 3.34][loss_obj: 0.71][loss_act: 1.16][loss_rel: 4.70][loss_box: 0.23][total: 22.08][time: 75.67s]
[Epoch: 2/15][Iter: 940/1713][lr: 0.000300/0.000030][loss_conf: 3.34][loss_obj: 0.64][loss_act: 1.06][loss_rel: 4.46][loss_box: 0.24][total: 21.37][time: 76.37s]
[Epoch: 2/15][Iter: 950/1713][lr: 0.000300/0.000030][loss_conf: 3.37][loss_obj: 0.75][loss_act: 1.10][loss_rel: 4.83][loss_box: 0.24][total: 22.53][time: 73.14s]
[Epoch: 2/15][Iter: 960/1713][lr: 0.000300/0.000030][loss_conf: 3.35][loss_obj: 0.77][loss_act: 1.13][loss_rel: 4.72][loss_box: 0.23][total: 22.27][time: 77.73s]
[Epoch: 2/15][Iter: 970/1713][lr: 0.000300/0.000030][loss_conf: 3.40][loss_obj: 0.69][loss_act: 1.20][loss_rel: 4.91][loss_box: 0.23][total: 22.69][time: 75.25s]
[Epoch: 2/15][Iter: 980/1713][lr: 0.000300/0.000030][loss_conf: 3.44][loss_obj: 0.74][loss_act: 1.16][loss_rel: 4.91][loss_box: 0.24][total: 22.83][time: 75.35s]

[Context Monitor] Epoch 2, Iter 986
  📦 Obj conf: 0.524 | Person: 0.324 | Relations: 0.085
  🔗 Context contribution: 2.08x | Scale: 1.059 | CoocScale: 0.202
  ⏱️  X3D temporal: recent=0.39/mid=0.32/overall=0.29
  📈 Gradients: SceneCtx=0.0982, ObjCtx=1.3844, ActHead=1.4578
  📊 Losses: act=1.08, obj=0.76, rel=4.82
  👥 Batch: 199/454 person boxes
[Epoch: 2/15][Iter: 990/1713][lr: 0.000300/0.000030][loss_conf: 3.45][loss_obj: 0.72][loss_act: 1.09][loss_rel: 4.63][loss_box: 0.24][total: 22.14][time: 77.87s]
[Epoch: 2/15][Iter: 1000/1713][lr: 0.000300/0.000030][loss_conf: 3.34][loss_obj: 0.77][loss_act: 1.11][loss_rel: 4.47][loss_box: 0.24][total: 21.75][time: 76.93s]
[Attn Stats] [avg_obj_confidence: 0.3926] [avg_act_confidence: 0.1743] [num_person_boxes: 198] [num_total_boxes: 469]
[Epoch: 2/15][Iter: 1010/1713][lr: 0.000300/0.000030][loss_conf: 3.37][loss_obj: 0.71][loss_act: 1.17][loss_rel: 4.71][loss_box: 0.22][total: 22.06][time: 74.54s]
[Epoch: 2/15][Iter: 1020/1713][lr: 0.000300/0.000030][loss_conf: 3.38][loss_obj: 0.72][loss_act: 1.09][loss_rel: 4.72][loss_box: 0.24][total: 22.17][time: 78.69s]
[Epoch: 2/15][Iter: 1030/1713][lr: 0.000300/0.000030][loss_conf: 3.39][loss_obj: 0.65][loss_act: 1.03][loss_rel: 4.75][loss_box: 0.22][total: 21.80][time: 74.78s]
[Epoch: 2/15][Iter: 1040/1713][lr: 0.000300/0.000030][loss_conf: 3.39][loss_obj: 0.70][loss_act: 1.08][loss_rel: 4.52][loss_box: 0.24][total: 21.76][time: 79.40s]
[Epoch: 2/15][Iter: 1050/1713][lr: 0.000300/0.000030][loss_conf: 3.36][loss_obj: 0.71][loss_act: 1.20][loss_rel: 4.64][loss_box: 0.23][total: 22.11][time: 72.86s]
[Epoch: 2/15][Iter: 1060/1713][lr: 0.000300/0.000030][loss_conf: 3.47][loss_obj: 0.78][loss_act: 1.05][loss_rel: 4.51][loss_box: 0.23][total: 21.93][time: 78.60s]
[Epoch: 2/15][Iter: 1070/1713][lr: 0.000300/0.000030][loss_conf: 3.43][loss_obj: 0.75][loss_act: 1.04][loss_rel: 4.74][loss_box: 0.24][total: 22.33][time: 73.73s]
[Epoch: 2/15][Iter: 1080/1713][lr: 0.000300/0.000030][loss_conf: 3.38][loss_obj: 0.75][loss_act: 1.13][loss_rel: 5.00][loss_box: 0.22][total: 22.75][time: 78.05s]

[Context Monitor] Epoch 2, Iter 1086
  📦 Obj conf: 0.523 | Person: 0.349 | Relations: 0.088
  🔗 Context contribution: 2.08x | Scale: 1.058 | CoocScale: 0.203
  ⏱️  X3D temporal: recent=0.39/mid=0.32/overall=0.29
  📈 Gradients: SceneCtx=0.1601, ObjCtx=0.4574, ActHead=2.6556
  📊 Losses: act=1.12, obj=0.73, rel=4.67
  👥 Batch: 208/475 person boxes
[Epoch: 2/15][Iter: 1090/1713][lr: 0.000300/0.000030][loss_conf: 3.32][loss_obj: 0.65][loss_act: 1.11][loss_rel: 4.87][loss_box: 0.24][total: 22.36][time: 76.27s]
[Epoch: 2/15][Iter: 1100/1713][lr: 0.000300/0.000030][loss_conf: 3.38][loss_obj: 0.70][loss_act: 1.08][loss_rel: 4.75][loss_box: 0.23][total: 22.10][time: 76.26s]
[Attn Stats] [avg_obj_confidence: 0.3931] [avg_act_confidence: 0.1753] [num_person_boxes: 195] [num_total_boxes: 449]
[Epoch: 2/15][Iter: 1110/1713][lr: 0.000300/0.000030][loss_conf: 3.41][loss_obj: 0.73][loss_act: 1.03][loss_rel: 4.56][loss_box: 0.24][total: 21.85][time: 75.73s]
[Epoch: 2/15][Iter: 1120/1713][lr: 0.000300/0.000030][loss_conf: 3.38][loss_obj: 0.79][loss_act: 1.15][loss_rel: 5.01][loss_box: 0.24][total: 23.11][time: 76.55s]
[Epoch: 2/15][Iter: 1130/1713][lr: 0.000300/0.000030][loss_conf: 3.43][loss_obj: 0.67][loss_act: 1.14][loss_rel: 4.87][loss_box: 0.23][total: 22.53][time: 74.41s]
[Epoch: 2/15][Iter: 1140/1713][lr: 0.000300/0.000030][loss_conf: 3.48][loss_obj: 0.73][loss_act: 1.13][loss_rel: 4.71][loss_box: 0.24][total: 22.50][time: 77.93s]
[Epoch: 2/15][Iter: 1150/1713][lr: 0.000300/0.000030][loss_conf: 3.41][loss_obj: 0.71][loss_act: 1.14][loss_rel: 4.74][loss_box: 0.23][total: 22.33][time: 73.52s]
[Epoch: 2/15][Iter: 1160/1713][lr: 0.000300/0.000030][loss_conf: 3.50][loss_obj: 0.70][loss_act: 1.09][loss_rel: 4.76][loss_box: 0.24][total: 22.52][time: 78.09s]
[Epoch: 2/15][Iter: 1170/1713][lr: 0.000300/0.000030][loss_conf: 3.34][loss_obj: 0.72][loss_act: 1.14][loss_rel: 4.55][loss_box: 0.23][total: 21.74][time: 73.93s]
[Epoch: 2/15][Iter: 1180/1713][lr: 0.000300/0.000030][loss_conf: 3.37][loss_obj: 0.78][loss_act: 1.12][loss_rel: 4.77][loss_box: 0.24][total: 22.42][time: 78.94s]

[Context Monitor] Epoch 2, Iter 1186
  📦 Obj conf: 0.520 | Person: 0.330 | Relations: 0.084
  🔗 Context contribution: 2.05x | Scale: 1.059 | CoocScale: 0.203
  ⏱️  X3D temporal: recent=0.39/mid=0.33/overall=0.29
  📈 Gradients: SceneCtx=0.1029, ObjCtx=0.6971, ActHead=1.4312
  📊 Losses: act=1.07, obj=0.68, rel=4.52
  👥 Batch: 191/448 person boxes
[Epoch: 2/15][Iter: 1190/1713][lr: 0.000300/0.000030][loss_conf: 3.36][loss_obj: 0.73][loss_act: 1.10][loss_rel: 5.02][loss_box: 0.23][total: 22.72][time: 73.90s]
[Epoch: 2/15][Iter: 1200/1713][lr: 0.000300/0.000030][loss_conf: 3.28][loss_obj: 0.75][loss_act: 1.14][loss_rel: 4.62][loss_box: 0.21][total: 21.70][time: 78.84s]
[Attn Stats] [avg_obj_confidence: 0.3930] [avg_act_confidence: 0.1794] [num_person_boxes: 192] [num_total_boxes: 474]
[Epoch: 2/15][Iter: 1210/1713][lr: 0.000300/0.000030][loss_conf: 3.31][loss_obj: 0.71][loss_act: 1.17][loss_rel: 4.67][loss_box: 0.23][total: 22.01][time: 74.70s]
[Epoch: 2/15][Iter: 1220/1713][lr: 0.000300/0.000030][loss_conf: 3.32][loss_obj: 0.71][loss_act: 1.13][loss_rel: 4.96][loss_box: 0.23][total: 22.58][time: 77.09s]
[Epoch: 2/15][Iter: 1230/1713][lr: 0.000300/0.000030][loss_conf: 3.37][loss_obj: 0.77][loss_act: 1.04][loss_rel: 4.82][loss_box: 0.24][total: 22.37][time: 74.47s]
[Epoch: 2/15][Iter: 1240/1713][lr: 0.000300/0.000030][loss_conf: 3.40][loss_obj: 0.74][loss_act: 1.07][loss_rel: 4.82][loss_box: 0.24][total: 22.41][time: 78.97s]
[Epoch: 2/15][Iter: 1250/1713][lr: 0.000300/0.000030][loss_conf: 3.40][loss_obj: 0.77][loss_act: 1.10][loss_rel: 4.77][loss_box: 0.23][total: 22.41][time: 75.39s]
[Epoch: 2/15][Iter: 1260/1713][lr: 0.000300/0.000030][loss_conf: 3.35][loss_obj: 0.67][loss_act: 1.20][loss_rel: 4.70][loss_box: 0.22][total: 21.99][time: 77.86s]
[Epoch: 2/15][Iter: 1270/1713][lr: 0.000300/0.000030][loss_conf: 3.41][loss_obj: 0.66][loss_act: 1.10][loss_rel: 4.71][loss_box: 0.24][total: 22.14][time: 84.61s]
[Epoch: 2/15][Iter: 1280/1713][lr: 0.000300/0.000030][loss_conf: 3.34][loss_obj: 0.69][loss_act: 1.14][loss_rel: 4.82][loss_box: 0.23][total: 22.31][time: 75.46s]

[Context Monitor] Epoch 2, Iter 1286
  📦 Obj conf: 0.536 | Person: 0.322 | Relations: 0.087
  🔗 Context contribution: 2.12x | Scale: 1.058 | CoocScale: 0.204
  ⏱️  X3D temporal: recent=0.39/mid=0.33/overall=0.29
  📈 Gradients: SceneCtx=0.1088, ObjCtx=0.3187, ActHead=2.3119
  📊 Losses: act=1.06, obj=0.66, rel=4.80
  👥 Batch: 203/461 person boxes
[Epoch: 2/15][Iter: 1290/1713][lr: 0.000300/0.000030][loss_conf: 3.35][loss_obj: 0.66][loss_act: 1.14][loss_rel: 4.62][loss_box: 0.23][total: 21.82][time: 70.67s]
[Epoch: 2/15][Iter: 1300/1713][lr: 0.000300/0.000030][loss_conf: 3.35][loss_obj: 0.72][loss_act: 1.11][loss_rel: 4.84][loss_box: 0.22][total: 22.23][time: 74.28s]
[Attn Stats] [avg_obj_confidence: 0.3983] [avg_act_confidence: 0.1818] [num_person_boxes: 201] [num_total_boxes: 447]
[Epoch: 2/15][Iter: 1310/1713][lr: 0.000300/0.000030][loss_conf: 3.29][loss_obj: 0.66][loss_act: 1.07][loss_rel: 4.67][loss_box: 0.23][total: 21.73][time: 70.72s]
[Epoch: 2/15][Iter: 1320/1713][lr: 0.000300/0.000030][loss_conf: 3.40][loss_obj: 0.63][loss_act: 1.15][loss_rel: 4.82][loss_box: 0.23][total: 22.28][time: 74.13s]
[Epoch: 2/15][Iter: 1330/1713][lr: 0.000300/0.000030][loss_conf: 3.32][loss_obj: 0.72][loss_act: 1.18][loss_rel: 4.57][loss_box: 0.23][total: 21.89][time: 71.94s]
[Epoch: 2/15][Iter: 1340/1713][lr: 0.000300/0.000030][loss_conf: 3.41][loss_obj: 0.64][loss_act: 1.11][loss_rel: 4.66][loss_box: 0.22][total: 21.85][time: 74.69s]
[Epoch: 2/15][Iter: 1350/1713][lr: 0.000300/0.000030][loss_conf: 3.40][loss_obj: 0.70][loss_act: 1.10][loss_rel: 4.75][loss_box: 0.23][total: 22.20][time: 70.04s]
[Epoch: 2/15][Iter: 1360/1713][lr: 0.000300/0.000030][loss_conf: 3.28][loss_obj: 0.56][loss_act: 1.06][loss_rel: 4.32][loss_box: 0.22][total: 20.61][time: 75.56s]
[Epoch: 2/15][Iter: 1370/1713][lr: 0.000300/0.000030][loss_conf: 3.35][loss_obj: 0.68][loss_act: 1.09][loss_rel: 4.67][loss_box: 0.23][total: 21.85][time: 70.29s]
[Epoch: 2/15][Iter: 1380/1713][lr: 0.000300/0.000030][loss_conf: 3.42][loss_obj: 0.68][loss_act: 1.20][loss_rel: 4.72][loss_box: 0.24][total: 22.46][time: 76.87s]

[Context Monitor] Epoch 2, Iter 1386
  📦 Obj conf: 0.539 | Person: 0.363 | Relations: 0.087
  🔗 Context contribution: 2.08x | Scale: 1.058 | CoocScale: 0.204
  ⏱️  X3D temporal: recent=0.39/mid=0.33/overall=0.29
  📈 Gradients: SceneCtx=0.2217, ObjCtx=0.4839, ActHead=2.9203
  📊 Losses: act=1.04, obj=0.62, rel=4.66
  👥 Batch: 188/438 person boxes
[Epoch: 2/15][Iter: 1390/1713][lr: 0.000300/0.000030][loss_conf: 3.35][loss_obj: 0.70][loss_act: 1.17][loss_rel: 4.61][loss_box: 0.23][total: 21.95][time: 69.45s]
[Epoch: 2/15][Iter: 1400/1713][lr: 0.000300/0.000030][loss_conf: 3.31][loss_obj: 0.66][loss_act: 1.16][loss_rel: 4.76][loss_box: 0.23][total: 22.09][time: 75.16s]
[Attn Stats] [avg_obj_confidence: 0.3925] [avg_act_confidence: 0.1821] [num_person_boxes: 189] [num_total_boxes: 460]
[Epoch: 2/15][Iter: 1410/1713][lr: 0.000300/0.000030][loss_conf: 3.33][loss_obj: 0.57][loss_act: 1.05][loss_rel: 4.48][loss_box: 0.22][total: 21.08][time: 71.11s]
[Epoch: 2/15][Iter: 1420/1713][lr: 0.000300/0.000030][loss_conf: 3.29][loss_obj: 0.67][loss_act: 1.05][loss_rel: 4.68][loss_box: 0.23][total: 21.63][time: 75.63s]
[Epoch: 2/15][Iter: 1430/1713][lr: 0.000300/0.000030][loss_conf: 3.40][loss_obj: 0.68][loss_act: 1.15][loss_rel: 4.64][loss_box: 0.24][total: 22.09][time: 69.86s]
[Epoch: 2/15][Iter: 1440/1713][lr: 0.000300/0.000030][loss_conf: 3.26][loss_obj: 0.65][loss_act: 1.06][loss_rel: 4.54][loss_box: 0.21][total: 21.16][time: 74.80s]
[Epoch: 2/15][Iter: 1450/1713][lr: 0.000300/0.000030][loss_conf: 3.29][loss_obj: 0.64][loss_act: 1.01][loss_rel: 4.71][loss_box: 0.22][total: 21.49][time: 68.64s]
[Epoch: 2/15][Iter: 1460/1713][lr: 0.000300/0.000030][loss_conf: 3.25][loss_obj: 0.60][loss_act: 1.09][loss_rel: 4.75][loss_box: 0.23][total: 21.67][time: 76.84s]
[Epoch: 2/15][Iter: 1470/1713][lr: 0.000300/0.000030][loss_conf: 3.45][loss_obj: 0.69][loss_act: 1.16][loss_rel: 4.81][loss_box: 0.23][total: 22.51][time: 70.67s]
[Epoch: 2/15][Iter: 1480/1713][lr: 0.000300/0.000030][loss_conf: 3.29][loss_obj: 0.62][loss_act: 1.06][loss_rel: 4.56][loss_box: 0.23][total: 21.33][time: 76.28s]

[Context Monitor] Epoch 2, Iter 1486
  📦 Obj conf: 0.521 | Person: 0.343 | Relations: 0.088
  🔗 Context contribution: 2.10x | Scale: 1.059 | CoocScale: 0.204
  ⏱️  X3D temporal: recent=0.39/mid=0.33/overall=0.29
  📈 Gradients: SceneCtx=0.0558, ObjCtx=0.2678, ActHead=0.6943
  📊 Losses: act=1.14, obj=0.65, rel=4.64
  👥 Batch: 195/451 person boxes
[Epoch: 2/15][Iter: 1490/1713][lr: 0.000300/0.000030][loss_conf: 3.33][loss_obj: 0.64][loss_act: 1.12][loss_rel: 4.66][loss_box: 0.23][total: 21.80][time: 71.71s]
[Epoch: 2/15][Iter: 1500/1713][lr: 0.000300/0.000030][loss_conf: 3.34][loss_obj: 0.62][loss_act: 1.06][loss_rel: 4.65][loss_box: 0.23][total: 21.63][time: 75.84s]
[Attn Stats] [avg_obj_confidence: 0.3929] [avg_act_confidence: 0.1855] [num_person_boxes: 201] [num_total_boxes: 456]
[Epoch: 2/15][Iter: 1510/1713][lr: 0.000300/0.000030][loss_conf: 3.33][loss_obj: 0.70][loss_act: 1.08][loss_rel: 5.02][loss_box: 0.23][total: 22.59][time: 70.94s]
[Epoch: 2/15][Iter: 1520/1713][lr: 0.000300/0.000030][loss_conf: 3.42][loss_obj: 0.66][loss_act: 1.20][loss_rel: 4.77][loss_box: 0.23][total: 22.42][time: 75.45s]
[Epoch: 2/15][Iter: 1530/1713][lr: 0.000300/0.000030][loss_conf: 3.30][loss_obj: 0.65][loss_act: 1.14][loss_rel: 4.61][loss_box: 0.23][total: 21.70][time: 71.20s]
[Epoch: 2/15][Iter: 1540/1713][lr: 0.000300/0.000030][loss_conf: 3.36][loss_obj: 0.61][loss_act: 1.14][loss_rel: 4.58][loss_box: 0.23][total: 21.73][time: 77.94s]
[Epoch: 2/15][Iter: 1550/1713][lr: 0.000300/0.000030][loss_conf: 3.29][loss_obj: 0.69][loss_act: 1.12][loss_rel: 4.65][loss_box: 0.22][total: 21.73][time: 70.48s]
[Epoch: 2/15][Iter: 1560/1713][lr: 0.000300/0.000030][loss_conf: 3.38][loss_obj: 0.68][loss_act: 1.05][loss_rel: 4.62][loss_box: 0.22][total: 21.69][time: 74.66s]
[Epoch: 2/15][Iter: 1570/1713][lr: 0.000300/0.000030][loss_conf: 3.29][loss_obj: 0.70][loss_act: 1.11][loss_rel: 4.74][loss_box: 0.23][total: 21.98][time: 71.23s]
[Epoch: 2/15][Iter: 1580/1713][lr: 0.000300/0.000030][loss_conf: 3.33][loss_obj: 0.65][loss_act: 1.10][loss_rel: 4.50][loss_box: 0.23][total: 21.45][time: 74.33s]

[Context Monitor] Epoch 2, Iter 1586
  📦 Obj conf: 0.509 | Person: 0.328 | Relations: 0.087
  🔗 Context contribution: 2.14x | Scale: 1.058 | CoocScale: 0.204
  ⏱️  X3D temporal: recent=0.39/mid=0.33/overall=0.29
  📈 Gradients: SceneCtx=0.1270, ObjCtx=0.4077, ActHead=1.8626
  📊 Losses: act=1.03, obj=0.67, rel=4.55
  👥 Batch: 202/450 person boxes
[Epoch: 2/15][Iter: 1590/1713][lr: 0.000300/0.000030][loss_conf: 3.33][loss_obj: 0.65][loss_act: 1.06][loss_rel: 4.57][loss_box: 0.22][total: 21.42][time: 73.35s]
[Epoch: 2/15][Iter: 1600/1713][lr: 0.000300/0.000030][loss_conf: 3.34][loss_obj: 0.62][loss_act: 1.07][loss_rel: 4.65][loss_box: 0.23][total: 21.68][time: 72.27s]
[Attn Stats] [avg_obj_confidence: 0.3978] [avg_act_confidence: 0.1831] [num_person_boxes: 209] [num_total_boxes: 476]
[Epoch: 2/15][Iter: 1610/1713][lr: 0.000300/0.000030][loss_conf: 3.32][loss_obj: 0.66][loss_act: 1.10][loss_rel: 4.50][loss_box: 0.24][total: 21.51][time: 71.37s]
[Epoch: 2/15][Iter: 1620/1713][lr: 0.000300/0.000030][loss_conf: 3.45][loss_obj: 0.64][loss_act: 1.09][loss_rel: 4.40][loss_box: 0.22][total: 21.39][time: 76.45s]
[Epoch: 2/15][Iter: 1630/1713][lr: 0.000300/0.000030][loss_conf: 3.22][loss_obj: 0.68][loss_act: 1.03][loss_rel: 4.62][loss_box: 0.23][total: 21.43][time: 75.66s]
[Epoch: 2/15][Iter: 1640/1713][lr: 0.000300/0.000030][loss_conf: 3.40][loss_obj: 0.72][loss_act: 1.10][loss_rel: 4.75][loss_box: 0.23][total: 22.25][time: 77.85s]
[Epoch: 2/15][Iter: 1650/1713][lr: 0.000300/0.000030][loss_conf: 3.39][loss_obj: 0.73][loss_act: 1.12][loss_rel: 4.82][loss_box: 0.24][total: 22.47][time: 76.79s]
[Epoch: 2/15][Iter: 1660/1713][lr: 0.000300/0.000030][loss_conf: 3.29][loss_obj: 0.66][loss_act: 1.03][loss_rel: 4.84][loss_box: 0.24][total: 22.03][time: 79.69s]
[Epoch: 2/15][Iter: 1670/1713][lr: 0.000300/0.000030][loss_conf: 3.45][loss_obj: 0.68][loss_act: 0.99][loss_rel: 4.95][loss_box: 0.23][total: 22.48][time: 73.94s]
[Epoch: 2/15][Iter: 1680/1713][lr: 0.000300/0.000030][loss_conf: 3.42][loss_obj: 0.69][loss_act: 1.10][loss_rel: 4.92][loss_box: 0.23][total: 22.54][time: 80.22s]

[Context Monitor] Epoch 2, Iter 1686
  📦 Obj conf: 0.537 | Person: 0.351 | Relations: 0.092
  🔗 Context contribution: 2.10x | Scale: 1.058 | CoocScale: 0.205
  ⏱️  X3D temporal: recent=0.39/mid=0.33/overall=0.29
  📈 Gradients: SceneCtx=0.1478, ObjCtx=0.6400, ActHead=2.3447
  📊 Losses: act=1.14, obj=0.64, rel=4.67
  👥 Batch: 194/445 person boxes
[Epoch: 2/15][Iter: 1690/1713][lr: 0.000300/0.000030][loss_conf: 3.40][loss_obj: 0.66][loss_act: 1.00][loss_rel: 4.81][loss_box: 0.23][total: 22.06][time: 73.07s]
[Epoch: 2/15][Iter: 1700/1713][lr: 0.000300/0.000030][loss_conf: 3.34][loss_obj: 0.66][loss_act: 1.00][loss_rel: 4.50][loss_box: 0.22][total: 21.19][time: 80.49s]
[Attn Stats] [avg_obj_confidence: 0.4011] [avg_act_confidence: 0.1869] [num_person_boxes: 198] [num_total_boxes: 434]
[Epoch: 2/15][Iter: 1710/1713][lr: 0.000300/0.000030][loss_conf: 3.25][loss_obj: 0.57][loss_act: 0.99][loss_rel: 4.75][loss_box: 0.23][total: 21.40][time: 72.52s]

======================================================================
📊 EPOCH 2/15 COMPLETED
   ⏱️  Epoch time: 211.2 min | ETA: 46.2 hours
   📈 Learning Rate: 0.000300
   🖥️  GPU Memory: 75.6/79.3 GB (95%)
   🎯 Remaining: 13 epochs
======================================================================


[Attention Summary - Epoch 2]
  avg_obj_confidence: mean=0.3885, std=0.0081
  avg_act_confidence: mean=0.1739, std=0.0077
  num_person_boxes: mean=199.5556, std=6.9059
  num_total_boxes: mean=460.5556, std=16.8398


[Detailed Attention Analysis - Epoch 2, Iter 1712]
  Attention entropy (normalized): 1.0000
    (0 = focused on single position, 1 = uniform)
  Nearby vs Far ratio: 1.0000
    (>1 means attending more to nearby positions)
  Uniform attention %: 100.0%
    (Should DECREASE during training)


======================================================================
📊 EPOCH 2 CONTEXT LEARNING SUMMARY
======================================================================
  Object Confidence: 0.5196 (✅ good)
  Context Contribution: 2.08x (✅ active)
  Scene Context Gradient: 0.134347 (✅ flowing)
  Object Context Gradient: 0.648876 (✅ flowing)
  Action Loss: 2.99 → 1.07 (✅ improving)
======================================================================

[Epoch: 3/15][Iter: 0/1713][lr: 0.000300/0.000030][loss_conf: 3.33][loss_obj: 0.74][loss_act: 1.05][loss_rel: 4.52][loss_box: 0.22][total: 21.53][time: 52.30s]
[Attn Stats] [avg_obj_confidence: 0.4005] [avg_act_confidence: 0.1835] [num_person_boxes: 191] [num_total_boxes: 449]
[Epoch: 3/15][Iter: 10/1713][lr: 0.000300/0.000030][loss_conf: 3.36][loss_obj: 0.75][loss_act: 1.19][loss_rel: 4.78][loss_box: 0.23][total: 22.48][time: 63.32s]
[Epoch: 3/15][Iter: 20/1713][lr: 0.000300/0.000030][loss_conf: 3.27][loss_obj: 0.66][loss_act: 1.11][loss_rel: 4.89][loss_box: 0.22][total: 22.04][time: 80.53s]
[Epoch: 3/15][Iter: 30/1713][lr: 0.000300/0.000030][loss_conf: 3.29][loss_obj: 0.67][loss_act: 1.09][loss_rel: 4.53][loss_box: 0.23][total: 21.47][time: 64.05s]
[Epoch: 3/15][Iter: 40/1713][lr: 0.000300/0.000030][loss_conf: 3.34][loss_obj: 0.71][loss_act: 1.02][loss_rel: 4.55][loss_box: 0.24][total: 21.67][time: 80.63s]
[Epoch: 3/15][Iter: 50/1713][lr: 0.000300/0.000030][loss_conf: 3.37][loss_obj: 0.69][loss_act: 1.12][loss_rel: 4.85][loss_box: 0.22][total: 22.24][time: 63.22s]
[Epoch: 3/15][Iter: 60/1713][lr: 0.000300/0.000030][loss_conf: 3.34][loss_obj: 0.75][loss_act: 1.04][loss_rel: 4.81][loss_box: 0.22][total: 22.12][time: 79.79s]
[Epoch: 3/15][Iter: 70/1713][lr: 0.000300/0.000030][loss_conf: 3.37][loss_obj: 0.66][loss_act: 0.99][loss_rel: 4.46][loss_box: 0.23][total: 21.23][time: 64.00s]

[Context Monitor] Epoch 3, Iter 73
  📦 Obj conf: 0.531 | Person: 0.329 | Relations: 0.080
  🔗 Context contribution: 2.16x | Scale: 1.059 | CoocScale: 0.205
  ⏱️  X3D temporal: recent=0.39/mid=0.33/overall=0.29
  📈 Gradients: SceneCtx=0.0962, ObjCtx=0.4713, ActHead=1.5259
  📊 Losses: act=1.06, obj=0.68, rel=4.46
  👥 Batch: 201/417 person boxes
[Epoch: 3/15][Iter: 80/1713][lr: 0.000300/0.000030][loss_conf: 3.34][loss_obj: 0.64][loss_act: 1.10][loss_rel: 4.62][loss_box: 0.22][total: 21.63][time: 80.06s]
[Epoch: 3/15][Iter: 90/1713][lr: 0.000300/0.000030][loss_conf: 3.34][loss_obj: 0.68][loss_act: 1.07][loss_rel: 4.61][loss_box: 0.22][total: 21.63][time: 63.53s]
[Epoch: 3/15][Iter: 100/1713][lr: 0.000300/0.000030][loss_conf: 3.24][loss_obj: 0.58][loss_act: 1.07][loss_rel: 4.53][loss_box: 0.22][total: 20.99][time: 83.23s]
[Attn Stats] [avg_obj_confidence: 0.3945] [avg_act_confidence: 0.1868] [num_person_boxes: 200] [num_total_boxes: 466]
[Epoch: 3/15][Iter: 110/1713][lr: 0.000300/0.000030][loss_conf: 3.29][loss_obj: 0.65][loss_act: 1.09][loss_rel: 4.44][loss_box: 0.23][total: 21.23][time: 64.31s]
[Epoch: 3/15][Iter: 120/1713][lr: 0.000300/0.000030][loss_conf: 3.29][loss_obj: 0.66][loss_act: 1.11][loss_rel: 4.62][loss_box: 0.22][total: 21.62][time: 80.88s]
[Epoch: 3/15][Iter: 130/1713][lr: 0.000300/0.000030][loss_conf: 3.36][loss_obj: 0.71][loss_act: 1.13][loss_rel: 4.56][loss_box: 0.23][total: 21.82][time: 64.03s]
[Epoch: 3/15][Iter: 140/1713][lr: 0.000300/0.000030][loss_conf: 3.32][loss_obj: 0.67][loss_act: 1.11][loss_rel: 4.46][loss_box: 0.22][total: 21.36][time: 81.83s]
[Epoch: 3/15][Iter: 150/1713][lr: 0.000300/0.000030][loss_conf: 3.37][loss_obj: 0.64][loss_act: 1.12][loss_rel: 4.60][loss_box: 0.23][total: 21.75][time: 63.41s]
[Epoch: 3/15][Iter: 160/1713][lr: 0.000300/0.000030][loss_conf: 3.37][loss_obj: 0.59][loss_act: 1.03][loss_rel: 4.66][loss_box: 0.22][total: 21.49][time: 80.53s]
[Epoch: 3/15][Iter: 170/1713][lr: 0.000300/0.000030][loss_conf: 3.22][loss_obj: 0.61][loss_act: 1.08][loss_rel: 4.44][loss_box: 0.23][total: 20.97][time: 63.00s]

[Context Monitor] Epoch 3, Iter 173
  📦 Obj conf: 0.526 | Person: 0.328 | Relations: 0.090
  🔗 Context contribution: 2.12x | Scale: 1.060 | CoocScale: 0.206
  ⏱️  X3D temporal: recent=0.39/mid=0.33/overall=0.29
  📈 Gradients: SceneCtx=0.0840, ObjCtx=0.2799, ActHead=1.7630
  📊 Losses: act=1.05, obj=0.67, rel=4.40
  👥 Batch: 196/484 person boxes
[Epoch: 3/15][Iter: 180/1713][lr: 0.000300/0.000030][loss_conf: 3.29][loss_obj: 0.60][loss_act: 1.16][loss_rel: 4.62][loss_box: 0.23][total: 21.62][time: 81.02s]
[Epoch: 3/15][Iter: 190/1713][lr: 0.000300/0.000030][loss_conf: 3.26][loss_obj: 0.72][loss_act: 1.08][loss_rel: 4.72][loss_box: 0.22][total: 21.80][time: 64.64s]
[Epoch: 3/15][Iter: 200/1713][lr: 0.000300/0.000030][loss_conf: 3.37][loss_obj: 0.53][loss_act: 1.01][loss_rel: 4.57][loss_box: 0.21][total: 21.07][time: 82.29s]
[Attn Stats] [avg_obj_confidence: 0.3982] [avg_act_confidence: 0.1903] [num_person_boxes: 197] [num_total_boxes: 448]
[Epoch: 3/15][Iter: 210/1713][lr: 0.000300/0.000030][loss_conf: 3.26][loss_obj: 0.54][loss_act: 1.06][loss_rel: 4.34][loss_box: 0.21][total: 20.55][time: 63.87s]
[Epoch: 3/15][Iter: 220/1713][lr: 0.000300/0.000030][loss_conf: 3.23][loss_obj: 0.59][loss_act: 1.13][loss_rel: 4.58][loss_box: 0.22][total: 21.28][time: 81.12s]
[Epoch: 3/15][Iter: 230/1713][lr: 0.000300/0.000030][loss_conf: 3.32][loss_obj: 0.62][loss_act: 1.03][loss_rel: 4.40][loss_box: 0.23][total: 20.98][time: 64.41s]
[Epoch: 3/15][Iter: 240/1713][lr: 0.000300/0.000030][loss_conf: 3.27][loss_obj: 0.61][loss_act: 1.13][loss_rel: 4.51][loss_box: 0.22][total: 21.24][time: 82.68s]
[Epoch: 3/15][Iter: 250/1713][lr: 0.000300/0.000030][loss_conf: 3.22][loss_obj: 0.68][loss_act: 1.00][loss_rel: 4.52][loss_box: 0.23][total: 21.18][time: 65.08s]
[Epoch: 3/15][Iter: 260/1713][lr: 0.000300/0.000030][loss_conf: 3.29][loss_obj: 0.64][loss_act: 1.01][loss_rel: 4.48][loss_box: 0.22][total: 21.01][time: 81.51s]
[Epoch: 3/15][Iter: 270/1713][lr: 0.000300/0.000030][loss_conf: 3.31][loss_obj: 0.63][loss_act: 1.10][loss_rel: 4.54][loss_box: 0.22][total: 21.40][time: 65.87s]

[Context Monitor] Epoch 3, Iter 273
  📦 Obj conf: 0.526 | Person: 0.351 | Relations: 0.090
  🔗 Context contribution: 2.10x | Scale: 1.059 | CoocScale: 0.206
  ⏱️  X3D temporal: recent=0.39/mid=0.33/overall=0.29
  📈 Gradients: SceneCtx=0.0745, ObjCtx=0.3587, ActHead=1.1582
  📊 Losses: act=0.99, obj=0.65, rel=4.48
  👥 Batch: 191/441 person boxes
[Epoch: 3/15][Iter: 280/1713][lr: 0.000300/0.000030][loss_conf: 3.29][loss_obj: 0.73][loss_act: 1.02][loss_rel: 4.43][loss_box: 0.21][total: 21.09][time: 82.76s]
[Epoch: 3/15][Iter: 290/1713][lr: 0.000300/0.000030][loss_conf: 3.26][loss_obj: 0.62][loss_act: 0.99][loss_rel: 4.55][loss_box: 0.22][total: 21.08][time: 84.09s]
[Epoch: 3/15][Iter: 300/1713][lr: 0.000300/0.000030][loss_conf: 3.28][loss_obj: 0.60][loss_act: 1.05][loss_rel: 4.32][loss_box: 0.22][total: 20.70][time: 82.97s]
[Attn Stats] [avg_obj_confidence: 0.4012] [avg_act_confidence: 0.1884] [num_person_boxes: 203] [num_total_boxes: 455]
[Epoch: 3/15][Iter: 310/1713][lr: 0.000300/0.000030][loss_conf: 3.28][loss_obj: 0.59][loss_act: 1.07][loss_rel: 4.41][loss_box: 0.22][total: 20.94][time: 64.37s]
[Epoch: 3/15][Iter: 320/1713][lr: 0.000300/0.000030][loss_conf: 3.18][loss_obj: 0.55][loss_act: 1.09][loss_rel: 4.39][loss_box: 0.22][total: 20.63][time: 79.00s]
[Epoch: 3/15][Iter: 330/1713][lr: 0.000300/0.000030][loss_conf: 3.33][loss_obj: 0.65][loss_act: 1.12][loss_rel: 4.54][loss_box: 0.23][total: 21.56][time: 62.38s]
[Epoch: 3/15][Iter: 340/1713][lr: 0.000300/0.000030][loss_conf: 3.29][loss_obj: 0.66][loss_act: 1.09][loss_rel: 4.54][loss_box: 0.23][total: 21.44][time: 78.41s]
[Epoch: 3/15][Iter: 350/1713][lr: 0.000300/0.000030][loss_conf: 3.37][loss_obj: 0.65][loss_act: 1.09][loss_rel: 4.80][loss_box: 0.23][total: 22.06][time: 62.99s]
[Epoch: 3/15][Iter: 360/1713][lr: 0.000300/0.000030][loss_conf: 3.35][loss_obj: 0.61][loss_act: 1.08][loss_rel: 4.41][loss_box: 0.21][total: 20.98][time: 79.12s]
[Epoch: 3/15][Iter: 370/1713][lr: 0.000300/0.000030][loss_conf: 3.31][loss_obj: 0.70][loss_act: 1.08][loss_rel: 4.63][loss_box: 0.22][total: 21.64][time: 62.22s]

[Context Monitor] Epoch 3, Iter 373
  📦 Obj conf: 0.536 | Person: 0.342 | Relations: 0.085
  🔗 Context contribution: 2.16x | Scale: 1.059 | CoocScale: 0.206
  ⏱️  X3D temporal: recent=0.39/mid=0.33/overall=0.29
  📈 Gradients: SceneCtx=0.1346, ObjCtx=0.4116, ActHead=2.2433
  📊 Losses: act=1.13, obj=0.60, rel=4.26
  👥 Batch: 196/438 person boxes
[Epoch: 3/15][Iter: 380/1713][lr: 0.000300/0.000030][loss_conf: 3.24][loss_obj: 0.63][loss_act: 1.07][loss_rel: 4.56][loss_box: 0.23][total: 21.34][time: 78.48s]
[Epoch: 3/15][Iter: 390/1713][lr: 0.000300/0.000030][loss_conf: 3.35][loss_obj: 0.63][loss_act: 1.08][loss_rel: 4.60][loss_box: 0.22][total: 21.52][time: 62.34s]
[Epoch: 3/15][Iter: 400/1713][lr: 0.000300/0.000030][loss_conf: 3.28][loss_obj: 0.62][loss_act: 0.98][loss_rel: 4.48][loss_box: 0.23][total: 20.98][time: 78.97s]
[Attn Stats] [avg_obj_confidence: 0.4049] [avg_act_confidence: 0.1932] [num_person_boxes: 210] [num_total_boxes: 476]
[Epoch: 3/15][Iter: 410/1713][lr: 0.000300/0.000030][loss_conf: 3.27][loss_obj: 0.62][loss_act: 0.98][loss_rel: 4.49][loss_box: 0.23][total: 20.98][time: 66.55s]
[Epoch: 3/15][Iter: 420/1713][lr: 0.000300/0.000030][loss_conf: 3.29][loss_obj: 0.70][loss_act: 1.07][loss_rel: 4.51][loss_box: 0.22][total: 21.38][time: 79.24s]
[Epoch: 3/15][Iter: 430/1713][lr: 0.000300/0.000030][loss_conf: 3.23][loss_obj: 0.60][loss_act: 1.09][loss_rel: 4.65][loss_box: 0.22][total: 21.37][time: 62.45s]
[Epoch: 3/15][Iter: 440/1713][lr: 0.000300/0.000030][loss_conf: 3.41][loss_obj: 0.73][loss_act: 0.99][loss_rel: 4.61][loss_box: 0.23][total: 21.80][time: 78.70s]
[Epoch: 3/15][Iter: 450/1713][lr: 0.000300/0.000030][loss_conf: 3.33][loss_obj: 0.67][loss_act: 1.09][loss_rel: 4.64][loss_box: 0.24][total: 21.88][time: 63.48s]
[Epoch: 3/15][Iter: 460/1713][lr: 0.000300/0.000030][loss_conf: 3.32][loss_obj: 0.65][loss_act: 1.09][loss_rel: 4.21][loss_box: 0.22][total: 20.73][time: 80.09s]
[Epoch: 3/15][Iter: 470/1713][lr: 0.000300/0.000030][loss_conf: 3.30][loss_obj: 0.72][loss_act: 1.08][loss_rel: 4.51][loss_box: 0.23][total: 21.54][time: 63.83s]

[Context Monitor] Epoch 3, Iter 473
  📦 Obj conf: 0.511 | Person: 0.315 | Relations: 0.093
  🔗 Context contribution: 2.14x | Scale: 1.059 | CoocScale: 0.207
  ⏱️  X3D temporal: recent=0.39/mid=0.33/overall=0.29
  📈 Gradients: SceneCtx=0.1228, ObjCtx=0.2687, ActHead=1.7297
  📊 Losses: act=1.10, obj=0.68, rel=4.59
  👥 Batch: 200/443 person boxes
[Epoch: 3/15][Iter: 480/1713][lr: 0.000300/0.000030][loss_conf: 3.26][loss_obj: 0.60][loss_act: 1.02][loss_rel: 4.25][loss_box: 0.22][total: 20.42][time: 80.96s]
[Epoch: 3/15][Iter: 490/1713][lr: 0.000300/0.000030][loss_conf: 3.42][loss_obj: 0.60][loss_act: 1.03][loss_rel: 4.47][loss_box: 0.23][total: 21.33][time: 63.50s]
[Epoch: 3/15][Iter: 500/1713][lr: 0.000300/0.000030][loss_conf: 3.24][loss_obj: 0.66][loss_act: 1.04][loss_rel: 4.51][loss_box: 0.23][total: 21.17][time: 79.94s]
[Attn Stats] [avg_obj_confidence: 0.4032] [avg_act_confidence: 0.1884] [num_person_boxes: 192] [num_total_boxes: 465]
[Epoch: 3/15][Iter: 510/1713][lr: 0.000300/0.000030][loss_conf: 3.41][loss_obj: 0.68][loss_act: 0.99][loss_rel: 4.56][loss_box: 0.22][total: 21.47][time: 63.52s]
[Epoch: 3/15][Iter: 520/1713][lr: 0.000300/0.000030][loss_conf: 3.30][loss_obj: 0.65][loss_act: 1.02][loss_rel: 4.56][loss_box: 0.23][total: 21.33][time: 80.06s]
[Epoch: 3/15][Iter: 530/1713][lr: 0.000300/0.000030][loss_conf: 3.21][loss_obj: 0.65][loss_act: 1.04][loss_rel: 4.41][loss_box: 0.22][total: 20.78][time: 62.74s]
[Epoch: 3/15][Iter: 540/1713][lr: 0.000300/0.000030][loss_conf: 3.25][loss_obj: 0.63][loss_act: 1.12][loss_rel: 4.46][loss_box: 0.23][total: 21.18][time: 79.98s]
[Epoch: 3/15][Iter: 550/1713][lr: 0.000300/0.000030][loss_conf: 3.28][loss_obj: 0.67][loss_act: 1.12][loss_rel: 4.44][loss_box: 0.23][total: 21.28][time: 62.96s]
[Epoch: 3/15][Iter: 560/1713][lr: 0.000300/0.000030][loss_conf: 3.32][loss_obj: 0.64][loss_act: 1.05][loss_rel: 4.38][loss_box: 0.23][total: 21.02][time: 80.05s]
[Epoch: 3/15][Iter: 570/1713][lr: 0.000300/0.000030][loss_conf: 3.26][loss_obj: 0.64][loss_act: 1.03][loss_rel: 4.58][loss_box: 0.22][total: 21.21][time: 63.21s]

[Context Monitor] Epoch 3, Iter 573
  📦 Obj conf: 0.548 | Person: 0.351 | Relations: 0.094
  🔗 Context contribution: 2.09x | Scale: 1.060 | CoocScale: 0.207
  ⏱️  X3D temporal: recent=0.39/mid=0.33/overall=0.29
  📈 Gradients: SceneCtx=0.1554, ObjCtx=0.4160, ActHead=2.5740
  📊 Losses: act=1.03, obj=0.63, rel=4.60
  👥 Batch: 200/469 person boxes
[Epoch: 3/15][Iter: 580/1713][lr: 0.000300/0.000030][loss_conf: 3.29][loss_obj: 0.60][loss_act: 1.04][loss_rel: 4.60][loss_box: 0.21][total: 21.17][time: 81.18s]
[Epoch: 3/15][Iter: 590/1713][lr: 0.000300/0.000030][loss_conf: 3.33][loss_obj: 0.64][loss_act: 1.04][loss_rel: 4.54][loss_box: 0.22][total: 21.33][time: 63.34s]
[Epoch: 3/15][Iter: 600/1713][lr: 0.000300/0.000030][loss_conf: 3.34][loss_obj: 0.63][loss_act: 1.04][loss_rel: 4.51][loss_box: 0.22][total: 21.26][time: 80.36s]
[Attn Stats] [avg_obj_confidence: 0.4023] [avg_act_confidence: 0.1911] [num_person_boxes: 188] [num_total_boxes: 437]
[Epoch: 3/15][Iter: 610/1713][lr: 0.000300/0.000030][loss_conf: 3.39][loss_obj: 0.63][loss_act: 1.06][loss_rel: 4.72][loss_box: 0.22][total: 21.82][time: 63.97s]
[Epoch: 3/15][Iter: 620/1713][lr: 0.000300/0.000030][loss_conf: 3.39][loss_obj: 0.62][loss_act: 1.13][loss_rel: 4.70][loss_box: 0.22][total: 21.86][time: 80.04s]
[Epoch: 3/15][Iter: 630/1713][lr: 0.000300/0.000030][loss_conf: 3.38][loss_obj: 0.68][loss_act: 0.99][loss_rel: 4.60][loss_box: 0.22][total: 21.55][time: 64.33s]
[Epoch: 3/15][Iter: 640/1713][lr: 0.000300/0.000030][loss_conf: 3.35][loss_obj: 0.65][loss_act: 1.01][loss_rel: 4.49][loss_box: 0.22][total: 21.24][time: 82.02s]
[Epoch: 3/15][Iter: 650/1713][lr: 0.000300/0.000030][loss_conf: 3.25][loss_obj: 0.62][loss_act: 1.04][loss_rel: 4.33][loss_box: 0.22][total: 20.64][time: 63.18s]
[Epoch: 3/15][Iter: 660/1713][lr: 0.000300/0.000030][loss_conf: 3.37][loss_obj: 0.65][loss_act: 1.05][loss_rel: 4.90][loss_box: 0.23][total: 22.22][time: 79.29s]
[Epoch: 3/15][Iter: 670/1713][lr: 0.000300/0.000030][loss_conf: 3.33][loss_obj: 0.65][loss_act: 1.09][loss_rel: 4.67][loss_box: 0.22][total: 21.66][time: 63.92s]

[Context Monitor] Epoch 3, Iter 673
  📦 Obj conf: 0.551 | Person: 0.332 | Relations: 0.096
  🔗 Context contribution: 2.06x | Scale: 1.060 | CoocScale: 0.207
  ⏱️  X3D temporal: recent=0.39/mid=0.33/overall=0.29
  📈 Gradients: SceneCtx=0.1359, ObjCtx=0.4912, ActHead=2.1513
  📊 Losses: act=1.00, obj=0.61, rel=4.68
  👥 Batch: 209/444 person boxes
[Epoch: 3/15][Iter: 680/1713][lr: 0.000300/0.000030][loss_conf: 3.33][loss_obj: 0.60][loss_act: 1.07][loss_rel: 4.65][loss_box: 0.22][total: 21.50][time: 80.24s]
[Epoch: 3/15][Iter: 690/1713][lr: 0.000300/0.000030][loss_conf: 3.25][loss_obj: 0.72][loss_act: 1.04][loss_rel: 4.37][loss_box: 0.22][total: 21.03][time: 67.48s]
[Epoch: 3/15][Iter: 700/1713][lr: 0.000300/0.000030][loss_conf: 3.31][loss_obj: 0.58][loss_act: 1.07][loss_rel: 4.60][loss_box: 0.22][total: 21.31][time: 86.13s]
[Attn Stats] [avg_obj_confidence: 0.4080] [avg_act_confidence: 0.1950] [num_person_boxes: 201] [num_total_boxes: 442]
[Epoch: 3/15][Iter: 710/1713][lr: 0.000300/0.000030][loss_conf: 3.37][loss_obj: 0.61][loss_act: 1.06][loss_rel: 4.70][loss_box: 0.22][total: 21.63][time: 66.93s]
[Epoch: 3/15][Iter: 720/1713][lr: 0.000300/0.000030][loss_conf: 3.41][loss_obj: 0.68][loss_act: 1.02][loss_rel: 4.61][loss_box: 0.24][total: 21.81][time: 85.82s]
[Epoch: 3/15][Iter: 730/1713][lr: 0.000300/0.000030][loss_conf: 3.30][loss_obj: 0.58][loss_act: 1.08][loss_rel: 4.56][loss_box: 0.23][total: 21.37][time: 66.69s]
[Epoch: 3/15][Iter: 740/1713][lr: 0.000300/0.000030][loss_conf: 3.33][loss_obj: 0.62][loss_act: 0.95][loss_rel: 4.80][loss_box: 0.21][total: 21.55][time: 82.73s]
[Epoch: 3/15][Iter: 750/1713][lr: 0.000300/0.000030][loss_conf: 3.25][loss_obj: 0.61][loss_act: 0.98][loss_rel: 4.25][loss_box: 0.22][total: 20.36][time: 67.13s]
[Epoch: 3/15][Iter: 760/1713][lr: 0.000300/0.000030][loss_conf: 3.17][loss_obj: 0.55][loss_act: 1.04][loss_rel: 4.44][loss_box: 0.21][total: 20.49][time: 85.14s]
[Epoch: 3/15][Iter: 770/1713][lr: 0.000300/0.000030][loss_conf: 3.35][loss_obj: 0.66][loss_act: 1.14][loss_rel: 4.54][loss_box: 0.22][total: 21.56][time: 66.99s]

[Context Monitor] Epoch 3, Iter 773
  📦 Obj conf: 0.550 | Person: 0.351 | Relations: 0.098
  🔗 Context contribution: 2.08x | Scale: 1.060 | CoocScale: 0.207
  ⏱️  X3D temporal: recent=0.39/mid=0.33/overall=0.29
  📈 Gradients: SceneCtx=0.1379, ObjCtx=0.5302, ActHead=2.9053
  📊 Losses: act=1.07, obj=0.59, rel=4.40
  👥 Batch: 210/465 person boxes
[Epoch: 3/15][Iter: 780/1713][lr: 0.000300/0.000030][loss_conf: 3.35][loss_obj: 0.59][loss_act: 1.08][loss_rel: 4.48][loss_box: 0.22][total: 21.24][time: 84.73s]
[Epoch: 3/15][Iter: 790/1713][lr: 0.000300/0.000030][loss_conf: 3.23][loss_obj: 0.59][loss_act: 1.09][loss_rel: 4.38][loss_box: 0.22][total: 20.75][time: 66.12s]
[Epoch: 3/15][Iter: 800/1713][lr: 0.000300/0.000030][loss_conf: 3.33][loss_obj: 0.69][loss_act: 1.05][loss_rel: 4.76][loss_box: 0.23][total: 21.90][time: 83.41s]
[Attn Stats] [avg_obj_confidence: 0.3966] [avg_act_confidence: 0.1904] [num_person_boxes: 203] [num_total_boxes: 454]
[Epoch: 3/15][Iter: 810/1713][lr: 0.000300/0.000030][loss_conf: 3.37][loss_obj: 0.61][loss_act: 0.99][loss_rel: 4.48][loss_box: 0.22][total: 21.06][time: 65.60s]
[Epoch: 3/15][Iter: 820/1713][lr: 0.000300/0.000030][loss_conf: 3.28][loss_obj: 0.67][loss_act: 1.13][loss_rel: 4.65][loss_box: 0.23][total: 21.74][time: 83.99s]
[Epoch: 3/15][Iter: 830/1713][lr: 0.000300/0.000030][loss_conf: 3.28][loss_obj: 0.57][loss_act: 1.05][loss_rel: 4.38][loss_box: 0.22][total: 20.75][time: 65.53s]
[Epoch: 3/15][Iter: 840/1713][lr: 0.000300/0.000030][loss_conf: 3.24][loss_obj: 0.54][loss_act: 1.03][loss_rel: 4.57][loss_box: 0.22][total: 21.00][time: 85.04s]
[Epoch: 3/15][Iter: 850/1713][lr: 0.000300/0.000030][loss_conf: 3.20][loss_obj: 0.63][loss_act: 1.11][loss_rel: 4.40][loss_box: 0.22][total: 20.87][time: 66.48s]
[Epoch: 3/15][Iter: 860/1713][lr: 0.000300/0.000030][loss_conf: 3.32][loss_obj: 0.67][loss_act: 1.03][loss_rel: 4.60][loss_box: 0.22][total: 21.42][time: 84.88s]
[Epoch: 3/15][Iter: 870/1713][lr: 0.000300/0.000030][loss_conf: 3.34][loss_obj: 0.55][loss_act: 0.98][loss_rel: 4.40][loss_box: 0.22][total: 20.70][time: 66.55s]

[Context Monitor] Epoch 3, Iter 873
  📦 Obj conf: 0.523 | Person: 0.339 | Relations: 0.097
  🔗 Context contribution: 2.18x | Scale: 1.060 | CoocScale: 0.208
  ⏱️  X3D temporal: recent=0.39/mid=0.33/overall=0.29
  📈 Gradients: SceneCtx=0.3251, ObjCtx=1.7716, ActHead=5.1669
  📊 Losses: act=1.08, obj=0.62, rel=4.39
  👥 Batch: 196/444 person boxes
[Epoch: 3/15][Iter: 880/1713][lr: 0.000300/0.000030][loss_conf: 3.33][loss_obj: 0.69][loss_act: 1.14][loss_rel: 4.63][loss_box: 0.23][total: 21.81][time: 85.57s]
[Epoch: 3/15][Iter: 890/1713][lr: 0.000300/0.000030][loss_conf: 3.39][loss_obj: 0.61][loss_act: 1.01][loss_rel: 4.30][loss_box: 0.21][total: 20.74][time: 67.12s]
[Epoch: 3/15][Iter: 900/1713][lr: 0.000300/0.000030][loss_conf: 3.18][loss_obj: 0.65][loss_act: 1.06][loss_rel: 4.65][loss_box: 0.23][total: 21.40][time: 85.13s]
[Attn Stats] [avg_obj_confidence: 0.4001] [avg_act_confidence: 0.1963] [num_person_boxes: 211] [num_total_boxes: 498]
[Epoch: 3/15][Iter: 910/1713][lr: 0.000300/0.000030][loss_conf: 3.25][loss_obj: 0.63][loss_act: 1.05][loss_rel: 4.46][loss_box: 0.22][total: 21.01][time: 66.86s]
[Epoch: 3/15][Iter: 920/1713][lr: 0.000300/0.000030][loss_conf: 3.36][loss_obj: 0.61][loss_act: 1.05][loss_rel: 4.58][loss_box: 0.23][total: 21.48][time: 85.88s]
[Epoch: 3/15][Iter: 930/1713][lr: 0.000300/0.000030][loss_conf: 3.36][loss_obj: 0.68][loss_act: 1.07][loss_rel: 4.54][loss_box: 0.23][total: 21.60][time: 65.53s]
[Epoch: 3/15][Iter: 940/1713][lr: 0.000300/0.000030][loss_conf: 3.35][loss_obj: 0.64][loss_act: 0.98][loss_rel: 4.35][loss_box: 0.22][total: 20.86][time: 84.82s]
[Epoch: 3/15][Iter: 950/1713][lr: 0.000300/0.000030][loss_conf: 3.28][loss_obj: 0.57][loss_act: 1.09][loss_rel: 4.68][loss_box: 0.23][total: 21.49][time: 65.87s]
[Epoch: 3/15][Iter: 960/1713][lr: 0.000300/0.000030][loss_conf: 3.32][loss_obj: 0.59][loss_act: 1.11][loss_rel: 4.42][loss_box: 0.23][total: 21.19][time: 85.50s]
[Epoch: 3/15][Iter: 970/1713][lr: 0.000300/0.000030][loss_conf: 3.33][loss_obj: 0.64][loss_act: 1.02][loss_rel: 4.46][loss_box: 0.22][total: 21.15][time: 66.31s]

[Context Monitor] Epoch 3, Iter 973
  📦 Obj conf: 0.542 | Person: 0.340 | Relations: 0.096
  🔗 Context contribution: 2.13x | Scale: 1.059 | CoocScale: 0.208
  ⏱️  X3D temporal: recent=0.39/mid=0.33/overall=0.29
  📈 Gradients: SceneCtx=0.2447, ObjCtx=2.8463, ActHead=3.6193
  📊 Losses: act=1.05, obj=0.59, rel=4.36
  👥 Batch: 203/465 person boxes
[Epoch: 3/15][Iter: 980/1713][lr: 0.000300/0.000030][loss_conf: 3.21][loss_obj: 0.60][loss_act: 1.04][loss_rel: 4.19][loss_box: 0.22][total: 20.28][time: 83.80s]
[Epoch: 3/15][Iter: 990/1713][lr: 0.000300/0.000030][loss_conf: 3.30][loss_obj: 0.65][loss_act: 1.10][loss_rel: 4.56][loss_box: 0.23][total: 21.53][time: 65.86s]
[Epoch: 3/15][Iter: 1000/1713][lr: 0.000300/0.000030][loss_conf: 3.23][loss_obj: 0.69][loss_act: 1.05][loss_rel: 4.41][loss_box: 0.22][total: 20.93][time: 85.07s]
[Attn Stats] [avg_obj_confidence: 0.4022] [avg_act_confidence: 0.1974] [num_person_boxes: 194] [num_total_boxes: 439]
[Epoch: 3/15][Iter: 1010/1713][lr: 0.000300/0.000030][loss_conf: 3.35][loss_obj: 0.56][loss_act: 0.97][loss_rel: 4.24][loss_box: 0.22][total: 20.44][time: 66.40s]
[Epoch: 3/15][Iter: 1020/1713][lr: 0.000300/0.000030][loss_conf: 3.30][loss_obj: 0.64][loss_act: 1.00][loss_rel: 4.43][loss_box: 0.22][total: 20.93][time: 85.29s]
[Epoch: 3/15][Iter: 1030/1713][lr: 0.000300/0.000030][loss_conf: 3.31][loss_obj: 0.62][loss_act: 1.00][loss_rel: 4.35][loss_box: 0.22][total: 20.72][time: 66.52s]
[Epoch: 3/15][Iter: 1040/1713][lr: 0.000300/0.000030][loss_conf: 3.32][loss_obj: 0.73][loss_act: 1.01][loss_rel: 4.72][loss_box: 0.23][total: 21.81][time: 86.87s]
[Epoch: 3/15][Iter: 1050/1713][lr: 0.000300/0.000030][loss_conf: 3.27][loss_obj: 0.66][loss_act: 1.07][loss_rel: 4.44][loss_box: 0.23][total: 21.13][time: 66.68s]
[Epoch: 3/15][Iter: 1060/1713][lr: 0.000300/0.000030][loss_conf: 3.49][loss_obj: 0.68][loss_act: 1.07][loss_rel: 4.77][loss_box: 0.22][total: 22.28][time: 84.83s]
[Epoch: 3/15][Iter: 1070/1713][lr: 0.000300/0.000030][loss_conf: 3.31][loss_obj: 0.57][loss_act: 1.06][loss_rel: 4.47][loss_box: 0.22][total: 21.01][time: 66.38s]

[Context Monitor] Epoch 3, Iter 1073
  📦 Obj conf: 0.543 | Person: 0.346 | Relations: 0.100
  🔗 Context contribution: 2.09x | Scale: 1.058 | CoocScale: 0.208
  ⏱️  X3D temporal: recent=0.39/mid=0.33/overall=0.29
  📈 Gradients: SceneCtx=0.3965, ObjCtx=0.9069, ActHead=3.7809
  📊 Losses: act=1.06, obj=0.65, rel=4.69
  👥 Batch: 192/451 person boxes
[Epoch: 3/15][Iter: 1080/1713][lr: 0.000300/0.000030][loss_conf: 3.24][loss_obj: 0.65][loss_act: 1.00][loss_rel: 4.61][loss_box: 0.22][total: 21.15][time: 84.46s]
[Epoch: 3/15][Iter: 1090/1713][lr: 0.000300/0.000030][loss_conf: 3.30][loss_obj: 0.63][loss_act: 1.08][loss_rel: 4.40][loss_box: 0.23][total: 21.11][time: 65.42s]
[Epoch: 3/15][Iter: 1100/1713][lr: 0.000300/0.000030][loss_conf: 3.28][loss_obj: 0.68][loss_act: 1.12][loss_rel: 4.44][loss_box: 0.23][total: 21.35][time: 81.52s]
[Attn Stats] [avg_obj_confidence: 0.4115] [avg_act_confidence: 0.1954] [num_person_boxes: 191] [num_total_boxes: 468]
[Epoch: 3/15][Iter: 1110/1713][lr: 0.000300/0.000030][loss_conf: 3.27][loss_obj: 0.59][loss_act: 1.08][loss_rel: 4.57][loss_box: 0.22][total: 21.23][time: 64.68s]
[Epoch: 3/15][Iter: 1120/1713][lr: 0.000300/0.000030][loss_conf: 3.35][loss_obj: 0.57][loss_act: 1.03][loss_rel: 4.56][loss_box: 0.22][total: 21.25][time: 82.40s]
[Epoch: 3/15][Iter: 1130/1713][lr: 0.000300/0.000030][loss_conf: 3.20][loss_obj: 0.65][loss_act: 0.97][loss_rel: 4.41][loss_box: 0.23][total: 20.73][time: 64.53s]
[Epoch: 3/15][Iter: 1140/1713][lr: 0.000300/0.000030][loss_conf: 3.30][loss_obj: 0.60][loss_act: 1.08][loss_rel: 4.49][loss_box: 0.21][total: 21.06][time: 82.82s]
[Epoch: 3/15][Iter: 1150/1713][lr: 0.000300/0.000030][loss_conf: 3.23][loss_obj: 0.65][loss_act: 1.11][loss_rel: 4.44][loss_box: 0.23][total: 21.13][time: 64.60s]
[Epoch: 3/15][Iter: 1160/1713][lr: 0.000300/0.000030][loss_conf: 3.28][loss_obj: 0.62][loss_act: 1.06][loss_rel: 4.35][loss_box: 0.22][total: 20.85][time: 80.90s]
[Epoch: 3/15][Iter: 1170/1713][lr: 0.000300/0.000030][loss_conf: 3.37][loss_obj: 0.62][loss_act: 0.97][loss_rel: 4.54][loss_box: 0.22][total: 21.20][time: 65.88s]

[Context Monitor] Epoch 3, Iter 1173
  📦 Obj conf: 0.567 | Person: 0.356 | Relations: 0.096
  🔗 Context contribution: 2.10x | Scale: 1.059 | CoocScale: 0.208
  ⏱️  X3D temporal: recent=0.39/mid=0.33/overall=0.29
  📈 Gradients: SceneCtx=0.2974, ObjCtx=1.7780, ActHead=4.8328
  📊 Losses: act=1.13, obj=0.64, rel=4.46
  👥 Batch: 197/444 person boxes
[Epoch: 3/15][Iter: 1180/1713][lr: 0.000300/0.000030][loss_conf: 3.24][loss_obj: 0.58][loss_act: 1.05][loss_rel: 4.58][loss_box: 0.22][total: 21.12][time: 81.50s]
[Epoch: 3/15][Iter: 1190/1713][lr: 0.000300/0.000030][loss_conf: 3.21][loss_obj: 0.61][loss_act: 1.02][loss_rel: 4.49][loss_box: 0.21][total: 20.79][time: 64.06s]
[Epoch: 3/15][Iter: 1200/1713][lr: 0.000300/0.000030][loss_conf: 3.33][loss_obj: 0.59][loss_act: 1.08][loss_rel: 4.46][loss_box: 0.22][total: 21.16][time: 104.59s]
[Attn Stats] [avg_obj_confidence: 0.4101] [avg_act_confidence: 0.1977] [num_person_boxes: 196] [num_total_boxes: 475]
[Epoch: 3/15][Iter: 1210/1713][lr: 0.000300/0.000030][loss_conf: 3.25][loss_obj: 0.64][loss_act: 1.04][loss_rel: 4.37][loss_box: 0.21][total: 20.68][time: 64.74s]
[Epoch: 3/15][Iter: 1220/1713][lr: 0.000300/0.000030][loss_conf: 3.30][loss_obj: 0.62][loss_act: 1.05][loss_rel: 4.31][loss_box: 0.23][total: 20.81][time: 81.67s]
[Epoch: 3/15][Iter: 1230/1713][lr: 0.000300/0.000030][loss_conf: 3.28][loss_obj: 0.71][loss_act: 1.06][loss_rel: 4.29][loss_box: 0.22][total: 20.89][time: 63.88s]
[Epoch: 3/15][Iter: 1240/1713][lr: 0.000300/0.000030][loss_conf: 3.12][loss_obj: 0.60][loss_act: 1.02][loss_rel: 4.54][loss_box: 0.21][total: 20.67][time: 81.66s]
[Epoch: 3/15][Iter: 1250/1713][lr: 0.000300/0.000030][loss_conf: 3.30][loss_obj: 0.61][loss_act: 1.01][loss_rel: 4.46][loss_box: 0.21][total: 20.91][time: 64.64s]
[Epoch: 3/15][Iter: 1260/1713][lr: 0.000300/0.000030][loss_conf: 3.28][loss_obj: 0.56][loss_act: 1.02][loss_rel: 4.50][loss_box: 0.22][total: 20.97][time: 82.15s]
[Epoch: 3/15][Iter: 1270/1713][lr: 0.000300/0.000030][loss_conf: 3.29][loss_obj: 0.66][loss_act: 0.96][loss_rel: 4.37][loss_box: 0.22][total: 20.80][time: 64.57s]

[Context Monitor] Epoch 3, Iter 1273
  📦 Obj conf: 0.533 | Person: 0.338 | Relations: 0.102
  🔗 Context contribution: 2.17x | Scale: 1.057 | CoocScale: 0.208
  ⏱️  X3D temporal: recent=0.39/mid=0.33/overall=0.29
  📈 Gradients: SceneCtx=0.2804, ObjCtx=1.4611, ActHead=4.4729
  📊 Losses: act=1.01, obj=0.63, rel=4.46
  👥 Batch: 202/441 person boxes
[Epoch: 3/15][Iter: 1280/1713][lr: 0.000300/0.000030][loss_conf: 3.34][loss_obj: 0.57][loss_act: 0.99][loss_rel: 4.25][loss_box: 0.22][total: 20.50][time: 81.31s]
[Epoch: 3/15][Iter: 1290/1713][lr: 0.000300/0.000030][loss_conf: 3.31][loss_obj: 0.72][loss_act: 1.03][loss_rel: 4.61][loss_box: 0.22][total: 21.59][time: 64.91s]
[Epoch: 3/15][Iter: 1300/1713][lr: 0.000300/0.000030][loss_conf: 3.27][loss_obj: 0.63][loss_act: 1.04][loss_rel: 4.40][loss_box: 0.22][total: 20.93][time: 81.13s]
[Attn Stats] [avg_obj_confidence: 0.4174] [avg_act_confidence: 0.2012] [num_person_boxes: 204] [num_total_boxes: 451]
[Epoch: 3/15][Iter: 1310/1713][lr: 0.000300/0.000030][loss_conf: 3.34][loss_obj: 0.60][loss_act: 0.99][loss_rel: 4.39][loss_box: 0.21][total: 20.77][time: 64.74s]
[Epoch: 3/15][Iter: 1320/1713][lr: 0.000300/0.000030][loss_conf: 3.26][loss_obj: 0.57][loss_act: 1.00][loss_rel: 4.38][loss_box: 0.22][total: 20.59][time: 83.18s]
[Epoch: 3/15][Iter: 1330/1713][lr: 0.000300/0.000030][loss_conf: 3.19][loss_obj: 0.60][loss_act: 1.11][loss_rel: 4.44][loss_box: 0.22][total: 20.86][time: 65.27s]
[Epoch: 3/15][Iter: 1340/1713][lr: 0.000300/0.000030][loss_conf: 3.32][loss_obj: 0.56][loss_act: 1.03][loss_rel: 4.69][loss_box: 0.22][total: 21.39][time: 81.56s]
[Epoch: 3/15][Iter: 1350/1713][lr: 0.000300/0.000030][loss_conf: 3.22][loss_obj: 0.61][loss_act: 0.96][loss_rel: 4.43][loss_box: 0.22][total: 20.67][time: 65.36s]
[Epoch: 3/15][Iter: 1360/1713][lr: 0.000300/0.000030][loss_conf: 3.22][loss_obj: 0.60][loss_act: 1.04][loss_rel: 4.34][loss_box: 0.22][total: 20.60][time: 82.77s]
[Epoch: 3/15][Iter: 1370/1713][lr: 0.000300/0.000030][loss_conf: 3.30][loss_obj: 0.61][loss_act: 1.05][loss_rel: 4.35][loss_box: 0.22][total: 20.84][time: 64.95s]

[Context Monitor] Epoch 3, Iter 1373
  📦 Obj conf: 0.514 | Person: 0.323 | Relations: 0.099
  🔗 Context contribution: 2.20x | Scale: 1.059 | CoocScale: 0.209
  ⏱️  X3D temporal: recent=0.39/mid=0.33/overall=0.29
  📈 Gradients: SceneCtx=0.4509, ObjCtx=1.5629, ActHead=5.9205
  📊 Losses: act=1.05, obj=0.58, rel=4.41
  👥 Batch: 195/463 person boxes
[Epoch: 3/15][Iter: 1380/1713][lr: 0.000300/0.000030][loss_conf: 3.19][loss_obj: 0.68][loss_act: 1.08][loss_rel: 4.37][loss_box: 0.22][total: 20.83][time: 82.59s]
[Epoch: 3/15][Iter: 1390/1713][lr: 0.000300/0.000030][loss_conf: 3.27][loss_obj: 0.56][loss_act: 0.96][loss_rel: 4.54][loss_box: 0.22][total: 20.82][time: 63.87s]
[Epoch: 3/15][Iter: 1400/1713][lr: 0.000300/0.000030][loss_conf: 3.29][loss_obj: 0.64][loss_act: 1.02][loss_rel: 4.45][loss_box: 0.23][total: 21.04][time: 81.21s]
[Attn Stats] [avg_obj_confidence: 0.4096] [avg_act_confidence: 0.2039] [num_person_boxes: 204] [num_total_boxes: 468]
[Epoch: 3/15][Iter: 1410/1713][lr: 0.000300/0.000030][loss_conf: 3.24][loss_obj: 0.57][loss_act: 0.97][loss_rel: 4.40][loss_box: 0.22][total: 20.53][time: 63.20s]
[Epoch: 3/15][Iter: 1420/1713][lr: 0.000300/0.000030][loss_conf: 3.25][loss_obj: 0.61][loss_act: 1.04][loss_rel: 4.60][loss_box: 0.21][total: 21.13][time: 81.03s]
[Epoch: 3/15][Iter: 1430/1713][lr: 0.000300/0.000030][loss_conf: 3.39][loss_obj: 0.62][loss_act: 1.07][loss_rel: 4.70][loss_box: 0.23][total: 21.82][time: 61.90s]
[Epoch: 3/15][Iter: 1440/1713][lr: 0.000300/0.000030][loss_conf: 3.28][loss_obj: 0.60][loss_act: 0.98][loss_rel: 4.70][loss_box: 0.22][total: 21.32][time: 86.27s]
[Epoch: 3/15][Iter: 1450/1713][lr: 0.000300/0.000030][loss_conf: 3.26][loss_obj: 0.55][loss_act: 0.96][loss_rel: 4.89][loss_box: 0.22][total: 21.51][time: 67.86s]
[Epoch: 3/15][Iter: 1460/1713][lr: 0.000300/0.000030][loss_conf: 3.29][loss_obj: 0.55][loss_act: 0.98][loss_rel: 4.59][loss_box: 0.22][total: 20.97][time: 86.18s]
[Epoch: 3/15][Iter: 1470/1713][lr: 0.000300/0.000030][loss_conf: 3.28][loss_obj: 0.55][loss_act: 1.10][loss_rel: 4.58][loss_box: 0.22][total: 21.25][time: 68.84s]

[Context Monitor] Epoch 3, Iter 1473
  📦 Obj conf: 0.529 | Person: 0.346 | Relations: 0.088
  🔗 Context contribution: 2.17x | Scale: 1.060 | CoocScale: 0.209
  ⏱️  X3D temporal: recent=0.39/mid=0.33/overall=0.29
  📈 Gradients: SceneCtx=0.1500, ObjCtx=0.6181, ActHead=2.1285
  📊 Losses: act=1.03, obj=0.59, rel=4.39
  👥 Batch: 194/433 person boxes
[Epoch: 3/15][Iter: 1480/1713][lr: 0.000300/0.000030][loss_conf: 3.24][loss_obj: 0.56][loss_act: 0.98][loss_rel: 4.45][loss_box: 0.21][total: 20.56][time: 87.39s]
[Epoch: 3/15][Iter: 1490/1713][lr: 0.000300/0.000030][loss_conf: 3.20][loss_obj: 0.57][loss_act: 1.03][loss_rel: 4.42][loss_box: 0.23][total: 20.71][time: 68.65s]
[Epoch: 3/15][Iter: 1500/1713][lr: 0.000300/0.000030][loss_conf: 3.16][loss_obj: 0.62][loss_act: 1.07][loss_rel: 4.40][loss_box: 0.22][total: 20.69][time: 86.81s]
[Attn Stats] [avg_obj_confidence: 0.4116] [avg_act_confidence: 0.2006] [num_person_boxes: 196] [num_total_boxes: 465]
[Epoch: 3/15][Iter: 1510/1713][lr: 0.000300/0.000030][loss_conf: 3.31][loss_obj: 0.63][loss_act: 0.99][loss_rel: 4.58][loss_box: 0.22][total: 21.24][time: 68.81s]
[Epoch: 3/15][Iter: 1520/1713][lr: 0.000300/0.000030][loss_conf: 3.38][loss_obj: 0.61][loss_act: 1.02][loss_rel: 4.42][loss_box: 0.23][total: 21.15][time: 86.70s]
[Epoch: 3/15][Iter: 1530/1713][lr: 0.000300/0.000030][loss_conf: 3.19][loss_obj: 0.62][loss_act: 1.05][loss_rel: 4.35][loss_box: 0.21][total: 20.53][time: 67.62s]
[Epoch: 3/15][Iter: 1540/1713][lr: 0.000300/0.000030][loss_conf: 3.36][loss_obj: 0.59][loss_act: 1.03][loss_rel: 4.38][loss_box: 0.23][total: 20.99][time: 87.51s]
[Epoch: 3/15][Iter: 1550/1713][lr: 0.000300/0.000030][loss_conf: 3.34][loss_obj: 0.61][loss_act: 1.12][loss_rel: 4.35][loss_box: 0.21][total: 20.93][time: 66.96s]
[Epoch: 3/15][Iter: 1560/1713][lr: 0.000300/0.000030][loss_conf: 3.28][loss_obj: 0.58][loss_act: 0.98][loss_rel: 4.36][loss_box: 0.22][total: 20.62][time: 87.77s]
[Epoch: 3/15][Iter: 1570/1713][lr: 0.000300/0.000030][loss_conf: 3.17][loss_obj: 0.55][loss_act: 1.02][loss_rel: 4.37][loss_box: 0.22][total: 20.37][time: 68.75s]

[Context Monitor] Epoch 3, Iter 1573
  📦 Obj conf: 0.547 | Person: 0.319 | Relations: 0.098
  🔗 Context contribution: 2.17x | Scale: 1.060 | CoocScale: 0.209
  ⏱️  X3D temporal: recent=0.39/mid=0.33/overall=0.29
  📈 Gradients: SceneCtx=0.3854, ObjCtx=3.3676, ActHead=5.0095
  📊 Losses: act=1.06, obj=0.68, rel=4.78
  👥 Batch: 187/403 person boxes
[Epoch: 3/15][Iter: 1580/1713][lr: 0.000300/0.000030][loss_conf: 3.18][loss_obj: 0.62][loss_act: 1.02][loss_rel: 4.24][loss_box: 0.21][total: 20.25][time: 88.03s]
[Epoch: 3/15][Iter: 1590/1713][lr: 0.000300/0.000030][loss_conf: 3.24][loss_obj: 0.51][loss_act: 0.96][loss_rel: 4.49][loss_box: 0.22][total: 20.61][time: 67.63s]
[Epoch: 3/15][Iter: 1600/1713][lr: 0.000300/0.000030][loss_conf: 3.28][loss_obj: 0.62][loss_act: 0.98][loss_rel: 4.25][loss_box: 0.21][total: 20.38][time: 87.37s]
[Attn Stats] [avg_obj_confidence: 0.4103] [avg_act_confidence: 0.1985] [num_person_boxes: 196] [num_total_boxes: 445]
[Epoch: 3/15][Iter: 1610/1713][lr: 0.000300/0.000030][loss_conf: 3.35][loss_obj: 0.62][loss_act: 1.07][loss_rel: 4.53][loss_box: 0.23][total: 21.43][time: 68.25s]
[Epoch: 3/15][Iter: 1620/1713][lr: 0.000300/0.000030][loss_conf: 3.40][loss_obj: 0.63][loss_act: 1.05][loss_rel: 4.32][loss_box: 0.22][total: 21.00][time: 87.76s]
[Epoch: 3/15][Iter: 1630/1713][lr: 0.000300/0.000030][loss_conf: 3.21][loss_obj: 0.60][loss_act: 1.01][loss_rel: 4.22][loss_box: 0.23][total: 20.37][time: 69.04s]
[Epoch: 3/15][Iter: 1640/1713][lr: 0.000300/0.000030][loss_conf: 3.33][loss_obj: 0.62][loss_act: 1.05][loss_rel: 4.15][loss_box: 0.22][total: 20.51][time: 87.57s]
[Epoch: 3/15][Iter: 1650/1713][lr: 0.000300/0.000030][loss_conf: 3.15][loss_obj: 0.55][loss_act: 1.05][loss_rel: 4.40][loss_box: 0.21][total: 20.41][time: 68.74s]
[Epoch: 3/15][Iter: 1660/1713][lr: 0.000300/0.000030][loss_conf: 3.24][loss_obj: 0.62][loss_act: 1.05][loss_rel: 4.39][loss_box: 0.22][total: 20.82][time: 89.03s]
[Epoch: 3/15][Iter: 1670/1713][lr: 0.000300/0.000030][loss_conf: 3.33][loss_obj: 0.69][loss_act: 1.09][loss_rel: 4.41][loss_box: 0.22][total: 21.21][time: 68.33s]

[Context Monitor] Epoch 3, Iter 1673
  📦 Obj conf: 0.553 | Person: 0.337 | Relations: 0.103
  🔗 Context contribution: 2.15x | Scale: 1.059 | CoocScale: 0.210
  ⏱️  X3D temporal: recent=0.39/mid=0.33/overall=0.29
  📈 Gradients: SceneCtx=0.3954, ObjCtx=1.9002, ActHead=4.7835
  📊 Losses: act=1.01, obj=0.58, rel=4.40
  👥 Batch: 206/463 person boxes
[Epoch: 3/15][Iter: 1680/1713][lr: 0.000300/0.000030][loss_conf: 3.33][loss_obj: 0.53][loss_act: 1.05][loss_rel: 4.60][loss_box: 0.22][total: 21.23][time: 89.25s]
[Epoch: 3/15][Iter: 1690/1713][lr: 0.000300/0.000030][loss_conf: 3.27][loss_obj: 0.61][loss_act: 0.97][loss_rel: 4.44][loss_box: 0.22][total: 20.79][time: 69.55s]
[Epoch: 3/15][Iter: 1700/1713][lr: 0.000300/0.000030][loss_conf: 3.22][loss_obj: 0.58][loss_act: 1.01][loss_rel: 4.21][loss_box: 0.21][total: 20.17][time: 88.79s]
[Attn Stats] [avg_obj_confidence: 0.4135] [avg_act_confidence: 0.2070] [num_person_boxes: 190] [num_total_boxes: 459]
[Epoch: 3/15][Iter: 1710/1713][lr: 0.000300/0.000030][loss_conf: 3.19][loss_obj: 0.59][loss_act: 1.09][loss_rel: 4.66][loss_box: 0.22][total: 21.23][time: 68.08s]

======================================================================
📊 EPOCH 3/15 COMPLETED
   ⏱️  Epoch time: 212.8 min | ETA: 42.6 hours
   📈 Learning Rate: 0.000300
   🖥️  GPU Memory: 75.6/79.3 GB (95%)
   🎯 Remaining: 12 epochs
======================================================================


[Attention Summary - Epoch 3]
  avg_obj_confidence: mean=0.4053, std=0.0062
  avg_act_confidence: mean=0.1947, std=0.0061
  num_person_boxes: mean=198.1667, std=6.5596
  num_total_boxes: mean=458.8889, std=14.9885


[Detailed Attention Analysis - Epoch 3, Iter 1712]
  Attention entropy (normalized): 1.0000
    (0 = focused on single position, 1 = uniform)
  Nearby vs Far ratio: 1.0000
    (>1 means attending more to nearby positions)
  Uniform attention %: 100.0%
    (Should DECREASE during training)


======================================================================
📊 EPOCH 3 CONTEXT LEARNING SUMMARY
======================================================================
  Object Confidence: 0.5370 (✅ good)
  Context Contribution: 2.13x (✅ active)
  Scene Context Gradient: 0.227475 (✅ flowing)
  Object Context Gradient: 1.143553 (✅ flowing)
  Action Loss: 2.99 → 1.02 (✅ improving)
======================================================================

🔍 Running evaluation at epoch 3...
💾 Saving checkpoint for epoch 3...
   ✅ Saved: /content/yowo/weights/charades_ag/yowo_v2_x3d_m_yolo11m_multitask/yowo_v2_x3d_m_yolo11m_multitask_epoch_3.pth
🔍 Running evaluation...

============================================================
Charades-AG Evaluation - Epoch 3
============================================================
Evaluating 14696 keyframes...
  [0/919] processed...
  [50/919] processed...
  [100/919] processed...
  [150/919] processed...
  [200/919] processed...
  [250/919] processed...
  [300/919] processed...
  [350/919] processed...
  [400/919] processed...
  [450/919] processed...
  [500/919] processed...
  [550/919] processed...
  [600/919] processed...
  [650/919] processed...
  [700/919] processed...
  [750/919] processed...
  [800/919] processed...
  [850/919] processed...
  [900/919] processed...

Inference done in 799.1s
GT frames: 14220, Detection frames: 13906

Computing mAP...

============================================================
EVALUATION RESULTS - Epoch 3
============================================================
Object mAP @ IoU=0.5:   1.51% (31/36 classes)
Action mAP @ IoU=0.5:   1.52% (156/157 classes)
Relation mAP @ IoU=0.5: 1.42% (26/26 classes)
============================================================
Total eval time: 887.3s

Top 5 Objects: ['refrigerator:8.7%', 'person:8.1%', 'mirror:7.9%', 'doorway:5.7%', 'bed:4.4%']
Bottom 5 Objects: ['dish:0.0%', 'groceries:0.0%', 'sandwich:0.0%', 'medicine:0.0%', 'doorknob:0.0%']

Top 5 Relations: ['coveredby:5.9%', 'drinkingfrom:3.7%', 'in:3.7%', 'notcontacting:2.1%', 'notlookingat:2.0%']

Results saved to: ./evaluator/eval_results/charades_ag_eval_epoch_3.npy
[Epoch: 4/15][Iter: 0/1713][lr: 0.000300/0.000030][loss_conf: 3.21][loss_obj: 0.59][loss_act: 1.07][loss_rel: 4.23][loss_box: 0.21][total: 20.30][time: 944.71s]
[Attn Stats] [avg_obj_confidence: 0.4097] [avg_act_confidence: 0.2094] [num_person_boxes: 201] [num_total_boxes: 462]
[Epoch: 4/15][Iter: 10/1713][lr: 0.000300/0.000030][loss_conf: 3.28][loss_obj: 0.60][loss_act: 1.05][loss_rel: 4.38][loss_box: 0.22][total: 20.82][time: 65.25s]
[Epoch: 4/15][Iter: 20/1713][lr: 0.000300/0.000030][loss_conf: 3.18][loss_obj: 0.58][loss_act: 0.94][loss_rel: 4.47][loss_box: 0.21][total: 20.43][time: 80.41s]
[Epoch: 4/15][Iter: 30/1713][lr: 0.000300/0.000030][loss_conf: 3.23][loss_obj: 0.58][loss_act: 1.02][loss_rel: 4.26][loss_box: 0.21][total: 20.31][time: 66.22s]
[Epoch: 4/15][Iter: 40/1713][lr: 0.000300/0.000030][loss_conf: 3.29][loss_obj: 0.61][loss_act: 1.03][loss_rel: 4.37][loss_box: 0.22][total: 20.81][time: 81.42s]
[Epoch: 4/15][Iter: 50/1713][lr: 0.000300/0.000030][loss_conf: 3.23][loss_obj: 0.58][loss_act: 0.98][loss_rel: 4.11][loss_box: 0.22][total: 20.05][time: 65.27s]

[Context Monitor] Epoch 4, Iter 60
  📦 Obj conf: 0.561 | Person: 0.356 | Relations: 0.096
  🔗 Context contribution: 2.10x | Scale: 1.060 | CoocScale: 0.209
  ⏱️  X3D temporal: recent=0.39/mid=0.33/overall=0.29
  📈 Gradients: SceneCtx=0.1269, ObjCtx=0.9561, ActHead=1.9629
  📊 Losses: act=1.03, obj=0.58, rel=4.38
  👥 Batch: 197/458 person boxes
[Epoch: 4/15][Iter: 60/1713][lr: 0.000300/0.000030][loss_conf: 3.21][loss_obj: 0.58][loss_act: 1.03][loss_rel: 4.38][loss_box: 0.23][total: 20.72][time: 83.66s]
[Epoch: 4/15][Iter: 70/1713][lr: 0.000300/0.000030][loss_conf: 3.26][loss_obj: 0.58][loss_act: 1.09][loss_rel: 4.33][loss_box: 0.21][total: 20.57][time: 65.16s]
[Epoch: 4/15][Iter: 80/1713][lr: 0.000300/0.000030][loss_conf: 3.34][loss_obj: 0.64][loss_act: 1.00][loss_rel: 4.60][loss_box: 0.22][total: 21.31][time: 83.47s]
[Epoch: 4/15][Iter: 90/1713][lr: 0.000300/0.000030][loss_conf: 3.29][loss_obj: 0.59][loss_act: 1.02][loss_rel: 4.56][loss_box: 0.23][total: 21.19][time: 68.43s]
[Epoch: 4/15][Iter: 100/1713][lr: 0.000300/0.000030][loss_conf: 3.24][loss_obj: 0.61][loss_act: 0.95][loss_rel: 4.39][loss_box: 0.21][total: 20.48][time: 83.63s]
[Attn Stats] [avg_obj_confidence: 0.4130] [avg_act_confidence: 0.2076] [num_person_boxes: 201] [num_total_boxes: 470]
[Epoch: 4/15][Iter: 110/1713][lr: 0.000300/0.000030][loss_conf: 3.15][loss_obj: 0.61][loss_act: 1.02][loss_rel: 4.39][loss_box: 0.21][total: 20.46][time: 67.82s]
[Epoch: 4/15][Iter: 120/1713][lr: 0.000300/0.000030][loss_conf: 3.15][loss_obj: 0.62][loss_act: 0.93][loss_rel: 4.22][loss_box: 0.22][total: 20.00][time: 81.87s]
[Epoch: 4/15][Iter: 130/1713][lr: 0.000300/0.000030][loss_conf: 3.25][loss_obj: 0.59][loss_act: 1.04][loss_rel: 4.44][loss_box: 0.22][total: 20.80][time: 71.62s]
[Epoch: 4/15][Iter: 140/1713][lr: 0.000300/0.000030][loss_conf: 3.26][loss_obj: 0.55][loss_act: 1.00][loss_rel: 4.53][loss_box: 0.22][total: 20.89][time: 75.92s]
[Epoch: 4/15][Iter: 150/1713][lr: 0.000300/0.000030][loss_conf: 3.24][loss_obj: 0.53][loss_act: 1.03][loss_rel: 4.29][loss_box: 0.22][total: 20.39][time: 68.88s]

[Context Monitor] Epoch 4, Iter 160
  📦 Obj conf: 0.546 | Person: 0.322 | Relations: 0.102
  🔗 Context contribution: 2.17x | Scale: 1.059 | CoocScale: 0.210
  ⏱️  X3D temporal: recent=0.39/mid=0.33/overall=0.29
  📈 Gradients: SceneCtx=0.3662, ObjCtx=3.2811, ActHead=4.6824
  📊 Losses: act=1.05, obj=0.54, rel=4.49
  👥 Batch: 206/450 person boxes
[Epoch: 4/15][Iter: 160/1713][lr: 0.000300/0.000030][loss_conf: 3.29][loss_obj: 0.54][loss_act: 1.05][loss_rel: 4.49][loss_box: 0.22][total: 20.95][time: 75.24s]
[Epoch: 4/15][Iter: 170/1713][lr: 0.000300/0.000030][loss_conf: 3.22][loss_obj: 0.57][loss_act: 1.04][loss_rel: 4.32][loss_box: 0.22][total: 20.52][time: 68.39s]
[Epoch: 4/15][Iter: 180/1713][lr: 0.000300/0.000030][loss_conf: 3.22][loss_obj: 0.62][loss_act: 1.06][loss_rel: 4.30][loss_box: 0.22][total: 20.60][time: 74.10s]
[Epoch: 4/15][Iter: 190/1713][lr: 0.000300/0.000030][loss_conf: 3.32][loss_obj: 0.57][loss_act: 1.02][loss_rel: 4.41][loss_box: 0.22][total: 20.84][time: 67.01s]
[Epoch: 4/15][Iter: 200/1713][lr: 0.000300/0.000030][loss_conf: 3.25][loss_obj: 0.58][loss_act: 1.03][loss_rel: 4.66][loss_box: 0.21][total: 21.14][time: 75.78s]
[Attn Stats] [avg_obj_confidence: 0.4137] [avg_act_confidence: 0.2047] [num_person_boxes: 202] [num_total_boxes: 457]
[Epoch: 4/15][Iter: 210/1713][lr: 0.000300/0.000030][loss_conf: 3.21][loss_obj: 0.58][loss_act: 1.01][loss_rel: 4.58][loss_box: 0.22][total: 20.95][time: 66.86s]
[Epoch: 4/15][Iter: 220/1713][lr: 0.000300/0.000030][loss_conf: 3.28][loss_obj: 0.56][loss_act: 1.08][loss_rel: 4.44][loss_box: 0.22][total: 20.88][time: 77.42s]
[Epoch: 4/15][Iter: 230/1713][lr: 0.000300/0.000030][loss_conf: 3.20][loss_obj: 0.54][loss_act: 0.98][loss_rel: 4.30][loss_box: 0.21][total: 20.15][time: 68.12s]
[Epoch: 4/15][Iter: 240/1713][lr: 0.000300/0.000030][loss_conf: 3.20][loss_obj: 0.62][loss_act: 1.09][loss_rel: 4.35][loss_box: 0.23][total: 20.80][time: 78.15s]
[Epoch: 4/15][Iter: 250/1713][lr: 0.000300/0.000030][loss_conf: 3.27][loss_obj: 0.55][loss_act: 1.01][loss_rel: 4.45][loss_box: 0.22][total: 20.73][time: 68.00s]




ctttt




✅ Using detected batch size: 160 (accumulate=2)
======================================================================
🚀 RESUMING TRAINING FROM EPOCH 3
======================================================================
📦 Batch: 160 × 2 = 320 effective
📈 LR: 0.0003 (Heads) / 0.000030 (Backbones)
📊 Eval: Every 1 epoch(s)
💾 Resume: /content/yowo_v2_x3d_m_yolo11m_multitask_epoch_3-3.pth

📋 Full Command:
python train.py     -d charades_ag     -v yowo_v2_x3d_m_yolo11m_multitask     --cuda     --amp     --eval     -bs 160     -accu 2     --max_epoch 15     --lr_epoch 8 10 12     --root /content/yowo/data     -K 16     -lr 0.0003     --label_smoothing 0.05     --num_workers 4     --save_folder /content/yowo/weights     --eval_epoch 1 -r /content/yowo_v2_x3d_m_yolo11m_multitask_epoch_3-3.pth

======================================================================

Creating new Ultralytics Settings v0.0.6 file ✅ 
View Ultralytics Settings with 'yolo settings' or at '/root/.config/Ultralytics/settings.json'
Update Settings with 'yolo settings key=value', i.e. 'yolo settings runs_dir=path/to/dir'. For help see https://docs.ultralytics.com/quickstart/#ultralytics-settings.
Setting Arguments.. :  Namespace(cuda=True, tfboard=False, save_folder='/content/yowo/weights', vis_data=False, eval=True, eval_epoch=1, save_dir='inference_results/', eval_first=False, batch_size=160, test_batch_size=16, accumulate=2, base_lr=0.0003, lr_decay_ratio=0.5, max_epoch=15, lr_epoch=[8, 10, 12], version='yowo_v2_x3d_m_yolo11m_multitask', resume='/content/yowo_v2_x3d_m_yolo11m_multitask_epoch_3-3.pth', conf_thresh=0.1, nms_thresh=0.5, topk=40, len_clip=16, freeze_backbone_2d=False, freeze_backbone_3d=False, memory=False, dataset='charades_ag', root='/content/yowo/data', num_workers=4, center_sampling_radius=2.5, topk_candicate=10, loss_conf_weight=1, loss_cls_weight=1, loss_reg_weight=5, focal_loss=False, label_smoothing=0.05, distributed=False, dist_url='env://', world_size=1, sybn=False, amp=True)
----------------------------------------------------------
World size: 1
use cuda
==============================
Dataset Config: CHARADES_AG 
==============================
Model Config: YOWO_V2_X3D_M_YOLO11M_MULTITASK 
Loaded 274086 keyframes for train
Loaded 14696 keyframes for val
Charades-AG Evaluator initialized:
  Test keyframes: 14696
  Objects: 36, Actions: 157, Relations: 26
==============================
Training model on: charades_ag
The dataset size: 274086
==============================
Build YOWO_V2_X3D_M_YOLO11M_MULTITASK (Multi-Task) ...
  Objects: 36
  Actions: 157
  Relations: 26
==============================
2D Backbone: YOLO11M
--pretrained: True
Downloading https://github.com/ultralytics/assets/releases/download/v8.3.0/yolo11m.pt to 'yolo11m.pt': 100% ━━━━━━━━━━━━ 38.8MB 82.2MB/s 0.5s
YOLO11 feature dimensions: [256, 512, 512]
YOLO11 feature strides: [8, 16, 32]
==============================
3D Backbone: X3D_M
--pretrained: True
Loading X3D model: x3d_m (pretrained=True)
Downloading: "https://github.com/facebookresearch/pytorchvideo/zipball/main" to /root/.cache/torch/hub/main.zip
Downloading: "https://dl.fbaipublicfiles.com/pytorchvideo/model_zoo/kinetics/X3D_M.pyth" to /root/.cache/torch/hub/checkpoints/X3D_M.pyth
100% 29.4M/29.4M [00:00<00:00, 87.4MB/s]
==============================
Head: Decoupled Head
==============================
Head: Decoupled Head
==============================
Head: Decoupled Head
Resuming from:  /content/yowo_v2_x3d_m_yolo11m_multitask_epoch_3-3.pth
==============================
[INFO] Register count_convNd() for <class 'torch.nn.modules.conv.Conv2d'>.
[INFO] Register count_normalization() for <class 'torch.nn.modules.batchnorm.BatchNorm2d'>.
[INFO] Register zero_ops() for <class 'torch.nn.modules.container.Sequential'>.
[INFO] Register zero_ops() for <class 'torch.nn.modules.pooling.MaxPool2d'>.
[INFO] Register count_upsample() for <class 'torch.nn.modules.upsampling.Upsample'>.
[INFO] Register count_convNd() for <class 'torch.nn.modules.conv.Conv3d'>.
[INFO] Register count_normalization() for <class 'torch.nn.modules.batchnorm.BatchNorm3d'>.
[INFO] Register zero_ops() for <class 'torch.nn.modules.activation.ReLU'>.
[INFO] Register count_adap_avgpool() for <class 'torch.nn.modules.pooling.AdaptiveAvgPool3d'>.
[INFO] Register count_convNd() for <class 'torch.nn.modules.conv.Conv1d'>.
[INFO] Register count_softmax() for <class 'torch.nn.modules.activation.Softmax'>.
[INFO] Register zero_ops() for <class 'torch.nn.modules.dropout.Dropout'>.
[INFO] Register count_linear() for <class 'torch.nn.modules.linear.Linear'>.
/usr/local/lib/python3.12/dist-packages/torch/functional.py:505: UserWarning: torch.meshgrid: in an upcoming release, it will be required to pass the indexing argument. (Triggered internally at /pytorch/aten/src/ATen/native/TensorShape.cpp:4317.)
  return _VF.meshgrid(tensors, **kwargs)  # type: ignore[attr-defined]
==============================
FLOPs : 10.32 G
Params : 25.44 M
==============================
Optimizer: adamw
--momentum: 0.9
--weight_decay: 0.0005
--Backbone parameters: 647
--Head/Context parameters: 204
--Backbone LR: 0.000030
--Head/Context LR: 0.000300
Loading checkpoint for resume:  /content/yowo_v2_x3d_m_yolo11m_multitask_epoch_3-3.pth
✅ Loaded optimizer state (momentum buffers preserved)
✅ Resuming from epoch 3
✅ Loaded LR scheduler state, current LR: 0.000300
==============================
WarmUpScheduler: linear
--base_lr: 0.0003
--warmup_factor: 0.00066667
--wp_iter: 500
Warmup already completed in previous training (past 5139 iters, wp_iter=500)
Using Automatic Mixed Precision (AMP) training
/content/yowo/train.py:256: FutureWarning: `torch.cuda.amp.GradScaler(args...)` is deprecated. Please use `torch.amp.GradScaler('cuda', args...)` instead.
  scaler = GradScaler()
Initializing attention logger for multi-task model...
AttentionLogger initialized. Logs will be saved to: /content/yowo/weights/charades_ag/yowo_v2_x3d_m_yolo11m_multitask/attention_logs
Initializing cross-attention monitor for multi-task model...
[CrossAttentionMonitor] Initialized. Logs: /content/yowo/weights/charades_ag/yowo_v2_x3d_m_yolo11m_multitask/cross_attention_logs
/content/yowo/train.py:312: FutureWarning: `torch.cuda.amp.autocast(args...)` is deprecated. Please use `torch.amp.autocast('cuda', args...)` instead.
  with autocast():
/content/yowo/models/yowo/matcher.py:59: FutureWarning: `torch.cuda.amp.autocast(args...)` is deprecated. Please use `torch.amp.autocast('cuda', args...)` instead.
  with torch.cuda.amp.autocast(enabled=False):
[Epoch: 4/15][Iter: 0/1713][lr: 0.000300/0.000030][loss_conf: 3.24][loss_obj: 0.53][loss_act: 1.02][loss_rel: 4.40][loss_box: 0.21][total: 20.51][time: 77.91s]
[Attn Stats] [avg_obj_confidence: 0.4133] [avg_act_confidence: 0.2081] [num_person_boxes: 204] [num_total_boxes: 464]
[Epoch: 4/15][Iter: 10/1713][lr: 0.000300/0.000030][loss_conf: 3.28][loss_obj: 0.61][loss_act: 1.01][loss_rel: 4.33][loss_box: 0.22][total: 20.68][time: 34.83s]
[Epoch: 4/15][Iter: 20/1713][lr: 0.000300/0.000030][loss_conf: 3.17][loss_obj: 0.62][loss_act: 1.05][loss_rel: 4.43][loss_box: 0.22][total: 20.73][time: 62.18s]
[Epoch: 4/15][Iter: 30/1713][lr: 0.000300/0.000030][loss_conf: 3.15][loss_obj: 0.58][loss_act: 1.03][loss_rel: 4.47][loss_box: 0.22][total: 20.62][time: 73.41s]
[Epoch: 4/15][Iter: 40/1713][lr: 0.000300/0.000030][loss_conf: 3.23][loss_obj: 0.62][loss_act: 0.94][loss_rel: 4.56][loss_box: 0.23][total: 21.00][time: 63.93s]
[Epoch: 4/15][Iter: 50/1713][lr: 0.000300/0.000030][loss_conf: 3.33][loss_obj: 0.60][loss_act: 1.04][loss_rel: 4.35][loss_box: 0.23][total: 20.96][time: 71.45s]
[Epoch: 4/15][Iter: 60/1713][lr: 0.000300/0.000030][loss_conf: 3.26][loss_obj: 0.62][loss_act: 1.05][loss_rel: 4.36][loss_box: 0.22][total: 20.76][time: 62.79s]
[Epoch: 4/15][Iter: 70/1713][lr: 0.000300/0.000030][loss_conf: 3.25][loss_obj: 0.63][loss_act: 0.98][loss_rel: 4.34][loss_box: 0.21][total: 20.57][time: 71.75s]
[Epoch: 4/15][Iter: 80/1713][lr: 0.000300/0.000030][loss_conf: 3.27][loss_obj: 0.59][loss_act: 0.93][loss_rel: 4.29][loss_box: 0.22][total: 20.34][time: 62.67s]
[Epoch: 4/15][Iter: 90/1713][lr: 0.000300/0.000030][loss_conf: 3.28][loss_obj: 0.65][loss_act: 1.01][loss_rel: 4.41][loss_box: 0.23][total: 20.95][time: 72.24s]

[Context Monitor] Epoch 4, Iter 99
  📦 Obj conf: 0.545 | Person: 0.366 | Relations: 0.096
  🔗 Context contribution: 2.18x | Scale: 1.060 | CoocScale: 0.210
  ⏱️  X3D temporal: recent=0.39/mid=0.33/overall=0.29
  📈 Gradients: SceneCtx=0.4409, ObjCtx=1.0636, ActHead=7.0964
  📊 Losses: act=1.01, obj=0.56, rel=4.13
  👥 Batch: 192/430 person boxes
[Epoch: 4/15][Iter: 100/1713][lr: 0.000300/0.000030][loss_conf: 3.33][loss_obj: 0.59][loss_act: 1.03][loss_rel: 4.53][loss_box: 0.22][total: 21.16][time: 75.47s]
[Attn Stats] [avg_obj_confidence: 0.4097] [avg_act_confidence: 0.2061] [num_person_boxes: 181] [num_total_boxes: 468]
[Epoch: 4/15][Iter: 110/1713][lr: 0.000300/0.000030][loss_conf: 3.22][loss_obj: 0.54][loss_act: 1.00][loss_rel: 4.19][loss_box: 0.21][total: 20.01][time: 59.48s]
[Epoch: 4/15][Iter: 120/1713][lr: 0.000300/0.000030][loss_conf: 3.17][loss_obj: 0.55][loss_act: 1.00][loss_rel: 4.16][loss_box: 0.21][total: 19.89][time: 62.39s]
[Epoch: 4/15][Iter: 130/1713][lr: 0.000300/0.000030][loss_conf: 3.29][loss_obj: 0.51][loss_act: 0.98][loss_rel: 4.36][loss_box: 0.22][total: 20.50][time: 70.93s]
[Epoch: 4/15][Iter: 140/1713][lr: 0.000300/0.000030][loss_conf: 3.26][loss_obj: 0.62][loss_act: 0.97][loss_rel: 4.39][loss_box: 0.22][total: 20.69][time: 64.00s]
[Epoch: 4/15][Iter: 150/1713][lr: 0.000300/0.000030][loss_conf: 3.26][loss_obj: 0.59][loss_act: 1.04][loss_rel: 4.48][loss_box: 0.22][total: 20.91][time: 72.61s]
[Epoch: 4/15][Iter: 160/1713][lr: 0.000300/0.000030][loss_conf: 3.28][loss_obj: 0.64][loss_act: 1.00][loss_rel: 4.37][loss_box: 0.22][total: 20.74][time: 61.02s]
[Epoch: 4/15][Iter: 170/1713][lr: 0.000300/0.000030][loss_conf: 3.15][loss_obj: 0.53][loss_act: 1.00][loss_rel: 4.43][loss_box: 0.22][total: 20.41][time: 72.72s]
[Epoch: 4/15][Iter: 180/1713][lr: 0.000300/0.000030][loss_conf: 3.20][loss_obj: 0.66][loss_act: 0.94][loss_rel: 4.30][loss_box: 0.21][total: 20.30][time: 60.73s]
[Epoch: 4/15][Iter: 190/1713][lr: 0.000300/0.000030][loss_conf: 3.15][loss_obj: 0.65][loss_act: 1.06][loss_rel: 4.43][loss_box: 0.21][total: 20.72][time: 69.76s]

[Context Monitor] Epoch 4, Iter 199
  📦 Obj conf: 0.543 | Person: 0.329 | Relations: 0.101
  🔗 Context contribution: 2.14x | Scale: 1.061 | CoocScale: 0.210
  ⏱️  X3D temporal: recent=0.39/mid=0.33/overall=0.29
  📈 Gradients: SceneCtx=0.4257, ObjCtx=0.9609, ActHead=5.5079
  📊 Losses: act=1.00, obj=0.62, rel=4.08
  👥 Batch: 188/441 person boxes
[Epoch: 4/15][Iter: 200/1713][lr: 0.000300/0.000030][loss_conf: 3.23][loss_obj: 0.51][loss_act: 1.02][loss_rel: 4.26][loss_box: 0.22][total: 20.23][time: 63.36s]
[Attn Stats] [avg_obj_confidence: 0.4128] [avg_act_confidence: 0.2065] [num_person_boxes: 200] [num_total_boxes: 453]
[Epoch: 4/15][Iter: 210/1713][lr: 0.000300/0.000030][loss_conf: 3.22][loss_obj: 0.61][loss_act: 0.97][loss_rel: 4.42][loss_box: 0.22][total: 20.69][time: 70.34s]
[Epoch: 4/15][Iter: 220/1713][lr: 0.000300/0.000030][loss_conf: 3.25][loss_obj: 0.60][loss_act: 1.07][loss_rel: 4.39][loss_box: 0.22][total: 20.76][time: 60.29s]
[Epoch: 4/15][Iter: 230/1713][lr: 0.000300/0.000030][loss_conf: 3.23][loss_obj: 0.56][loss_act: 0.98][loss_rel: 4.29][loss_box: 0.23][total: 20.38][time: 70.74s]
[Epoch: 4/15][Iter: 240/1713][lr: 0.000300/0.000030][loss_conf: 3.26][loss_obj: 0.51][loss_act: 1.01][loss_rel: 4.28][loss_box: 0.21][total: 20.25][time: 59.87s]
[Epoch: 4/15][Iter: 250/1713][lr: 0.000300/0.000030][loss_conf: 3.30][loss_obj: 0.57][loss_act: 1.07][loss_rel: 4.30][loss_box: 0.22][total: 20.66][time: 70.30s]
[Epoch: 4/15][Iter: 260/1713][lr: 0.000300/0.000030][loss_conf: 3.26][loss_obj: 0.63][loss_act: 0.97][loss_rel: 4.62][loss_box: 0.21][total: 21.09][time: 61.79s]
[Epoch: 4/15][Iter: 270/1713][lr: 0.000300/0.000030][loss_conf: 3.19][loss_obj: 0.49][loss_act: 1.03][loss_rel: 4.18][loss_box: 0.21][total: 19.85][time: 68.90s]
[Epoch: 4/15][Iter: 280/1713][lr: 0.000300/0.000030][loss_conf: 3.19][loss_obj: 0.59][loss_act: 0.98][loss_rel: 4.17][loss_box: 0.21][total: 19.95][time: 62.45s]
[Epoch: 4/15][Iter: 290/1713][lr: 0.000300/0.000030][loss_conf: 3.26][loss_obj: 0.51][loss_act: 0.96][loss_rel: 4.55][loss_box: 0.22][total: 20.71][time: 67.37s]

[Context Monitor] Epoch 4, Iter 299
  📦 Obj conf: 0.552 | Person: 0.357 | Relations: 0.098
  🔗 Context contribution: 2.15x | Scale: 1.060 | CoocScale: 0.210
  ⏱️  X3D temporal: recent=0.39/mid=0.33/overall=0.29
  📈 Gradients: SceneCtx=0.4796, ObjCtx=1.2500, ActHead=7.4963
  📊 Losses: act=1.04, obj=0.55, rel=4.35
  👥 Batch: 194/444 person boxes
[Epoch: 4/15][Iter: 300/1713][lr: 0.000300/0.000030][loss_conf: 3.20][loss_obj: 0.52][loss_act: 0.95][loss_rel: 4.46][loss_box: 0.21][total: 20.38][time: 63.40s]
[Attn Stats] [avg_obj_confidence: 0.4111] [avg_act_confidence: 0.2070] [num_person_boxes: 186] [num_total_boxes: 439]
[Epoch: 4/15][Iter: 310/1713][lr: 0.000300/0.000030][loss_conf: 3.34][loss_obj: 0.58][loss_act: 1.00][loss_rel: 4.41][loss_box: 0.23][total: 21.00][time: 67.88s]
[Epoch: 4/15][Iter: 320/1713][lr: 0.000300/0.000030][loss_conf: 3.23][loss_obj: 0.57][loss_act: 1.01][loss_rel: 4.25][loss_box: 0.22][total: 20.33][time: 61.26s]
[Epoch: 4/15][Iter: 330/1713][lr: 0.000300/0.000030][loss_conf: 3.23][loss_obj: 0.61][loss_act: 1.07][loss_rel: 4.36][loss_box: 0.23][total: 20.81][time: 69.63s]
[Epoch: 4/15][Iter: 340/1713][lr: 0.000300/0.000030][loss_conf: 3.25][loss_obj: 0.62][loss_act: 1.02][loss_rel: 4.26][loss_box: 0.22][total: 20.45][time: 59.95s]
[Epoch: 4/15][Iter: 350/1713][lr: 0.000300/0.000030][loss_conf: 3.24][loss_obj: 0.55][loss_act: 0.98][loss_rel: 4.24][loss_box: 0.22][total: 20.20][time: 68.99s]
[Epoch: 4/15][Iter: 360/1713][lr: 0.000300/0.000030][loss_conf: 3.28][loss_obj: 0.56][loss_act: 1.04][loss_rel: 4.38][loss_box: 0.22][total: 20.68][time: 59.32s]
[Epoch: 4/15][Iter: 370/1713][lr: 0.000300/0.000030][loss_conf: 3.18][loss_obj: 0.51][loss_act: 0.96][loss_rel: 4.24][loss_box: 0.20][total: 19.82][time: 68.98s]
[Epoch: 4/15][Iter: 380/1713][lr: 0.000300/0.000030][loss_conf: 3.31][loss_obj: 0.65][loss_act: 0.98][loss_rel: 4.33][loss_box: 0.22][total: 20.80][time: 58.15s]
[Epoch: 4/15][Iter: 390/1713][lr: 0.000300/0.000030][loss_conf: 3.22][loss_obj: 0.60][loss_act: 1.01][loss_rel: 4.50][loss_box: 0.22][total: 20.87][time: 68.87s]

[Context Monitor] Epoch 4, Iter 399
  📦 Obj conf: 0.519 | Person: 0.327 | Relations: 0.101
  🔗 Context contribution: 2.18x | Scale: 1.059 | CoocScale: 0.210
  ⏱️  X3D temporal: recent=0.39/mid=0.33/overall=0.29
  📈 Gradients: SceneCtx=0.4348, ObjCtx=2.4689, ActHead=5.5723
  📊 Losses: act=0.99, obj=0.49, rel=4.37
  👥 Batch: 204/442 person boxes
[Epoch: 4/15][Iter: 400/1713][lr: 0.000300/0.000030][loss_conf: 3.28][loss_obj: 0.56][loss_act: 1.05][loss_rel: 4.22][loss_box: 0.22][total: 20.38][time: 59.94s]
[Attn Stats] [avg_obj_confidence: 0.4056] [avg_act_confidence: 0.2062] [num_person_boxes: 187] [num_total_boxes: 436]
[Epoch: 4/15][Iter: 410/1713][lr: 0.000300/0.000030][loss_conf: 3.21][loss_obj: 0.51][loss_act: 1.08][loss_rel: 4.36][loss_box: 0.21][total: 20.42][time: 70.19s]
[Epoch: 4/15][Iter: 420/1713][lr: 0.000300/0.000030][loss_conf: 3.18][loss_obj: 0.57][loss_act: 1.08][loss_rel: 4.30][loss_box: 0.22][total: 20.45][time: 57.34s]
[Epoch: 4/15][Iter: 430/1713][lr: 0.000300/0.000030][loss_conf: 3.24][loss_obj: 0.50][loss_act: 1.01][loss_rel: 4.35][loss_box: 0.22][total: 20.36][time: 71.06s]
[Epoch: 4/15][Iter: 440/1713][lr: 0.000300/0.000030][loss_conf: 3.28][loss_obj: 0.58][loss_act: 1.06][loss_rel: 4.53][loss_box: 0.23][total: 21.17][time: 56.86s]
[Epoch: 4/15][Iter: 450/1713][lr: 0.000300/0.000030][loss_conf: 3.28][loss_obj: 0.60][loss_act: 1.01][loss_rel: 4.51][loss_box: 0.21][total: 20.95][time: 70.82s]
[Epoch: 4/15][Iter: 460/1713][lr: 0.000300/0.000030][loss_conf: 3.35][loss_obj: 0.57][loss_act: 1.02][loss_rel: 4.18][loss_box: 0.22][total: 20.42][time: 56.35s]
[Epoch: 4/15][Iter: 470/1713][lr: 0.000300/0.000030][loss_conf: 3.22][loss_obj: 0.61][loss_act: 0.97][loss_rel: 4.30][loss_box: 0.21][total: 20.26][time: 71.12s]
[Epoch: 4/15][Iter: 480/1713][lr: 0.000300/0.000030][loss_conf: 3.31][loss_obj: 0.64][loss_act: 1.08][loss_rel: 4.51][loss_box: 0.21][total: 21.16][time: 57.30s]
[Epoch: 4/15][Iter: 490/1713][lr: 0.000300/0.000030][loss_conf: 3.23][loss_obj: 0.61][loss_act: 1.00][loss_rel: 4.36][loss_box: 0.21][total: 20.54][time: 71.78s]

[Context Monitor] Epoch 4, Iter 499
  📦 Obj conf: 0.539 | Person: 0.339 | Relations: 0.101
  🔗 Context contribution: 2.19x | Scale: 1.060 | CoocScale: 0.210
  ⏱️  X3D temporal: recent=0.39/mid=0.33/overall=0.29
  📈 Gradients: SceneCtx=0.3346, ObjCtx=1.6329, ActHead=5.4241
  📊 Losses: act=1.02, obj=0.62, rel=4.31
  👥 Batch: 200/435 person boxes
[Epoch: 4/15][Iter: 500/1713][lr: 0.000300/0.000030][loss_conf: 3.23][loss_obj: 0.53][loss_act: 0.99][loss_rel: 4.30][loss_box: 0.21][total: 20.25][time: 56.60s]
[Attn Stats] [avg_obj_confidence: 0.4111] [avg_act_confidence: 0.2062] [num_person_boxes: 199] [num_total_boxes: 436]
[Epoch: 4/15][Iter: 510/1713][lr: 0.000300/0.000030][loss_conf: 3.25][loss_obj: 0.57][loss_act: 1.00][loss_rel: 4.38][loss_box: 0.21][total: 20.48][time: 71.15s]
[Epoch: 4/15][Iter: 520/1713][lr: 0.000300/0.000030][loss_conf: 3.36][loss_obj: 0.61][loss_act: 0.99][loss_rel: 4.54][loss_box: 0.21][total: 21.14][time: 57.15s]
[Epoch: 4/15][Iter: 530/1713][lr: 0.000300/0.000030][loss_conf: 3.24][loss_obj: 0.60][loss_act: 1.05][loss_rel: 4.33][loss_box: 0.21][total: 20.51][time: 71.32s]
[Epoch: 4/15][Iter: 540/1713][lr: 0.000300/0.000030][loss_conf: 3.29][loss_obj: 0.55][loss_act: 0.93][loss_rel: 4.36][loss_box: 0.21][total: 20.41][time: 57.12s]
[Epoch: 4/15][Iter: 550/1713][lr: 0.000300/0.000030][loss_conf: 3.14][loss_obj: 0.62][loss_act: 1.00][loss_rel: 4.50][loss_box: 0.21][total: 20.61][time: 71.28s]
[Epoch: 4/15][Iter: 560/1713][lr: 0.000300/0.000030][loss_conf: 3.29][loss_obj: 0.64][loss_act: 0.93][loss_rel: 4.22][loss_box: 0.22][total: 20.39][time: 57.28s]
[Epoch: 4/15][Iter: 570/1713][lr: 0.000300/0.000030][loss_conf: 3.22][loss_obj: 0.64][loss_act: 0.97][loss_rel: 4.08][loss_box: 0.22][total: 19.97][time: 71.60s]
[Epoch: 4/15][Iter: 580/1713][lr: 0.000300/0.000030][loss_conf: 3.20][loss_obj: 0.51][loss_act: 1.00][loss_rel: 4.09][loss_box: 0.22][total: 19.77][time: 57.58s]
[Epoch: 4/15][Iter: 590/1713][lr: 0.000300/0.000030][loss_conf: 3.24][loss_obj: 0.56][loss_act: 1.07][loss_rel: 4.47][loss_box: 0.21][total: 20.78][time: 71.47s]

[Context Monitor] Epoch 4, Iter 599
  📦 Obj conf: 0.545 | Person: 0.364 | Relations: 0.101
  🔗 Context contribution: 2.16x | Scale: 1.060 | CoocScale: 0.211
  ⏱️  X3D temporal: recent=0.39/mid=0.33/overall=0.29
  📈 Gradients: SceneCtx=0.3908, ObjCtx=1.5462, ActHead=6.4746
  📊 Losses: act=0.97, obj=0.52, rel=4.31
  👥 Batch: 193/424 person boxes
[Epoch: 4/15][Iter: 600/1713][lr: 0.000300/0.000030][loss_conf: 3.10][loss_obj: 0.59][loss_act: 1.05][loss_rel: 4.31][loss_box: 0.21][total: 20.16][time: 58.62s]
[Attn Stats] [avg_obj_confidence: 0.4099] [avg_act_confidence: 0.2111] [num_person_boxes: 190] [num_total_boxes: 467]
[Epoch: 4/15][Iter: 610/1713][lr: 0.000300/0.000030][loss_conf: 3.28][loss_obj: 0.62][loss_act: 0.93][loss_rel: 4.33][loss_box: 0.21][total: 20.42][time: 70.68s]
[Epoch: 4/15][Iter: 620/1713][lr: 0.000300/0.000030][loss_conf: 3.25][loss_obj: 0.68][loss_act: 1.03][loss_rel: 4.38][loss_box: 0.22][total: 20.86][time: 57.86s]
[Epoch: 4/15][Iter: 630/1713][lr: 0.000300/0.000030][loss_conf: 3.21][loss_obj: 0.58][loss_act: 1.03][loss_rel: 4.44][loss_box: 0.22][total: 20.72][time: 71.26s]
[Epoch: 4/15][Iter: 640/1713][lr: 0.000300/0.000030][loss_conf: 3.25][loss_obj: 0.63][loss_act: 1.01][loss_rel: 4.40][loss_box: 0.22][total: 20.81][time: 58.96s]
[Epoch: 4/15][Iter: 650/1713][lr: 0.000300/0.000030][loss_conf: 3.26][loss_obj: 0.56][loss_act: 1.05][loss_rel: 4.54][loss_box: 0.23][total: 21.07][time: 70.70s]
[Epoch: 4/15][Iter: 660/1713][lr: 0.000300/0.000030][loss_conf: 3.18][loss_obj: 0.57][loss_act: 1.01][loss_rel: 4.38][loss_box: 0.22][total: 20.49][time: 58.14s]
[Epoch: 4/15][Iter: 670/1713][lr: 0.000300/0.000030][loss_conf: 3.21][loss_obj: 0.55][loss_act: 1.06][loss_rel: 4.16][loss_box: 0.21][total: 20.11][time: 70.33s]
[Epoch: 4/15][Iter: 680/1713][lr: 0.000300/0.000030][loss_conf: 3.29][loss_obj: 0.61][loss_act: 0.96][loss_rel: 4.45][loss_box: 0.21][total: 20.74][time: 58.23s]
[Epoch: 4/15][Iter: 690/1713][lr: 0.000300/0.000030][loss_conf: 3.22][loss_obj: 0.61][loss_act: 0.95][loss_rel: 4.26][loss_box: 0.22][total: 20.30][time: 69.87s]

[Context Monitor] Epoch 4, Iter 699
  📦 Obj conf: 0.554 | Person: 0.372 | Relations: 0.097
  🔗 Context contribution: 2.16x | Scale: 1.060 | CoocScale: 0.211
  ⏱️  X3D temporal: recent=0.39/mid=0.33/overall=0.29
  📈 Gradients: SceneCtx=0.3608, ObjCtx=1.3899, ActHead=5.3271
  📊 Losses: act=1.03, obj=0.65, rel=4.40
  👥 Batch: 189/476 person boxes
[Epoch: 4/15][Iter: 700/1713][lr: 0.000300/0.000030][loss_conf: 3.25][loss_obj: 0.65][loss_act: 0.93][loss_rel: 4.32][loss_box: 0.22][total: 20.49][time: 57.83s]
[Attn Stats] [avg_obj_confidence: 0.4138] [avg_act_confidence: 0.2081] [num_person_boxes: 188] [num_total_boxes: 440]
[Epoch: 4/15][Iter: 710/1713][lr: 0.000300/0.000030][loss_conf: 3.24][loss_obj: 0.57][loss_act: 1.04][loss_rel: 4.35][loss_box: 0.22][total: 20.60][time: 71.42s]
[Epoch: 4/15][Iter: 720/1713][lr: 0.000300/0.000030][loss_conf: 3.16][loss_obj: 0.57][loss_act: 0.92][loss_rel: 4.15][loss_box: 0.20][total: 19.61][time: 56.66s]
[Epoch: 4/15][Iter: 730/1713][lr: 0.000300/0.000030][loss_conf: 3.28][loss_obj: 0.58][loss_act: 0.94][loss_rel: 4.35][loss_box: 0.22][total: 20.46][time: 70.03s]
[Epoch: 4/15][Iter: 740/1713][lr: 0.000300/0.000030][loss_conf: 3.16][loss_obj: 0.58][loss_act: 1.02][loss_rel: 4.25][loss_box: 0.22][total: 20.21][time: 56.46s]
[Epoch: 4/15][Iter: 750/1713][lr: 0.000300/0.000030][loss_conf: 3.25][loss_obj: 0.52][loss_act: 1.07][loss_rel: 4.41][loss_box: 0.21][total: 20.56][time: 70.49s]
[Epoch: 4/15][Iter: 760/1713][lr: 0.000300/0.000030][loss_conf: 3.26][loss_obj: 0.60][loss_act: 1.02][loss_rel: 4.47][loss_box: 0.23][total: 20.96][time: 56.00s]
[Epoch: 4/15][Iter: 770/1713][lr: 0.000300/0.000030][loss_conf: 3.16][loss_obj: 0.64][loss_act: 0.94][loss_rel: 4.33][loss_box: 0.21][total: 20.24][time: 71.55s]
[Epoch: 4/15][Iter: 780/1713][lr: 0.000300/0.000030][loss_conf: 3.29][loss_obj: 0.61][loss_act: 1.04][loss_rel: 4.33][loss_box: 0.22][total: 20.73][time: 58.06s]
[Epoch: 4/15][Iter: 790/1713][lr: 0.000300/0.000030][loss_conf: 3.13][loss_obj: 0.51][loss_act: 0.99][loss_rel: 4.35][loss_box: 0.21][total: 20.04][time: 71.37s]

[Context Monitor] Epoch 4, Iter 799
  📦 Obj conf: 0.565 | Person: 0.337 | Relations: 0.101
  🔗 Context contribution: 2.14x | Scale: 1.060 | CoocScale: 0.211
  ⏱️  X3D temporal: recent=0.39/mid=0.33/overall=0.29
  📈 Gradients: SceneCtx=0.3410, ObjCtx=1.0508, ActHead=4.6662
  📊 Losses: act=1.00, obj=0.51, rel=4.09
  👥 Batch: 212/480 person boxes
[Epoch: 4/15][Iter: 800/1713][lr: 0.000300/0.000030][loss_conf: 3.17][loss_obj: 0.56][loss_act: 1.00][loss_rel: 4.44][loss_box: 0.22][total: 20.52][time: 60.00s]
[Attn Stats] [avg_obj_confidence: 0.4198] [avg_act_confidence: 0.2081] [num_person_boxes: 196] [num_total_boxes: 445]
[Epoch: 4/15][Iter: 810/1713][lr: 0.000300/0.000030][loss_conf: 3.21][loss_obj: 0.62][loss_act: 0.97][loss_rel: 4.31][loss_box: 0.21][total: 20.37][time: 71.37s]
[Epoch: 4/15][Iter: 820/1713][lr: 0.000300/0.000030][loss_conf: 3.11][loss_obj: 0.61][loss_act: 1.02][loss_rel: 4.44][loss_box: 0.22][total: 20.61][time: 57.35s]
[Epoch: 4/15][Iter: 830/1713][lr: 0.000300/0.000030][loss_conf: 3.28][loss_obj: 0.50][loss_act: 0.94][loss_rel: 4.12][loss_box: 0.21][total: 19.80][time: 73.53s]
[Epoch: 4/15][Iter: 840/1713][lr: 0.000300/0.000030][loss_conf: 3.34][loss_obj: 0.59][loss_act: 1.03][loss_rel: 4.48][loss_box: 0.22][total: 21.02][time: 57.44s]
[Epoch: 4/15][Iter: 850/1713][lr: 0.000300/0.000030][loss_conf: 3.21][loss_obj: 0.58][loss_act: 1.00][loss_rel: 4.45][loss_box: 0.22][total: 20.67][time: 71.27s]
[Epoch: 4/15][Iter: 860/1713][lr: 0.000300/0.000030][loss_conf: 3.31][loss_obj: 0.60][loss_act: 0.99][loss_rel: 4.26][loss_box: 0.22][total: 20.52][time: 57.07s]
[Epoch: 4/15][Iter: 870/1713][lr: 0.000300/0.000030][loss_conf: 3.12][loss_obj: 0.51][loss_act: 0.94][loss_rel: 4.36][loss_box: 0.20][total: 19.90][time: 69.98s]
[Epoch: 4/15][Iter: 880/1713][lr: 0.000300/0.000030][loss_conf: 3.18][loss_obj: 0.57][loss_act: 1.01][loss_rel: 4.25][loss_box: 0.22][total: 20.18][time: 56.74s]
[Epoch: 4/15][Iter: 890/1713][lr: 0.000300/0.000030][loss_conf: 3.20][loss_obj: 0.56][loss_act: 1.05][loss_rel: 4.31][loss_box: 0.21][total: 20.33][time: 70.79s]

[Context Monitor] Epoch 4, Iter 899
  📦 Obj conf: 0.568 | Person: 0.344 | Relations: 0.105
  🔗 Context contribution: 2.10x | Scale: 1.059 | CoocScale: 0.212
  ⏱️  X3D temporal: recent=0.39/mid=0.33/overall=0.29
  📈 Gradients: SceneCtx=0.3687, ObjCtx=0.8318, ActHead=5.7983
  📊 Losses: act=0.98, obj=0.52, rel=4.09
  👥 Batch: 200/465 person boxes
[Epoch: 4/15][Iter: 900/1713][lr: 0.000300/0.000030][loss_conf: 3.22][loss_obj: 0.60][loss_act: 1.00][loss_rel: 4.25][loss_box: 0.22][total: 20.31][time: 56.34s]
[Attn Stats] [avg_obj_confidence: 0.4238] [avg_act_confidence: 0.2094] [num_person_boxes: 215] [num_total_boxes: 470]
[Epoch: 4/15][Iter: 910/1713][lr: 0.000300/0.000030][loss_conf: 3.16][loss_obj: 0.67][loss_act: 1.06][loss_rel: 4.22][loss_box: 0.22][total: 20.45][time: 70.23s]
[Epoch: 4/15][Iter: 920/1713][lr: 0.000300/0.000030][loss_conf: 3.25][loss_obj: 0.56][loss_act: 0.97][loss_rel: 4.14][loss_box: 0.21][total: 19.99][time: 58.52s]
[Epoch: 4/15][Iter: 930/1713][lr: 0.000300/0.000030][loss_conf: 3.33][loss_obj: 0.50][loss_act: 1.00][loss_rel: 4.36][loss_box: 0.21][total: 20.42][time: 69.88s]
[Epoch: 4/15][Iter: 940/1713][lr: 0.000300/0.000030][loss_conf: 3.24][loss_obj: 0.55][loss_act: 0.97][loss_rel: 4.04][loss_box: 0.21][total: 19.74][time: 56.79s]
[Epoch: 4/15][Iter: 950/1713][lr: 0.000300/0.000030][loss_conf: 3.21][loss_obj: 0.59][loss_act: 1.02][loss_rel: 4.54][loss_box: 0.21][total: 20.84][time: 71.07s]
[Epoch: 4/15][Iter: 960/1713][lr: 0.000300/0.000030][loss_conf: 3.24][loss_obj: 0.56][loss_act: 0.98][loss_rel: 4.17][loss_box: 0.21][total: 20.04][time: 56.31s]
[Epoch: 4/15][Iter: 970/1713][lr: 0.000300/0.000030][loss_conf: 3.28][loss_obj: 0.54][loss_act: 0.98][loss_rel: 4.41][loss_box: 0.21][total: 20.57][time: 69.98s]
[Epoch: 4/15][Iter: 980/1713][lr: 0.000300/0.000030][loss_conf: 3.29][loss_obj: 0.57][loss_act: 0.93][loss_rel: 4.04][loss_box: 0.20][total: 19.72][time: 57.87s]
[Epoch: 4/15][Iter: 990/1713][lr: 0.000300/0.000030][loss_conf: 3.20][loss_obj: 0.59][loss_act: 0.97][loss_rel: 4.23][loss_box: 0.21][total: 20.04][time: 69.93s]

[Context Monitor] Epoch 4, Iter 999
  📦 Obj conf: 0.553 | Person: 0.323 | Relations: 0.108
  🔗 Context contribution: 2.17x | Scale: 1.059 | CoocScale: 0.212
  ⏱️  X3D temporal: recent=0.39/mid=0.33/overall=0.29
  📈 Gradients: SceneCtx=0.2547, ObjCtx=1.7816, ActHead=3.8445
  📊 Losses: act=0.98, obj=0.65, rel=4.29
  👥 Batch: 193/448 person boxes
[Epoch: 4/15][Iter: 1000/1713][lr: 0.000300/0.000030][loss_conf: 3.25][loss_obj: 0.65][loss_act: 1.05][loss_rel: 4.14][loss_box: 0.21][total: 20.30][time: 62.24s]
[Attn Stats] [avg_obj_confidence: 0.4212] [avg_act_confidence: 0.2068] [num_person_boxes: 191] [num_total_boxes: 432]
[Epoch: 4/15][Iter: 1010/1713][lr: 0.000300/0.000030][loss_conf: 3.19][loss_obj: 0.51][loss_act: 1.05][loss_rel: 4.48][loss_box: 0.22][total: 20.64][time: 68.06s]
[Epoch: 4/15][Iter: 1020/1713][lr: 0.000300/0.000030][loss_conf: 3.09][loss_obj: 0.51][loss_act: 0.92][loss_rel: 4.17][loss_box: 0.21][total: 19.49][time: 58.65s]
[Epoch: 4/15][Iter: 1030/1713][lr: 0.000300/0.000030][loss_conf: 3.24][loss_obj: 0.50][loss_act: 0.99][loss_rel: 4.09][loss_box: 0.22][total: 19.80][time: 68.30s]
[Epoch: 4/15][Iter: 1040/1713][lr: 0.000300/0.000030][loss_conf: 3.24][loss_obj: 0.56][loss_act: 0.94][loss_rel: 4.10][loss_box: 0.21][total: 19.79][time: 58.88s]
[Epoch: 4/15][Iter: 1050/1713][lr: 0.000300/0.000030][loss_conf: 3.29][loss_obj: 0.58][loss_act: 0.84][loss_rel: 4.40][loss_box: 0.21][total: 20.31][time: 69.63s]
[Epoch: 4/15][Iter: 1060/1713][lr: 0.000300/0.000030][loss_conf: 3.33][loss_obj: 0.59][loss_act: 0.97][loss_rel: 4.41][loss_box: 0.21][total: 20.75][time: 57.86s]
[Epoch: 4/15][Iter: 1070/1713][lr: 0.000300/0.000030][loss_conf: 3.18][loss_obj: 0.58][loss_act: 0.97][loss_rel: 4.50][loss_box: 0.23][total: 20.77][time: 69.13s]
[Epoch: 4/15][Iter: 1080/1713][lr: 0.000300/0.000030][loss_conf: 3.32][loss_obj: 0.59][loss_act: 0.97][loss_rel: 4.50][loss_box: 0.22][total: 20.93][time: 59.87s]
[Epoch: 4/15][Iter: 1090/1713][lr: 0.000300/0.000030][loss_conf: 3.17][loss_obj: 0.58][loss_act: 1.02][loss_rel: 4.42][loss_box: 0.21][total: 20.49][time: 68.05s]

[Context Monitor] Epoch 4, Iter 1099
  📦 Obj conf: 0.549 | Person: 0.328 | Relations: 0.101
  🔗 Context contribution: 2.15x | Scale: 1.058 | CoocScale: 0.212
  ⏱️  X3D temporal: recent=0.39/mid=0.33/overall=0.29
  📈 Gradients: SceneCtx=0.4405, ObjCtx=1.3045, ActHead=5.4079
  📊 Losses: act=1.00, obj=0.54, rel=4.19
  👥 Batch: 198/430 person boxes
[Epoch: 4/15][Iter: 1100/1713][lr: 0.000300/0.000030][loss_conf: 3.20][loss_obj: 0.58][loss_act: 0.97][loss_rel: 4.52][loss_box: 0.21][total: 20.61][time: 59.11s]
[Attn Stats] [avg_obj_confidence: 0.4171] [avg_act_confidence: 0.2100] [num_person_boxes: 189] [num_total_boxes: 439]
[Epoch: 4/15][Iter: 1110/1713][lr: 0.000300/0.000030][loss_conf: 3.24][loss_obj: 0.55][loss_act: 1.01][loss_rel: 4.48][loss_box: 0.22][total: 20.75][time: 67.98s]
[Epoch: 4/15][Iter: 1120/1713][lr: 0.000300/0.000030][loss_conf: 3.17][loss_obj: 0.54][loss_act: 0.90][loss_rel: 4.15][loss_box: 0.21][total: 19.59][time: 59.38s]
[Epoch: 4/15][Iter: 1130/1713][lr: 0.000300/0.000030][loss_conf: 3.22][loss_obj: 0.54][loss_act: 0.94][loss_rel: 4.19][loss_box: 0.21][total: 19.89][time: 68.71s]
[Epoch: 4/15][Iter: 1140/1713][lr: 0.000300/0.000030][loss_conf: 3.23][loss_obj: 0.51][loss_act: 0.95][loss_rel: 4.21][loss_box: 0.21][total: 19.86][time: 58.64s]
[Epoch: 4/15][Iter: 1150/1713][lr: 0.000300/0.000030][loss_conf: 3.25][loss_obj: 0.57][loss_act: 1.08][loss_rel: 4.44][loss_box: 0.22][total: 20.83][time: 69.90s]
[Epoch: 4/15][Iter: 1160/1713][lr: 0.000300/0.000030][loss_conf: 3.14][loss_obj: 0.65][loss_act: 1.02][loss_rel: 4.26][loss_box: 0.21][total: 20.23][time: 58.59s]
[Epoch: 4/15][Iter: 1170/1713][lr: 0.000300/0.000030][loss_conf: 3.23][loss_obj: 0.55][loss_act: 1.04][loss_rel: 4.41][loss_box: 0.21][total: 20.54][time: 67.89s]
[Epoch: 4/15][Iter: 1180/1713][lr: 0.000300/0.000030][loss_conf: 3.12][loss_obj: 0.57][loss_act: 1.00][loss_rel: 4.22][loss_box: 0.22][total: 19.99][time: 58.95s]
[Epoch: 4/15][Iter: 1190/1713][lr: 0.000300/0.000030][loss_conf: 3.13][loss_obj: 0.66][loss_act: 1.05][loss_rel: 4.22][loss_box: 0.21][total: 20.17][time: 68.70s]

[Context Monitor] Epoch 4, Iter 1199
  📦 Obj conf: 0.547 | Person: 0.332 | Relations: 0.104
  🔗 Context contribution: 2.15x | Scale: 1.059 | CoocScale: 0.213
  ⏱️  X3D temporal: recent=0.39/mid=0.33/overall=0.29
  📈 Gradients: SceneCtx=0.3758, ObjCtx=1.1637, ActHead=5.4282
  📊 Losses: act=1.01, obj=0.61, rel=4.57
  👥 Batch: 207/470 person boxes
[Epoch: 4/15][Iter: 1200/1713][lr: 0.000300/0.000030][loss_conf: 3.12][loss_obj: 0.57][loss_act: 0.99][loss_rel: 4.22][loss_box: 0.22][total: 19.97][time: 59.81s]
[Attn Stats] [avg_obj_confidence: 0.4144] [avg_act_confidence: 0.2122] [num_person_boxes: 204] [num_total_boxes: 463]
[Epoch: 4/15][Iter: 1210/1713][lr: 0.000300/0.000030][loss_conf: 3.25][loss_obj: 0.54][loss_act: 1.02][loss_rel: 4.38][loss_box: 0.22][total: 20.56][time: 68.25s]
[Epoch: 4/15][Iter: 1220/1713][lr: 0.000300/0.000030][loss_conf: 3.13][loss_obj: 0.55][loss_act: 0.94][loss_rel: 4.27][loss_box: 0.20][total: 19.82][time: 58.17s]
[Epoch: 4/15][Iter: 1230/1713][lr: 0.000300/0.000030][loss_conf: 3.33][loss_obj: 0.57][loss_act: 0.98][loss_rel: 4.56][loss_box: 0.21][total: 20.99][time: 70.16s]
[Epoch: 4/15][Iter: 1240/1713][lr: 0.000300/0.000030][loss_conf: 3.26][loss_obj: 0.55][loss_act: 1.07][loss_rel: 4.39][loss_box: 0.22][total: 20.70][time: 63.46s]
[Epoch: 4/15][Iter: 1250/1713][lr: 0.000300/0.000030][loss_conf: 3.15][loss_obj: 0.55][loss_act: 0.97][loss_rel: 4.18][loss_box: 0.21][total: 19.81][time: 67.60s]
[Epoch: 4/15][Iter: 1260/1713][lr: 0.000300/0.000030][loss_conf: 3.26][loss_obj: 0.70][loss_act: 0.99][loss_rel: 4.08][loss_box: 0.22][total: 20.29][time: 61.47s]
[Epoch: 4/15][Iter: 1270/1713][lr: 0.000300/0.000030][loss_conf: 3.24][loss_obj: 0.58][loss_act: 1.01][loss_rel: 4.29][loss_box: 0.22][total: 20.47][time: 66.01s]
[Epoch: 4/15][Iter: 1280/1713][lr: 0.000300/0.000030][loss_conf: 3.29][loss_obj: 0.55][loss_act: 0.89][loss_rel: 4.12][loss_box: 0.21][total: 19.83][time: 63.31s]
[Epoch: 4/15][Iter: 1290/1713][lr: 0.000300/0.000030][loss_conf: 3.27][loss_obj: 0.59][loss_act: 0.97][loss_rel: 4.14][loss_box: 0.22][total: 20.17][time: 64.22s]

[Context Monitor] Epoch 4, Iter 1299
  📦 Obj conf: 0.578 | Person: 0.313 | Relations: 0.095
  🔗 Context contribution: 2.16x | Scale: 1.060 | CoocScale: 0.213
  ⏱️  X3D temporal: recent=0.39/mid=0.33/overall=0.29
  📈 Gradients: SceneCtx=0.4273, ObjCtx=1.4797, ActHead=4.5889
  📊 Losses: act=0.93, obj=0.53, rel=4.30
  👥 Batch: 216/494 person boxes
[Epoch: 4/15][Iter: 1300/1713][lr: 0.000300/0.000030][loss_conf: 3.09][loss_obj: 0.57][loss_act: 0.99][loss_rel: 4.33][loss_box: 0.21][total: 20.07][time: 65.45s]
[Attn Stats] [avg_obj_confidence: 0.4245] [avg_act_confidence: 0.2115] [num_person_boxes: 197] [num_total_boxes: 483]
[Epoch: 4/15][Iter: 1310/1713][lr: 0.000300/0.000030][loss_conf: 3.16][loss_obj: 0.52][loss_act: 0.96][loss_rel: 4.43][loss_box: 0.21][total: 20.24][time: 63.04s]
[Epoch: 4/15][Iter: 1320/1713][lr: 0.000300/0.000030][loss_conf: 3.24][loss_obj: 0.61][loss_act: 1.01][loss_rel: 4.04][loss_box: 0.20][total: 19.81][time: 65.29s]
[Epoch: 4/15][Iter: 1330/1713][lr: 0.000300/0.000030][loss_conf: 3.29][loss_obj: 0.60][loss_act: 0.98][loss_rel: 4.20][loss_box: 0.22][total: 20.37][time: 64.17s]
[Epoch: 4/15][Iter: 1340/1713][lr: 0.000300/0.000030][loss_conf: 3.21][loss_obj: 0.56][loss_act: 0.98][loss_rel: 4.24][loss_box: 0.21][total: 20.06][time: 65.68s]
[Epoch: 4/15][Iter: 1350/1713][lr: 0.000300/0.000030][loss_conf: 3.29][loss_obj: 0.55][loss_act: 0.93][loss_rel: 4.47][loss_box: 0.22][total: 20.70][time: 61.65s]
[Epoch: 4/15][Iter: 1360/1713][lr: 0.000300/0.000030][loss_conf: 3.17][loss_obj: 0.50][loss_act: 0.99][loss_rel: 4.28][loss_box: 0.21][total: 19.95][time: 66.56s]
[Epoch: 4/15][Iter: 1370/1713][lr: 0.000300/0.000030][loss_conf: 3.23][loss_obj: 0.59][loss_act: 1.01][loss_rel: 4.46][loss_box: 0.21][total: 20.63][time: 59.81s]
[Epoch: 4/15][Iter: 1380/1713][lr: 0.000300/0.000030][loss_conf: 3.23][loss_obj: 0.61][loss_act: 0.92][loss_rel: 4.52][loss_box: 0.22][total: 20.81][time: 69.38s]
[Epoch: 4/15][Iter: 1390/1713][lr: 0.000300/0.000030][loss_conf: 3.22][loss_obj: 0.67][loss_act: 0.98][loss_rel: 4.47][loss_box: 0.22][total: 20.84][time: 58.07s]

[Context Monitor] Epoch 4, Iter 1399
  📦 Obj conf: 0.581 | Person: 0.363 | Relations: 0.097
  🔗 Context contribution: 2.13x | Scale: 1.059 | CoocScale: 0.213
  ⏱️  X3D temporal: recent=0.39/mid=0.33/overall=0.29
  📈 Gradients: SceneCtx=0.6185, ObjCtx=1.3462, ActHead=5.9435
  📊 Losses: act=0.96, obj=0.55, rel=4.19
  👥 Batch: 202/441 person boxes
[Epoch: 4/15][Iter: 1400/1713][lr: 0.000300/0.000030][loss_conf: 3.26][loss_obj: 0.62][loss_act: 0.97][loss_rel: 4.48][loss_box: 0.21][total: 20.75][time: 72.84s]
[Attn Stats] [avg_obj_confidence: 0.4251] [avg_act_confidence: 0.2121] [num_person_boxes: 189] [num_total_boxes: 446]
[Epoch: 4/15][Iter: 1410/1713][lr: 0.000300/0.000030][loss_conf: 3.29][loss_obj: 0.54][loss_act: 0.97][loss_rel: 4.28][loss_box: 0.21][total: 20.30][time: 57.00s]
[Epoch: 4/15][Iter: 1420/1713][lr: 0.000300/0.000030][loss_conf: 3.19][loss_obj: 0.67][loss_act: 1.06][loss_rel: 4.59][loss_box: 0.22][total: 21.25][time: 72.19s]
[Epoch: 4/15][Iter: 1430/1713][lr: 0.000300/0.000030][loss_conf: 3.14][loss_obj: 0.53][loss_act: 1.03][loss_rel: 4.15][loss_box: 0.21][total: 19.78][time: 58.11s]
[Epoch: 4/15][Iter: 1440/1713][lr: 0.000300/0.000030][loss_conf: 3.23][loss_obj: 0.60][loss_act: 0.94][loss_rel: 4.29][loss_box: 0.21][total: 20.18][time: 72.15s]
[Epoch: 4/15][Iter: 1450/1713][lr: 0.000300/0.000030][loss_conf: 3.23][loss_obj: 0.54][loss_act: 0.93][loss_rel: 4.26][loss_box: 0.21][total: 20.06][time: 57.06s]
[Epoch: 4/15][Iter: 1460/1713][lr: 0.000300/0.000030][loss_conf: 3.24][loss_obj: 0.61][loss_act: 1.00][loss_rel: 4.22][loss_box: 0.21][total: 20.30][time: 71.65s]
[Epoch: 4/15][Iter: 1470/1713][lr: 0.000300/0.000030][loss_conf: 3.27][loss_obj: 0.65][loss_act: 0.95][loss_rel: 4.52][loss_box: 0.22][total: 20.94][time: 56.70s]
[Epoch: 4/15][Iter: 1480/1713][lr: 0.000300/0.000030][loss_conf: 3.21][loss_obj: 0.62][loss_act: 0.97][loss_rel: 4.15][loss_box: 0.21][total: 19.95][time: 70.10s]
[Epoch: 4/15][Iter: 1490/1713][lr: 0.000300/0.000030][loss_conf: 3.19][loss_obj: 0.50][loss_act: 0.96][loss_rel: 4.19][loss_box: 0.21][total: 19.80][time: 55.93s]

[Context Monitor] Epoch 4, Iter 1499
  📦 Obj conf: 0.570 | Person: 0.329 | Relations: 0.095
  🔗 Context contribution: 2.16x | Scale: 1.058 | CoocScale: 0.214
  ⏱️  X3D temporal: recent=0.38/mid=0.33/overall=0.29
  📈 Gradients: SceneCtx=0.4156, ObjCtx=1.5283, ActHead=6.2800
  📊 Losses: act=0.95, obj=0.60, rel=4.37
  👥 Batch: 186/434 person boxes
[Epoch: 4/15][Iter: 1500/1713][lr: 0.000300/0.000030][loss_conf: 3.22][loss_obj: 0.54][loss_act: 0.97][loss_rel: 4.43][loss_box: 0.20][total: 20.36][time: 72.82s]
[Attn Stats] [avg_obj_confidence: 0.4287] [avg_act_confidence: 0.2115] [num_person_boxes: 191] [num_total_boxes: 445]
[Epoch: 4/15][Iter: 1510/1713][lr: 0.000300/0.000030][loss_conf: 3.14][loss_obj: 0.57][loss_act: 0.96][loss_rel: 4.09][loss_box: 0.20][total: 19.52][time: 56.21s]
[Epoch: 4/15][Iter: 1520/1713][lr: 0.000300/0.000030][loss_conf: 3.30][loss_obj: 0.65][loss_act: 1.06][loss_rel: 4.40][loss_box: 0.21][total: 20.98][time: 70.38s]
[Epoch: 4/15][Iter: 1530/1713][lr: 0.000300/0.000030][loss_conf: 3.16][loss_obj: 0.57][loss_act: 0.98][loss_rel: 4.26][loss_box: 0.21][total: 20.07][time: 57.01s]
[Epoch: 4/15][Iter: 1540/1713][lr: 0.000300/0.000030][loss_conf: 3.13][loss_obj: 0.60][loss_act: 0.98][loss_rel: 4.14][loss_box: 0.22][total: 19.89][time: 75.97s]
[Epoch: 4/15][Iter: 1550/1713][lr: 0.000300/0.000030][loss_conf: 3.35][loss_obj: 0.61][loss_act: 1.02][loss_rel: 4.44][loss_box: 0.22][total: 21.05][time: 56.26s]
[Epoch: 4/15][Iter: 1560/1713][lr: 0.000300/0.000030][loss_conf: 3.17][loss_obj: 0.48][loss_act: 0.91][loss_rel: 4.34][loss_box: 0.21][total: 19.93][time: 71.02s]
[Epoch: 4/15][Iter: 1570/1713][lr: 0.000300/0.000030][loss_conf: 3.13][loss_obj: 0.60][loss_act: 1.03][loss_rel: 4.26][loss_box: 0.20][total: 20.09][time: 56.97s]
[Epoch: 4/15][Iter: 1580/1713][lr: 0.000300/0.000030][loss_conf: 3.27][loss_obj: 0.63][loss_act: 0.97][loss_rel: 4.24][loss_box: 0.22][total: 20.37][time: 70.90s]
[Epoch: 4/15][Iter: 1590/1713][lr: 0.000300/0.000030][loss_conf: 3.17][loss_obj: 0.55][loss_act: 0.95][loss_rel: 4.17][loss_box: 0.21][total: 19.82][time: 56.16s]

[Context Monitor] Epoch 4, Iter 1599
  📦 Obj conf: 0.592 | Person: 0.343 | Relations: 0.102
  🔗 Context contribution: 2.13x | Scale: 1.059 | CoocScale: 0.213
  ⏱️  X3D temporal: recent=0.38/mid=0.33/overall=0.29
  📈 Gradients: SceneCtx=0.3231, ObjCtx=1.4684, ActHead=5.3271
  📊 Losses: act=1.00, obj=0.58, rel=4.12
  👥 Batch: 212/477 person boxes
[Epoch: 4/15][Iter: 1600/1713][lr: 0.000300/0.000030][loss_conf: 3.09][loss_obj: 0.53][loss_act: 0.99][loss_rel: 4.10][loss_box: 0.21][total: 19.58][time: 70.33s]
[Attn Stats] [avg_obj_confidence: 0.4258] [avg_act_confidence: 0.2179] [num_person_boxes: 198] [num_total_boxes: 483]
[Epoch: 4/15][Iter: 1610/1713][lr: 0.000300/0.000030][loss_conf: 3.25][loss_obj: 0.52][loss_act: 1.00][loss_rel: 4.16][loss_box: 0.21][total: 19.96][time: 55.36s]
[Epoch: 4/15][Iter: 1620/1713][lr: 0.000300/0.000030][loss_conf: 3.16][loss_obj: 0.53][loss_act: 1.01][loss_rel: 4.39][loss_box: 0.21][total: 20.23][time: 71.40s]
[Epoch: 4/15][Iter: 1630/1713][lr: 0.000300/0.000030][loss_conf: 3.30][loss_obj: 0.58][loss_act: 0.87][loss_rel: 4.03][loss_box: 0.20][total: 19.62][time: 56.50s]
[Epoch: 4/15][Iter: 1640/1713][lr: 0.000300/0.000030][loss_conf: 3.16][loss_obj: 0.54][loss_act: 0.92][loss_rel: 4.04][loss_box: 0.21][total: 19.36][time: 70.66s]
[Epoch: 4/15][Iter: 1650/1713][lr: 0.000300/0.000030][loss_conf: 3.19][loss_obj: 0.50][loss_act: 0.91][loss_rel: 4.51][loss_box: 0.21][total: 20.34][time: 56.01s]
[Epoch: 4/15][Iter: 1660/1713][lr: 0.000300/0.000030][loss_conf: 3.10][loss_obj: 0.54][loss_act: 0.99][loss_rel: 4.19][loss_box: 0.20][total: 19.66][time: 70.37s]
[Epoch: 4/15][Iter: 1670/1713][lr: 0.000300/0.000030][loss_conf: 3.23][loss_obj: 0.52][loss_act: 0.97][loss_rel: 4.23][loss_box: 0.22][total: 20.08][time: 56.67s]
[Epoch: 4/15][Iter: 1680/1713][lr: 0.000300/0.000030][loss_conf: 3.13][loss_obj: 0.47][loss_act: 0.99][loss_rel: 4.27][loss_box: 0.20][total: 19.78][time: 71.05s]
[Epoch: 4/15][Iter: 1690/1713][lr: 0.000300/0.000030][loss_conf: 3.15][loss_obj: 0.48][loss_act: 0.96][loss_rel: 4.07][loss_box: 0.21][total: 19.38][time: 57.04s]

[Context Monitor] Epoch 4, Iter 1699
  📦 Obj conf: 0.576 | Person: 0.355 | Relations: 0.106
  🔗 Context contribution: 2.20x | Scale: 1.059 | CoocScale: 0.213
  ⏱️  X3D temporal: recent=0.38/mid=0.33/overall=0.29
  📈 Gradients: SceneCtx=0.4830, ObjCtx=2.4203, ActHead=6.6131
  📊 Losses: act=1.02, obj=0.58, rel=4.05
  👥 Batch: 193/432 person boxes
[Epoch: 4/15][Iter: 1700/1713][lr: 0.000300/0.000030][loss_conf: 3.15][loss_obj: 0.54][loss_act: 1.01][loss_rel: 4.31][loss_box: 0.20][total: 20.05][time: 70.95s]
[Attn Stats] [avg_obj_confidence: 0.4274] [avg_act_confidence: 0.2157] [num_person_boxes: 207] [num_total_boxes: 466]
[Epoch: 4/15][Iter: 1710/1713][lr: 0.000300/0.000030][loss_conf: 3.17][loss_obj: 0.55][loss_act: 0.98][loss_rel: 4.38][loss_box: 0.22][total: 20.36][time: 55.00s]

======================================================================
📊 EPOCH 4/15 COMPLETED
   ⏱️  Epoch time: 185.0 min | ETA: 33.9 hours
   📈 Learning Rate: 0.000300
   🖥️  GPU Memory: 75.7/79.3 GB (95%)
   🎯 Remaining: 11 epochs
======================================================================


[Attention Summary - Epoch 4]
  avg_obj_confidence: mean=0.4175, std=0.0069
  avg_act_confidence: mean=0.2097, std=0.0033
  num_person_boxes: mean=195.1111, std=8.4320
  num_total_boxes: mean=454.1667, std=16.0425


[Detailed Attention Analysis - Epoch 4, Iter 1712]
  Attention entropy (normalized): 1.0000
    (0 = focused on single position, 1 = uniform)
  Nearby vs Far ratio: 1.0000
    (>1 means attending more to nearby positions)
  Uniform attention %: 100.0%
    (Should DECREASE during training)


======================================================================
📊 EPOCH 4 CONTEXT LEARNING SUMMARY
======================================================================
  Object Confidence: 0.5574 (✅ good)
  Context Contribution: 2.16x (✅ active)
  Scene Context Gradient: 0.406782 (✅ flowing)
  Object Context Gradient: 1.452215 (✅ flowing)
  Action Loss: 1.03 → 0.97 (✅ improving)
======================================================================

🔍 Running evaluation at epoch 4...
💾 Saving checkpoint for epoch 4...
   ✅ Saved: /content/yowo/weights/charades_ag/yowo_v2_x3d_m_yolo11m_multitask/yowo_v2_x3d_m_yolo11m_multitask_epoch_4.pth
🔍 Running evaluation...

============================================================
Charades-AG Evaluation - Epoch 4
============================================================
Evaluating 14696 keyframes...
  [0/919] processed...
  [50/919] processed...
  [100/919] processed...
  [150/919] processed...
  [200/919] processed...
  [250/919] processed...
  [300/919] processed...
  [350/919] processed...
  [400/919] processed...
  [450/919] processed...
  [500/919] processed...
  [550/919] processed...
  [600/919] processed...
  [650/919] processed...
  [700/919] processed...
  [750/919] processed...
  [800/919] processed...
  [850/919] processed...
  [900/919] processed...

Inference done in 643.5s
GT frames: 14220, Detection frames: 13936

Computing mAP...

============================================================
EVALUATION RESULTS - Epoch 4
============================================================
Object mAP @ IoU=0.5:   1.58% (31/36 classes)
Action mAP @ IoU=0.5:   1.77% (156/157 classes)
Relation mAP @ IoU=0.5: 1.54% (26/26 classes)
============================================================
Total eval time: 705.0s

Top 5 Objects: ['refrigerator:10.0%', 'person:8.0%', 'mirror:6.5%', 'window:5.4%', 'doorway:5.3%']
Bottom 5 Objects: ['food:0.0%', 'medicine:0.0%', 'sandwich:0.0%', 'light:0.0%', 'doorknob:0.0%']

Top 5 Relations: ['drinkingfrom:4.9%', 'coveredby:3.9%', 'in:3.5%', 'eating:2.5%', 'notcontacting:2.3%']

Results saved to: ./evaluator/eval_results/charades_ag_eval_epoch_4.npy

============================================================
CLASSIFICATION METRICS (on IoU≥0.5 matched boxes)
============================================================
  📦 Object Accuracy (matched boxes): 79.4% (5220/6571)
  🎬 Action F1 (person boxes only):   26.9% (P=30.9%, R=23.9%)
  👤 Person boxes with ≥1 correct action: 44.8% (2119/4732)
  🔗 Relation F1 (all boxes):         68.8% (P=62.5%, R=76.6%)
============================================================
[Epoch: 5/15][Iter: 0/1713][lr: 0.000300/0.000030][loss_conf: 3.19][loss_obj: 0.57][loss_act: 1.00][loss_rel: 4.29][loss_box: 0.22][total: 20.27][time: 756.54s]
[Attn Stats] [avg_obj_confidence: 0.4246] [avg_act_confidence: 0.2142] [num_person_boxes: 198] [num_total_boxes: 459]
[Epoch: 5/15][Iter: 10/1713][lr: 0.000300/0.000030][loss_conf: 3.24][loss_obj: 0.55][loss_act: 0.94][loss_rel: 4.05][loss_box: 0.21][total: 19.69][time: 54.89s]
[Epoch: 5/15][Iter: 20/1713][lr: 0.000300/0.000030][loss_conf: 3.23][loss_obj: 0.63][loss_act: 1.01][loss_rel: 4.40][loss_box: 0.21][total: 20.64][time: 68.63s]
[Epoch: 5/15][Iter: 30/1713][lr: 0.000300/0.000030][loss_conf: 3.20][loss_obj: 0.53][loss_act: 1.00][loss_rel: 4.19][loss_box: 0.22][total: 20.05][time: 55.98s]
[Epoch: 5/15][Iter: 40/1713][lr: 0.000300/0.000030][loss_conf: 3.11][loss_obj: 0.54][loss_act: 0.98][loss_rel: 4.19][loss_box: 0.21][total: 19.73][time: 70.18s]
[Epoch: 5/15][Iter: 50/1713][lr: 0.000300/0.000030][loss_conf: 3.13][loss_obj: 0.54][loss_act: 1.00][loss_rel: 4.31][loss_box: 0.21][total: 20.08][time: 56.42s]
[Epoch: 5/15][Iter: 60/1713][lr: 0.000300/0.000030][loss_conf: 3.19][loss_obj: 0.56][loss_act: 1.01][loss_rel: 3.98][loss_box: 0.21][total: 19.53][time: 69.33s]
[Epoch: 5/15][Iter: 70/1713][lr: 0.000300/0.000030][loss_conf: 3.22][loss_obj: 0.51][loss_act: 0.97][loss_rel: 4.00][loss_box: 0.20][total: 19.39][time: 57.52s]
[Epoch: 5/15][Iter: 80/1713][lr: 0.000300/0.000030][loss_conf: 3.14][loss_obj: 0.53][loss_act: 0.96][loss_rel: 4.48][loss_box: 0.21][total: 20.29][time: 70.58s]

[Context Monitor] Epoch 5, Iter 86
  📦 Obj conf: 0.572 | Person: 0.341 | Relations: 0.103
  🔗 Context contribution: 2.11x | Scale: 1.057 | CoocScale: 0.213
  ⏱️  X3D temporal: recent=0.38/mid=0.33/overall=0.29
  📈 Gradients: SceneCtx=1.0035, ObjCtx=2.1814, ActHead=6.6629
  📊 Losses: act=1.00, obj=0.57, rel=4.32
  👥 Batch: 195/441 person boxes
[Epoch: 5/15][Iter: 90/1713][lr: 0.000300/0.000030][loss_conf: 3.11][loss_obj: 0.48][loss_act: 0.97][loss_rel: 4.16][loss_box: 0.20][total: 19.46][time: 56.71s]
[Epoch: 5/15][Iter: 100/1713][lr: 0.000300/0.000030][loss_conf: 3.18][loss_obj: 0.58][loss_act: 1.06][loss_rel: 4.17][loss_box: 0.20][total: 20.01][time: 70.97s]
[Attn Stats] [avg_obj_confidence: 0.4246] [avg_act_confidence: 0.2139] [num_person_boxes: 191] [num_total_boxes: 467]
[Epoch: 5/15][Iter: 110/1713][lr: 0.000300/0.000030][loss_conf: 3.16][loss_obj: 0.54][loss_act: 0.99][loss_rel: 4.35][loss_box: 0.21][total: 20.21][time: 56.31s]
[Epoch: 5/15][Iter: 120/1713][lr: 0.000300/0.000030][loss_conf: 3.26][loss_obj: 0.57][loss_act: 0.97][loss_rel: 4.21][loss_box: 0.22][total: 20.19][time: 77.27s]
[Epoch: 5/15][Iter: 130/1713][lr: 0.000300/0.000030][loss_conf: 3.16][loss_obj: 0.56][loss_act: 0.93][loss_rel: 4.31][loss_box: 0.20][total: 19.95][time: 56.68s]
[Epoch: 5/15][Iter: 140/1713][lr: 0.000300/0.000030][loss_conf: 3.22][loss_obj: 0.49][loss_act: 0.98][loss_rel: 4.17][loss_box: 0.21][total: 19.77][time: 70.83s]
[Epoch: 5/15][Iter: 150/1713][lr: 0.000300/0.000030][loss_conf: 3.25][loss_obj: 0.52][loss_act: 0.93][loss_rel: 3.99][loss_box: 0.22][total: 19.54][time: 56.93s]
[Epoch: 5/15][Iter: 160/1713][lr: 0.000300/0.000030][loss_conf: 3.08][loss_obj: 0.48][loss_act: 0.99][loss_rel: 4.19][loss_box: 0.20][total: 19.51][time: 71.21s]
[Epoch: 5/15][Iter: 170/1713][lr: 0.000300/0.000030][loss_conf: 3.23][loss_obj: 0.51][loss_act: 0.99][loss_rel: 4.35][loss_box: 0.21][total: 20.23][time: 57.74s]
[Epoch: 5/15][Iter: 180/1713][lr: 0.000300/0.000030][loss_conf: 3.24][loss_obj: 0.57][loss_act: 0.94][loss_rel: 4.32][loss_box: 0.22][total: 20.33][time: 71.09s]

[Context Monitor] Epoch 5, Iter 186
  📦 Obj conf: 0.553 | Person: 0.336 | Relations: 0.105
  🔗 Context contribution: 2.20x | Scale: 1.059 | CoocScale: 0.213
  ⏱️  X3D temporal: recent=0.38/mid=0.33/overall=0.29
  📈 Gradients: SceneCtx=0.4049, ObjCtx=2.0745, ActHead=5.7245
  📊 Losses: act=0.93, obj=0.55, rel=4.33
  👥 Batch: 201/435 person boxes
[Epoch: 5/15][Iter: 190/1713][lr: 0.000300/0.000030][loss_conf: 3.21][loss_obj: 0.55][loss_act: 1.01][loss_rel: 4.21][loss_box: 0.22][total: 20.19][time: 56.49s]
[Epoch: 5/15][Iter: 200/1713][lr: 0.000300/0.000030][loss_conf: 3.19][loss_obj: 0.51][loss_act: 0.92][loss_rel: 4.12][loss_box: 0.22][total: 19.71][time: 72.18s]
[Attn Stats] [avg_obj_confidence: 0.4237] [avg_act_confidence: 0.2183] [num_person_boxes: 201] [num_total_boxes: 444]
[Epoch: 5/15][Iter: 210/1713][lr: 0.000300/0.000030][loss_conf: 3.16][loss_obj: 0.57][loss_act: 1.01][loss_rel: 4.27][loss_box: 0.20][total: 20.07][time: 57.09s]
[Epoch: 5/15][Iter: 220/1713][lr: 0.000300/0.000030][loss_conf: 3.14][loss_obj: 0.54][loss_act: 0.95][loss_rel: 3.96][loss_box: 0.21][total: 19.33][time: 72.03s]
[Epoch: 5/15][Iter: 230/1713][lr: 0.000300/0.000030][loss_conf: 3.14][loss_obj: 0.49][loss_act: 0.97][loss_rel: 4.17][loss_box: 0.21][total: 19.65][time: 57.25s]
[Epoch: 5/15][Iter: 240/1713][lr: 0.000300/0.000030][loss_conf: 3.18][loss_obj: 0.51][loss_act: 0.95][loss_rel: 4.26][loss_box: 0.21][total: 19.90][time: 71.52s]
[Epoch: 5/15][Iter: 250/1713][lr: 0.000300/0.000030][loss_conf: 3.21][loss_obj: 0.58][loss_act: 1.04][loss_rel: 4.23][loss_box: 0.22][total: 20.33][time: 57.83s]
[Epoch: 5/15][Iter: 260/1713][lr: 0.000300/0.000030][loss_conf: 3.11][loss_obj: 0.49][loss_act: 0.91][loss_rel: 3.84][loss_box: 0.21][total: 18.80][time: 73.15s]
[Epoch: 5/15][Iter: 270/1713][lr: 0.000300/0.000030][loss_conf: 3.17][loss_obj: 0.55][loss_act: 0.96][loss_rel: 3.98][loss_box: 0.21][total: 19.46][time: 57.21s]
[Epoch: 5/15][Iter: 280/1713][lr: 0.000300/0.000030][loss_conf: 3.15][loss_obj: 0.56][loss_act: 0.99][loss_rel: 4.28][loss_box: 0.22][total: 20.13][time: 73.84s]

[Context Monitor] Epoch 5, Iter 286
  📦 Obj conf: 0.562 | Person: 0.355 | Relations: 0.103
  🔗 Context contribution: 2.16x | Scale: 1.059 | CoocScale: 0.214
  ⏱️  X3D temporal: recent=0.38/mid=0.33/overall=0.29
  📈 Gradients: SceneCtx=0.4542, ObjCtx=1.2222, ActHead=5.1632
  📊 Losses: act=0.92, obj=0.53, rel=4.18
  👥 Batch: 205/442 person boxes
[Epoch: 5/15][Iter: 290/1713][lr: 0.000300/0.000030][loss_conf: 3.20][loss_obj: 0.66][loss_act: 1.00][loss_rel: 4.34][loss_box: 0.23][total: 20.67][time: 57.64s]
[Epoch: 5/15][Iter: 300/1713][lr: 0.000300/0.000030][loss_conf: 3.12][loss_obj: 0.53][loss_act: 0.89][loss_rel: 4.09][loss_box: 0.22][total: 19.45][time: 71.99s]
[Attn Stats] [avg_obj_confidence: 0.4237] [avg_act_confidence: 0.2149] [num_person_boxes: 202] [num_total_boxes: 474]
[Epoch: 5/15][Iter: 310/1713][lr: 0.000300/0.000030][loss_conf: 3.20][loss_obj: 0.56][loss_act: 0.97][loss_rel: 4.17][loss_box: 0.21][total: 19.87][time: 55.62s]
[Epoch: 5/15][Iter: 320/1713][lr: 0.000300/0.000030][loss_conf: 3.24][loss_obj: 0.58][loss_act: 0.93][loss_rel: 4.36][loss_box: 0.21][total: 20.30][time: 69.95s]
[Epoch: 5/15][Iter: 330/1713][lr: 0.000300/0.000030][loss_conf: 3.23][loss_obj: 0.55][loss_act: 0.86][loss_rel: 4.52][loss_box: 0.21][total: 20.44][time: 56.98s]
[Epoch: 5/15][Iter: 340/1713][lr: 0.000300/0.000030][loss_conf: 3.17][loss_obj: 0.56][loss_act: 0.93][loss_rel: 4.33][loss_box: 0.21][total: 20.09][time: 70.23s]
[Epoch: 5/15][Iter: 350/1713][lr: 0.000300/0.000030][loss_conf: 3.22][loss_obj: 0.56][loss_act: 0.95][loss_rel: 4.45][loss_box: 0.20][total: 20.38][time: 55.44s]
[Epoch: 5/15][Iter: 360/1713][lr: 0.000300/0.000030][loss_conf: 3.22][loss_obj: 0.53][loss_act: 0.95][loss_rel: 4.27][loss_box: 0.21][total: 20.00][time: 70.54s]
[Epoch: 5/15][Iter: 370/1713][lr: 0.000300/0.000030][loss_conf: 3.07][loss_obj: 0.53][loss_act: 0.94][loss_rel: 3.96][loss_box: 0.21][total: 19.13][time: 56.11s]
[Epoch: 5/15][Iter: 380/1713][lr: 0.000300/0.000030][loss_conf: 3.15][loss_obj: 0.58][loss_act: 1.05][loss_rel: 4.52][loss_box: 0.22][total: 20.81][time: 70.97s]

[Context Monitor] Epoch 5, Iter 386
  📦 Obj conf: 0.566 | Person: 0.343 | Relations: 0.104
  🔗 Context contribution: 2.15x | Scale: 1.058 | CoocScale: 0.214
  ⏱️  X3D temporal: recent=0.38/mid=0.33/overall=0.29
  📈 Gradients: SceneCtx=0.5918, ObjCtx=2.7558, ActHead=5.6737
  📊 Losses: act=0.98, obj=0.51, rel=4.19
  👥 Batch: 195/445 person boxes
[Epoch: 5/15][Iter: 390/1713][lr: 0.000300/0.000030][loss_conf: 3.17][loss_obj: 0.53][loss_act: 0.97][loss_rel: 4.04][loss_box: 0.21][total: 19.52][time: 56.23s]
[Epoch: 5/15][Iter: 400/1713][lr: 0.000300/0.000030][loss_conf: 3.16][loss_obj: 0.46][loss_act: 0.85][loss_rel: 4.15][loss_box: 0.20][total: 19.28][time: 68.84s]
[Attn Stats] [avg_obj_confidence: 0.4251] [avg_act_confidence: 0.2158] [num_person_boxes: 204] [num_total_boxes: 436]
[Epoch: 5/15][Iter: 410/1713][lr: 0.000300/0.000030][loss_conf: 3.13][loss_obj: 0.53][loss_act: 0.94][loss_rel: 4.50][loss_box: 0.21][total: 20.29][time: 55.26s]
[Epoch: 5/15][Iter: 420/1713][lr: 0.000300/0.000030][loss_conf: 3.27][loss_obj: 0.51][loss_act: 1.00][loss_rel: 4.45][loss_box: 0.21][total: 20.53][time: 69.64s]
[Epoch: 5/15][Iter: 430/1713][lr: 0.000300/0.000030][loss_conf: 3.11][loss_obj: 0.51][loss_act: 1.01][loss_rel: 4.14][loss_box: 0.20][total: 19.58][time: 56.95s]
[Epoch: 5/15][Iter: 440/1713][lr: 0.000300/0.000030][loss_conf: 3.21][loss_obj: 0.53][loss_act: 0.94][loss_rel: 4.37][loss_box: 0.22][total: 20.27][time: 70.11s]
[Epoch: 5/15][Iter: 450/1713][lr: 0.000300/0.000030][loss_conf: 3.15][loss_obj: 0.49][loss_act: 0.95][loss_rel: 4.17][loss_box: 0.22][total: 19.73][time: 55.86s]
[Epoch: 5/15][Iter: 460/1713][lr: 0.000300/0.000030][loss_conf: 3.16][loss_obj: 0.49][loss_act: 0.94][loss_rel: 4.24][loss_box: 0.21][total: 19.80][time: 69.95s]
[Epoch: 5/15][Iter: 470/1713][lr: 0.000300/0.000030][loss_conf: 3.16][loss_obj: 0.55][loss_act: 0.97][loss_rel: 4.20][loss_box: 0.22][total: 19.93][time: 55.49s]
[Epoch: 5/15][Iter: 480/1713][lr: 0.000300/0.000030][loss_conf: 3.19][loss_obj: 0.50][loss_act: 0.91][loss_rel: 4.33][loss_box: 0.22][total: 20.10][time: 69.76s]

[Context Monitor] Epoch 5, Iter 486
  📦 Obj conf: 0.569 | Person: 0.308 | Relations: 0.101
  🔗 Context contribution: 2.17x | Scale: 1.058 | CoocScale: 0.214
  ⏱️  X3D temporal: recent=0.38/mid=0.33/overall=0.29
  📈 Gradients: SceneCtx=0.4311, ObjCtx=1.5629, ActHead=6.6253
  📊 Losses: act=1.04, obj=0.56, rel=3.98
  👥 Batch: 183/432 person boxes
[Epoch: 5/15][Iter: 490/1713][lr: 0.000300/0.000030][loss_conf: 3.28][loss_obj: 0.62][loss_act: 0.99][loss_rel: 4.19][loss_box: 0.22][total: 20.32][time: 55.99s]
[Epoch: 5/15][Iter: 500/1713][lr: 0.000300/0.000030][loss_conf: 3.14][loss_obj: 0.57][loss_act: 0.95][loss_rel: 4.35][loss_box: 0.21][total: 20.11][time: 70.53s]
[Attn Stats] [avg_obj_confidence: 0.4307] [avg_act_confidence: 0.2131] [num_person_boxes: 194] [num_total_boxes: 454]
[Epoch: 5/15][Iter: 510/1713][lr: 0.000300/0.000030][loss_conf: 3.21][loss_obj: 0.51][loss_act: 0.87][loss_rel: 4.28][loss_box: 0.21][total: 19.81][time: 56.94s]
[Epoch: 5/15][Iter: 520/1713][lr: 0.000300/0.000030][loss_conf: 3.25][loss_obj: 0.50][loss_act: 0.91][loss_rel: 3.97][loss_box: 0.20][total: 19.29][time: 70.12s]
[Epoch: 5/15][Iter: 530/1713][lr: 0.000300/0.000030][loss_conf: 3.16][loss_obj: 0.56][loss_act: 0.98][loss_rel: 4.21][loss_box: 0.20][total: 19.84][time: 55.98s]
[Epoch: 5/15][Iter: 540/1713][lr: 0.000300/0.000030][loss_conf: 3.21][loss_obj: 0.48][loss_act: 0.95][loss_rel: 4.18][loss_box: 0.21][total: 19.75][time: 69.39s]
[Epoch: 5/15][Iter: 550/1713][lr: 0.000300/0.000030][loss_conf: 3.26][loss_obj: 0.54][loss_act: 0.94][loss_rel: 4.43][loss_box: 0.22][total: 20.54][time: 55.67s]
[Epoch: 5/15][Iter: 560/1713][lr: 0.000300/0.000030][loss_conf: 3.15][loss_obj: 0.56][loss_act: 0.89][loss_rel: 4.25][loss_box: 0.20][total: 19.75][time: 69.45s]
[Epoch: 5/15][Iter: 570/1713][lr: 0.000300/0.000030][loss_conf: 3.17][loss_obj: 0.49][loss_act: 1.02][loss_rel: 4.01][loss_box: 0.21][total: 19.48][time: 56.47s]
[Epoch: 5/15][Iter: 580/1713][lr: 0.000300/0.000030][loss_conf: 3.18][loss_obj: 0.52][loss_act: 1.01][loss_rel: 4.29][loss_box: 0.21][total: 20.08][time: 71.76s]

[Context Monitor] Epoch 5, Iter 586
  📦 Obj conf: 0.591 | Person: 0.340 | Relations: 0.100
  🔗 Context contribution: 2.12x | Scale: 1.057 | CoocScale: 0.214
  ⏱️  X3D temporal: recent=0.38/mid=0.33/overall=0.29
  📈 Gradients: SceneCtx=0.4153, ObjCtx=1.8827, ActHead=5.5231
  📊 Losses: act=0.94, obj=0.46, rel=4.28
  👥 Batch: 196/461 person boxes
[Epoch: 5/15][Iter: 590/1713][lr: 0.000300/0.000030][loss_conf: 3.21][loss_obj: 0.56][loss_act: 0.96][loss_rel: 4.14][loss_box: 0.21][total: 19.85][time: 64.51s]
[Epoch: 5/15][Iter: 600/1713][lr: 0.000300/0.000030][loss_conf: 3.11][loss_obj: 0.53][loss_act: 0.96][loss_rel: 3.92][loss_box: 0.21][total: 19.18][time: 70.90s]
[Attn Stats] [avg_obj_confidence: 0.4212] [avg_act_confidence: 0.2148] [num_person_boxes: 193] [num_total_boxes: 431]
[Epoch: 5/15][Iter: 610/1713][lr: 0.000300/0.000030][loss_conf: 3.26][loss_obj: 0.62][loss_act: 1.01][loss_rel: 3.96][loss_box: 0.22][total: 19.90][time: 56.22s]
[Epoch: 5/15][Iter: 620/1713][lr: 0.000300/0.000030][loss_conf: 3.24][loss_obj: 0.50][loss_act: 0.95][loss_rel: 4.40][loss_box: 0.21][total: 20.31][time: 71.64s]
[Epoch: 5/15][Iter: 630/1713][lr: 0.000300/0.000030][loss_conf: 3.18][loss_obj: 0.59][loss_act: 1.06][loss_rel: 4.29][loss_box: 0.22][total: 20.44][time: 57.15s]
[Epoch: 5/15][Iter: 640/1713][lr: 0.000300/0.000030][loss_conf: 3.21][loss_obj: 0.51][loss_act: 0.94][loss_rel: 4.04][loss_box: 0.21][total: 19.52][time: 70.72s]
[Epoch: 5/15][Iter: 650/1713][lr: 0.000300/0.000030][loss_conf: 3.19][loss_obj: 0.56][loss_act: 0.93][loss_rel: 4.10][loss_box: 0.22][total: 19.75][time: 57.15s]
[Epoch: 5/15][Iter: 660/1713][lr: 0.000300/0.000030][loss_conf: 3.13][loss_obj: 0.50][loss_act: 0.92][loss_rel: 4.28][loss_box: 0.21][total: 19.75][time: 70.65s]
[Epoch: 5/15][Iter: 670/1713][lr: 0.000300/0.000030][loss_conf: 3.26][loss_obj: 0.54][loss_act: 0.95][loss_rel: 4.38][loss_box: 0.22][total: 20.44][time: 57.44s]
[Epoch: 5/15][Iter: 680/1713][lr: 0.000300/0.000030][loss_conf: 3.06][loss_obj: 0.59][loss_act: 0.96][loss_rel: 4.31][loss_box: 0.21][total: 19.98][time: 71.46s]

[Context Monitor] Epoch 5, Iter 686
  📦 Obj conf: 0.578 | Person: 0.363 | Relations: 0.099
  🔗 Context contribution: 2.17x | Scale: 1.057 | CoocScale: 0.214
  ⏱️  X3D temporal: recent=0.38/mid=0.33/overall=0.29
  📈 Gradients: SceneCtx=0.3932, ObjCtx=0.9546, ActHead=5.4914
  📊 Losses: act=1.02, obj=0.55, rel=3.92
  👥 Batch: 205/469 person boxes
[Epoch: 5/15][Iter: 690/1713][lr: 0.000300/0.000030][loss_conf: 3.17][loss_obj: 0.50][loss_act: 0.93][loss_rel: 3.91][loss_box: 0.21][total: 19.13][time: 56.31s]
[Epoch: 5/15][Iter: 700/1713][lr: 0.000300/0.000030][loss_conf: 3.20][loss_obj: 0.49][loss_act: 0.93][loss_rel: 3.89][loss_box: 0.21][total: 19.14][time: 71.89s]
[Attn Stats] [avg_obj_confidence: 0.4312] [avg_act_confidence: 0.2160] [num_person_boxes: 207] [num_total_boxes: 468]
[Epoch: 5/15][Iter: 710/1713][lr: 0.000300/0.000030][loss_conf: 3.13][loss_obj: 0.51][loss_act: 0.97][loss_rel: 4.12][loss_box: 0.22][total: 19.65][time: 56.72s]
[Epoch: 5/15][Iter: 720/1713][lr: 0.000300/0.000030][loss_conf: 3.21][loss_obj: 0.50][loss_act: 0.93][loss_rel: 4.11][loss_box: 0.21][total: 19.59][time: 70.97s]
[Epoch: 5/15][Iter: 730/1713][lr: 0.000300/0.000030][loss_conf: 3.26][loss_obj: 0.50][loss_act: 0.95][loss_rel: 3.94][loss_box: 0.20][total: 19.36][time: 56.40s]
[Epoch: 5/15][Iter: 740/1713][lr: 0.000300/0.000030][loss_conf: 3.25][loss_obj: 0.57][loss_act: 0.96][loss_rel: 4.19][loss_box: 0.21][total: 20.05][time: 69.94s]
[Epoch: 5/15][Iter: 750/1713][lr: 0.000300/0.000030][loss_conf: 3.20][loss_obj: 0.52][loss_act: 0.94][loss_rel: 4.19][loss_box: 0.21][total: 19.79][time: 56.52s]
[Epoch: 5/15][Iter: 760/1713][lr: 0.000300/0.000030][loss_conf: 3.22][loss_obj: 0.54][loss_act: 0.91][loss_rel: 4.24][loss_box: 0.20][total: 19.82][time: 71.93s]
[Epoch: 5/15][Iter: 770/1713][lr: 0.000300/0.000030][loss_conf: 3.20][loss_obj: 0.52][loss_act: 0.95][loss_rel: 4.29][loss_box: 0.21][total: 19.99][time: 56.31s]
[Epoch: 5/15][Iter: 780/1713][lr: 0.000300/0.000030][loss_conf: 3.21][loss_obj: 0.47][loss_act: 0.91][loss_rel: 4.29][loss_box: 0.21][total: 19.82][time: 70.47s]

[Context Monitor] Epoch 5, Iter 786
  📦 Obj conf: 0.581 | Person: 0.319 | Relations: 0.102
  🔗 Context contribution: 2.18x | Scale: 1.056 | CoocScale: 0.214
  ⏱️  X3D temporal: recent=0.38/mid=0.33/overall=0.29
  📈 Gradients: SceneCtx=0.4584, ObjCtx=1.7592, ActHead=6.1130
  📊 Losses: act=0.92, obj=0.53, rel=4.20
  👥 Batch: 187/435 person boxes
[Epoch: 5/15][Iter: 790/1713][lr: 0.000300/0.000030][loss_conf: 3.08][loss_obj: 0.53][loss_act: 0.95][loss_rel: 4.11][loss_box: 0.21][total: 19.41][time: 56.13s]
[Epoch: 5/15][Iter: 800/1713][lr: 0.000300/0.000030][loss_conf: 3.21][loss_obj: 0.46][loss_act: 0.91][loss_rel: 3.98][loss_box: 0.21][total: 19.27][time: 71.06s]
[Attn Stats] [avg_obj_confidence: 0.4264] [avg_act_confidence: 0.2158] [num_person_boxes: 194] [num_total_boxes: 451]
[Epoch: 5/15][Iter: 810/1713][lr: 0.000300/0.000030][loss_conf: 3.14][loss_obj: 0.49][loss_act: 0.90][loss_rel: 4.19][loss_box: 0.21][total: 19.58][time: 57.31s]
[Epoch: 5/15][Iter: 820/1713][lr: 0.000300/0.000030][loss_conf: 3.13][loss_obj: 0.51][loss_act: 0.96][loss_rel: 4.17][loss_box: 0.21][total: 19.69][time: 69.84s]
[Epoch: 5/15][Iter: 830/1713][lr: 0.000300/0.000030][loss_conf: 3.19][loss_obj: 0.57][loss_act: 0.94][loss_rel: 4.15][loss_box: 0.22][total: 19.92][time: 56.13s]
[Epoch: 5/15][Iter: 840/1713][lr: 0.000300/0.000030][loss_conf: 3.06][loss_obj: 0.52][loss_act: 0.93][loss_rel: 4.11][loss_box: 0.20][total: 19.27][time: 69.95s]
[Epoch: 5/15][Iter: 850/1713][lr: 0.000300/0.000030][loss_conf: 3.21][loss_obj: 0.55][loss_act: 0.96][loss_rel: 4.15][loss_box: 0.21][total: 19.82][time: 57.37s]
[Epoch: 5/15][Iter: 860/1713][lr: 0.000300/0.000030][loss_conf: 3.13][loss_obj: 0.55][loss_act: 1.00][loss_rel: 4.24][loss_box: 0.21][total: 19.90][time: 71.26s]
[Epoch: 5/15][Iter: 870/1713][lr: 0.000300/0.000030][loss_conf: 3.19][loss_obj: 0.60][loss_act: 0.94][loss_rel: 4.29][loss_box: 0.21][total: 20.21][time: 57.06s]
[Epoch: 5/15][Iter: 880/1713][lr: 0.000300/0.000030][loss_conf: 3.19][loss_obj: 0.60][loss_act: 0.93][loss_rel: 4.26][loss_box: 0.22][total: 20.16][time: 69.12s]

[Context Monitor] Epoch 5, Iter 886
  📦 Obj conf: 0.566 | Person: 0.327 | Relations: 0.102
  🔗 Context contribution: 2.20x | Scale: 1.057 | CoocScale: 0.214
  ⏱️  X3D temporal: recent=0.38/mid=0.33/overall=0.29
  📈 Gradients: SceneCtx=0.5254, ObjCtx=1.5464, ActHead=6.2388
  📊 Losses: act=1.01, obj=0.48, rel=4.33
  👥 Batch: 188/449 person boxes
[Epoch: 5/15][Iter: 890/1713][lr: 0.000300/0.000030][loss_conf: 3.20][loss_obj: 0.56][loss_act: 0.91][loss_rel: 3.98][loss_box: 0.20][total: 19.34][time: 57.41s]
[Epoch: 5/15][Iter: 900/1713][lr: 0.000300/0.000030][loss_conf: 3.18][loss_obj: 0.54][loss_act: 0.96][loss_rel: 4.15][loss_box: 0.21][total: 19.74][time: 70.49s]
[Attn Stats] [avg_obj_confidence: 0.4322] [avg_act_confidence: 0.2209] [num_person_boxes: 219] [num_total_boxes: 484]
[Epoch: 5/15][Iter: 910/1713][lr: 0.000300/0.000030][loss_conf: 3.16][loss_obj: 0.60][loss_act: 1.01][loss_rel: 3.92][loss_box: 0.21][total: 19.48][time: 56.07s]
[Epoch: 5/15][Iter: 920/1713][lr: 0.000300/0.000030][loss_conf: 3.20][loss_obj: 0.60][loss_act: 0.97][loss_rel: 4.19][loss_box: 0.22][total: 20.08][time: 70.77s]
[Epoch: 5/15][Iter: 930/1713][lr: 0.000300/0.000030][loss_conf: 3.16][loss_obj: 0.57][loss_act: 0.96][loss_rel: 4.26][loss_box: 0.21][total: 20.03][time: 58.07s]
[Epoch: 5/15][Iter: 940/1713][lr: 0.000300/0.000030][loss_conf: 3.24][loss_obj: 0.56][loss_act: 0.91][loss_rel: 4.21][loss_box: 0.20][total: 19.89][time: 71.11s]
[Epoch: 5/15][Iter: 950/1713][lr: 0.000300/0.000030][loss_conf: 3.22][loss_obj: 0.54][loss_act: 0.98][loss_rel: 4.22][loss_box: 0.21][total: 20.00][time: 56.39s]
[Epoch: 5/15][Iter: 960/1713][lr: 0.000300/0.000030][loss_conf: 3.12][loss_obj: 0.55][loss_act: 1.00][loss_rel: 4.23][loss_box: 0.20][total: 19.85][time: 71.33s]
[Epoch: 5/15][Iter: 970/1713][lr: 0.000300/0.000030][loss_conf: 3.22][loss_obj: 0.46][loss_act: 0.98][loss_rel: 4.32][loss_box: 0.21][total: 20.08][time: 55.86s]
[Epoch: 5/15][Iter: 980/1713][lr: 0.000300/0.000030][loss_conf: 3.11][loss_obj: 0.53][loss_act: 0.90][loss_rel: 3.91][loss_box: 0.21][total: 19.04][time: 72.35s]

[Context Monitor] Epoch 5, Iter 986
  📦 Obj conf: 0.578 | Person: 0.334 | Relations: 0.109
  🔗 Context contribution: 2.20x | Scale: 1.056 | CoocScale: 0.215
  ⏱️  X3D temporal: recent=0.38/mid=0.33/overall=0.29
  📈 Gradients: SceneCtx=0.3537, ObjCtx=1.7274, ActHead=5.2196
  📊 Losses: act=1.00, obj=0.53, rel=3.97
  👥 Batch: 180/427 person boxes
[Epoch: 5/15][Iter: 990/1713][lr: 0.000300/0.000030][loss_conf: 3.15][loss_obj: 0.56][loss_act: 0.99][loss_rel: 4.23][loss_box: 0.21][total: 19.97][time: 57.28s]
[Epoch: 5/15][Iter: 1000/1713][lr: 0.000300/0.000030][loss_conf: 3.16][loss_obj: 0.63][loss_act: 1.02][loss_rel: 4.19][loss_box: 0.22][total: 20.21][time: 72.33s]
[Attn Stats] [avg_obj_confidence: 0.4324] [avg_act_confidence: 0.2175] [num_person_boxes: 198] [num_total_boxes: 482]
[Epoch: 5/15][Iter: 1010/1713][lr: 0.000300/0.000030][loss_conf: 3.13][loss_obj: 0.60][loss_act: 1.01][loss_rel: 3.99][loss_box: 0.22][total: 19.61][time: 56.07s]
[Epoch: 5/15][Iter: 1020/1713][lr: 0.000300/0.000030][loss_conf: 3.20][loss_obj: 0.52][loss_act: 0.98][loss_rel: 4.19][loss_box: 0.22][total: 19.98][time: 71.98s]
[Epoch: 5/15][Iter: 1030/1713][lr: 0.000300/0.000030][loss_conf: 3.15][loss_obj: 0.55][loss_act: 0.95][loss_rel: 4.13][loss_box: 0.21][total: 19.62][time: 57.88s]
[Epoch: 5/15][Iter: 1040/1713][lr: 0.000300/0.000030][loss_conf: 3.30][loss_obj: 0.53][loss_act: 0.94][loss_rel: 4.02][loss_box: 0.22][total: 19.74][time: 73.20s]
[Epoch: 5/15][Iter: 1050/1713][lr: 0.000300/0.000030][loss_conf: 3.11][loss_obj: 0.51][loss_act: 0.95][loss_rel: 4.40][loss_box: 0.20][total: 19.96][time: 57.89s]
[Epoch: 5/15][Iter: 1060/1713][lr: 0.000300/0.000030][loss_conf: 3.19][loss_obj: 0.56][loss_act: 1.05][loss_rel: 4.19][loss_box: 0.21][total: 20.09][time: 71.74s]
[Epoch: 5/15][Iter: 1070/1713][lr: 0.000300/0.000030][loss_conf: 3.21][loss_obj: 0.67][loss_act: 1.06][loss_rel: 4.34][loss_box: 0.22][total: 20.76][time: 58.35s]
[Epoch: 5/15][Iter: 1080/1713][lr: 0.000300/0.000030][loss_conf: 3.10][loss_obj: 0.53][loss_act: 1.00][loss_rel: 3.81][loss_box: 0.21][total: 18.94][time: 71.08s]

[Context Monitor] Epoch 5, Iter 1086
  📦 Obj conf: 0.571 | Person: 0.343 | Relations: 0.101
  🔗 Context contribution: 2.14x | Scale: 1.057 | CoocScale: 0.214
  ⏱️  X3D temporal: recent=0.38/mid=0.33/overall=0.28
  📈 Gradients: SceneCtx=0.3273, ObjCtx=0.8797, ActHead=4.0319
  📊 Losses: act=0.96, obj=0.63, rel=3.86
  👥 Batch: 204/469 person boxes
[Epoch: 5/15][Iter: 1090/1713][lr: 0.000300/0.000030][loss_conf: 3.16][loss_obj: 0.51][loss_act: 1.02][loss_rel: 4.00][loss_box: 0.20][total: 19.34][time: 57.30s]
[Epoch: 5/15][Iter: 1100/1713][lr: 0.000300/0.000030][loss_conf: 3.12][loss_obj: 0.49][loss_act: 0.88][loss_rel: 4.11][loss_box: 0.21][total: 19.29][time: 72.46s]
[Attn Stats] [avg_obj_confidence: 0.4295] [avg_act_confidence: 0.2178] [num_person_boxes: 216] [num_total_boxes: 477]
[Epoch: 5/15][Iter: 1110/1713][lr: 0.000300/0.000030][loss_conf: 3.18][loss_obj: 0.57][loss_act: 0.97][loss_rel: 4.04][loss_box: 0.21][total: 19.61][time: 57.46s]
[Epoch: 5/15][Iter: 1120/1713][lr: 0.000300/0.000030][loss_conf: 3.29][loss_obj: 0.49][loss_act: 0.94][loss_rel: 4.14][loss_box: 0.21][total: 19.88][time: 71.53s]
[Epoch: 5/15][Iter: 1130/1713][lr: 0.000300/0.000030][loss_conf: 3.17][loss_obj: 0.54][loss_act: 0.91][loss_rel: 4.34][loss_box: 0.21][total: 20.04][time: 56.44s]
[Epoch: 5/15][Iter: 1140/1713][lr: 0.000300/0.000030][loss_conf: 3.19][loss_obj: 0.49][loss_act: 1.01][loss_rel: 4.20][loss_box: 0.20][total: 19.78][time: 72.31s]
[Epoch: 5/15][Iter: 1150/1713][lr: 0.000300/0.000030][loss_conf: 3.27][loss_obj: 0.56][loss_act: 0.96][loss_rel: 4.35][loss_box: 0.22][total: 20.42][time: 56.67s]
[Epoch: 5/15][Iter: 1160/1713][lr: 0.000300/0.000030][loss_conf: 3.08][loss_obj: 0.52][loss_act: 1.01][loss_rel: 4.18][loss_box: 0.20][total: 19.59][time: 71.76s]
[Epoch: 5/15][Iter: 1170/1713][lr: 0.000300/0.000030][loss_conf: 3.19][loss_obj: 0.49][loss_act: 0.93][loss_rel: 4.02][loss_box: 0.21][total: 19.33][time: 58.32s]
[Epoch: 5/15][Iter: 1180/1713][lr: 0.000300/0.000030][loss_conf: 3.15][loss_obj: 0.56][loss_act: 0.98][loss_rel: 4.03][loss_box: 0.21][total: 19.53][time: 82.44s]

[Context Monitor] Epoch 5, Iter 1186
  📦 Obj conf: 0.574 | Person: 0.326 | Relations: 0.103
  🔗 Context contribution: 2.22x | Scale: 1.058 | CoocScale: 0.214
  ⏱️  X3D temporal: recent=0.38/mid=0.33/overall=0.28
  📈 Gradients: SceneCtx=0.5108, ObjCtx=1.4929, ActHead=7.0584
  📊 Losses: act=0.95, obj=0.59, rel=4.33
  👥 Batch: 201/465 person boxes
[Epoch: 5/15][Iter: 1190/1713][lr: 0.000300/0.000030][loss_conf: 3.16][loss_obj: 0.56][loss_act: 1.02][loss_rel: 4.13][loss_box: 0.21][total: 19.85][time: 57.65s]
[Epoch: 5/15][Iter: 1200/1713][lr: 0.000300/0.000030][loss_conf: 3.20][loss_obj: 0.57][loss_act: 1.00][loss_rel: 4.22][loss_box: 0.21][total: 20.08][time: 70.93s]
[Attn Stats] [avg_obj_confidence: 0.4350] [avg_act_confidence: 0.2155] [num_person_boxes: 196] [num_total_boxes: 465]
[Epoch: 5/15][Iter: 1210/1713][lr: 0.000300/0.000030][loss_conf: 3.14][loss_obj: 0.59][loss_act: 0.97][loss_rel: 4.22][loss_box: 0.21][total: 19.90][time: 57.45s]
[Epoch: 5/15][Iter: 1220/1713][lr: 0.000300/0.000030][loss_conf: 3.26][loss_obj: 0.56][loss_act: 1.02][loss_rel: 4.07][loss_box: 0.21][total: 19.90][time: 72.48s]
[Epoch: 5/15][Iter: 1230/1713][lr: 0.000300/0.000030][loss_conf: 3.22][loss_obj: 0.47][loss_act: 0.98][loss_rel: 4.07][loss_box: 0.20][total: 19.50][time: 58.65s]
[Epoch: 5/15][Iter: 1240/1713][lr: 0.000300/0.000030][loss_conf: 3.08][loss_obj: 0.49][loss_act: 0.95][loss_rel: 4.06][loss_box: 0.21][total: 19.21][time: 72.60s]
[Epoch: 5/15][Iter: 1250/1713][lr: 0.000300/0.000030][loss_conf: 3.15][loss_obj: 0.55][loss_act: 0.99][loss_rel: 4.07][loss_box: 0.20][total: 19.56][time: 57.56s]
[Epoch: 5/15][Iter: 1260/1713][lr: 0.000300/0.000030][loss_conf: 3.03][loss_obj: 0.52][loss_act: 0.99][loss_rel: 4.04][loss_box: 0.20][total: 19.17][time: 73.66s]
[Epoch: 5/15][Iter: 1270/1713][lr: 0.000300/0.000030][loss_conf: 3.17][loss_obj: 0.52][loss_act: 0.96][loss_rel: 4.02][loss_box: 0.21][total: 19.40][time: 58.47s]
[Epoch: 5/15][Iter: 1280/1713][lr: 0.000300/0.000030][loss_conf: 3.05][loss_obj: 0.48][loss_act: 0.93][loss_rel: 4.06][loss_box: 0.20][total: 19.05][time: 72.17s]

[Context Monitor] Epoch 5, Iter 1286
  📦 Obj conf: 0.609 | Person: 0.362 | Relations: 0.101
  🔗 Context contribution: 2.14x | Scale: 1.056 | CoocScale: 0.214
  ⏱️  X3D temporal: recent=0.38/mid=0.33/overall=0.28
  📈 Gradients: SceneCtx=0.2543, ObjCtx=1.0073, ActHead=3.4139
  📊 Losses: act=0.92, obj=0.57, rel=4.33
  👥 Batch: 200/456 person boxes
[Epoch: 5/15][Iter: 1290/1713][lr: 0.000300/0.000030][loss_conf: 3.13][loss_obj: 0.55][loss_act: 1.02][loss_rel: 3.94][loss_box: 0.21][total: 19.40][time: 59.26s]
[Epoch: 5/15][Iter: 1300/1713][lr: 0.000300/0.000030][loss_conf: 3.09][loss_obj: 0.46][loss_act: 0.91][loss_rel: 4.13][loss_box: 0.21][total: 19.28][time: 72.82s]
[Attn Stats] [avg_obj_confidence: 0.4389] [avg_act_confidence: 0.2196] [num_person_boxes: 207] [num_total_boxes: 474]
[Epoch: 5/15][Iter: 1310/1713][lr: 0.000300/0.000030][loss_conf: 3.16][loss_obj: 0.46][loss_act: 1.01][loss_rel: 4.10][loss_box: 0.20][total: 19.45][time: 58.65s]
[Epoch: 5/15][Iter: 1320/1713][lr: 0.000300/0.000030][loss_conf: 3.26][loss_obj: 0.54][loss_act: 0.95][loss_rel: 4.19][loss_box: 0.21][total: 20.03][time: 73.21s]
[Epoch: 5/15][Iter: 1330/1713][lr: 0.000300/0.000030][loss_conf: 3.12][loss_obj: 0.46][loss_act: 0.97][loss_rel: 4.19][loss_box: 0.22][total: 19.64][time: 57.12s]
[Epoch: 5/15][Iter: 1340/1713][lr: 0.000300/0.000030][loss_conf: 3.12][loss_obj: 0.58][loss_act: 1.00][loss_rel: 4.13][loss_box: 0.22][total: 19.83][time: 72.54s]
[Epoch: 5/15][Iter: 1350/1713][lr: 0.000300/0.000030][loss_conf: 3.18][loss_obj: 0.55][loss_act: 0.94][loss_rel: 4.25][loss_box: 0.20][total: 19.86][time: 58.03s]
[Epoch: 5/15][Iter: 1360/1713][lr: 0.000300/0.000030][loss_conf: 3.14][loss_obj: 0.53][loss_act: 1.00][loss_rel: 3.97][loss_box: 0.21][total: 19.40][time: 72.36s]
[Epoch: 5/15][Iter: 1370/1713][lr: 0.000300/0.000030][loss_conf: 3.17][loss_obj: 0.52][loss_act: 0.94][loss_rel: 4.03][loss_box: 0.20][total: 19.34][time: 56.79s]
[Epoch: 5/15][Iter: 1380/1713][lr: 0.000300/0.000030][loss_conf: 3.15][loss_obj: 0.56][loss_act: 0.91][loss_rel: 4.23][loss_box: 0.21][total: 19.84][time: 72.42s]

[Context Monitor] Epoch 5, Iter 1386
  📦 Obj conf: 0.596 | Person: 0.350 | Relations: 0.106
  🔗 Context contribution: 2.19x | Scale: 1.055 | CoocScale: 0.215
  ⏱️  X3D temporal: recent=0.38/mid=0.33/overall=0.28
  📈 Gradients: SceneCtx=0.3215, ObjCtx=1.0369, ActHead=4.5512
  📊 Losses: act=1.00, obj=0.51, rel=4.11
  👥 Batch: 199/476 person boxes
[Epoch: 5/15][Iter: 1390/1713][lr: 0.000300/0.000030][loss_conf: 3.16][loss_obj: 0.52][loss_act: 0.88][loss_rel: 4.22][loss_box: 0.20][total: 19.60][time: 58.38s]
[Epoch: 5/15][Iter: 1400/1713][lr: 0.000300/0.000030][loss_conf: 3.16][loss_obj: 0.56][loss_act: 1.00][loss_rel: 4.26][loss_box: 0.21][total: 20.03][time: 72.13s]
[Attn Stats] [avg_obj_confidence: 0.4304] [avg_act_confidence: 0.2238] [num_person_boxes: 205] [num_total_boxes: 447]
[Epoch: 5/15][Iter: 1410/1713][lr: 0.000300/0.000030][loss_conf: 3.22][loss_obj: 0.51][loss_act: 0.98][loss_rel: 4.12][loss_box: 0.21][total: 19.73][time: 57.79s]
[Epoch: 5/15][Iter: 1420/1713][lr: 0.000300/0.000030][loss_conf: 3.12][loss_obj: 0.52][loss_act: 1.02][loss_rel: 4.28][loss_box: 0.21][total: 19.97][time: 72.88s]
[Epoch: 5/15][Iter: 1430/1713][lr: 0.000300/0.000030][loss_conf: 3.09][loss_obj: 0.55][loss_act: 1.00][loss_rel: 4.16][loss_box: 0.21][total: 19.73][time: 57.70s]
[Epoch: 5/15][Iter: 1440/1713][lr: 0.000300/0.000030][loss_conf: 3.14][loss_obj: 0.47][loss_act: 0.93][loss_rel: 4.03][loss_box: 0.20][total: 19.15][time: 72.58s]
[Epoch: 5/15][Iter: 1450/1713][lr: 0.000300/0.000030][loss_conf: 3.19][loss_obj: 0.55][loss_act: 0.99][loss_rel: 4.30][loss_box: 0.21][total: 20.19][time: 58.97s]
[Epoch: 5/15][Iter: 1460/1713][lr: 0.000300/0.000030][loss_conf: 3.24][loss_obj: 0.62][loss_act: 1.02][loss_rel: 4.21][loss_box: 0.21][total: 20.27][time: 73.39s]
[Epoch: 5/15][Iter: 1470/1713][lr: 0.000300/0.000030][loss_conf: 3.19][loss_obj: 0.58][loss_act: 0.96][loss_rel: 4.15][loss_box: 0.21][total: 19.84][time: 57.40s]
[Epoch: 5/15][Iter: 1480/1713][lr: 0.000300/0.000030][loss_conf: 3.28][loss_obj: 0.53][loss_act: 0.93][loss_rel: 4.45][loss_box: 0.21][total: 20.50][time: 72.36s]

[Context Monitor] Epoch 5, Iter 1486
  📦 Obj conf: 0.576 | Person: 0.303 | Relations: 0.094
  🔗 Context contribution: 2.22x | Scale: 1.057 | CoocScale: 0.214
  ⏱️  X3D temporal: recent=0.38/mid=0.33/overall=0.28
  📈 Gradients: SceneCtx=0.3966, ObjCtx=1.2050, ActHead=4.1113
  📊 Losses: act=0.92, obj=0.51, rel=4.24
  👥 Batch: 191/449 person boxes
[Epoch: 5/15][Iter: 1490/1713][lr: 0.000300/0.000030][loss_conf: 3.08][loss_obj: 0.54][loss_act: 0.98][loss_rel: 4.10][loss_box: 0.21][total: 19.52][time: 57.38s]
[Epoch: 5/15][Iter: 1500/1713][lr: 0.000300/0.000030][loss_conf: 3.16][loss_obj: 0.52][loss_act: 0.91][loss_rel: 4.03][loss_box: 0.21][total: 19.38][time: 72.80s]
[Attn Stats] [avg_obj_confidence: 0.4275] [avg_act_confidence: 0.2228] [num_person_boxes: 193] [num_total_boxes: 474]
[Epoch: 5/15][Iter: 1510/1713][lr: 0.000300/0.000030][loss_conf: 3.10][loss_obj: 0.51][loss_act: 0.90][loss_rel: 4.20][loss_box: 0.20][total: 19.46][time: 57.70s]
[Epoch: 5/15][Iter: 1520/1713][lr: 0.000300/0.000030][loss_conf: 3.15][loss_obj: 0.59][loss_act: 0.94][loss_rel: 4.21][loss_box: 0.21][total: 19.92][time: 71.94s]
[Epoch: 5/15][Iter: 1530/1713][lr: 0.000300/0.000030][loss_conf: 3.19][loss_obj: 0.56][loss_act: 0.94][loss_rel: 4.04][loss_box: 0.20][total: 19.52][time: 57.49s]
[Epoch: 5/15][Iter: 1540/1713][lr: 0.000300/0.000030][loss_conf: 3.13][loss_obj: 0.50][loss_act: 0.99][loss_rel: 4.12][loss_box: 0.20][total: 19.50][time: 71.62s]
[Epoch: 5/15][Iter: 1550/1713][lr: 0.000300/0.000030][loss_conf: 3.11][loss_obj: 0.49][loss_act: 0.96][loss_rel: 4.11][loss_box: 0.20][total: 19.32][time: 56.78s]
[Epoch: 5/15][Iter: 1560/1713][lr: 0.000300/0.000030][loss_conf: 3.09][loss_obj: 0.49][loss_act: 0.90][loss_rel: 4.10][loss_box: 0.20][total: 19.22][time: 72.38s]
[Epoch: 5/15][Iter: 1570/1713][lr: 0.000300/0.000030][loss_conf: 3.17][loss_obj: 0.58][loss_act: 0.96][loss_rel: 4.11][loss_box: 0.21][total: 19.76][time: 57.39s]
[Epoch: 5/15][Iter: 1580/1713][lr: 0.000300/0.000030][loss_conf: 3.23][loss_obj: 0.52][loss_act: 0.99][loss_rel: 4.19][loss_box: 0.21][total: 19.97][time: 71.81s]

[Context Monitor] Epoch 5, Iter 1586
  📦 Obj conf: 0.561 | Person: 0.350 | Relations: 0.102
  🔗 Context contribution: 2.22x | Scale: 1.057 | CoocScale: 0.215
  ⏱️  X3D temporal: recent=0.38/mid=0.33/overall=0.28
  📈 Gradients: SceneCtx=0.4865, ObjCtx=1.3921, ActHead=6.1505
  📊 Losses: act=0.97, obj=0.54, rel=4.08
  👥 Batch: 207/454 person boxes
[Epoch: 5/15][Iter: 1590/1713][lr: 0.000300/0.000030][loss_conf: 3.21][loss_obj: 0.57][loss_act: 0.94][loss_rel: 4.06][loss_box: 0.20][total: 19.58][time: 57.19s]
[Epoch: 5/15][Iter: 1600/1713][lr: 0.000300/0.000030][loss_conf: 3.15][loss_obj: 0.49][loss_act: 0.88][loss_rel: 4.17][loss_box: 0.20][total: 19.45][time: 72.65s]
[Attn Stats] [avg_obj_confidence: 0.4356] [avg_act_confidence: 0.2251] [num_person_boxes: 197] [num_total_boxes: 464]
[Epoch: 5/15][Iter: 1610/1713][lr: 0.000300/0.000030][loss_conf: 3.16][loss_obj: 0.54][loss_act: 0.93][loss_rel: 4.13][loss_box: 0.21][total: 19.62][time: 58.53s]
[Epoch: 5/15][Iter: 1620/1713][lr: 0.000300/0.000030][loss_conf: 3.19][loss_obj: 0.57][loss_act: 0.99][loss_rel: 4.15][loss_box: 0.20][total: 19.85][time: 73.44s]
[Epoch: 5/15][Iter: 1630/1713][lr: 0.000300/0.000030][loss_conf: 3.20][loss_obj: 0.48][loss_act: 0.93][loss_rel: 4.31][loss_box: 0.20][total: 19.88][time: 58.14s]
[Epoch: 5/15][Iter: 1640/1713][lr: 0.000300/0.000030][loss_conf: 3.14][loss_obj: 0.54][loss_act: 0.95][loss_rel: 3.99][loss_box: 0.21][total: 19.34][time: 72.35s]
[Epoch: 5/15][Iter: 1650/1713][lr: 0.000300/0.000030][loss_conf: 3.19][loss_obj: 0.52][loss_act: 1.00][loss_rel: 4.19][loss_box: 0.21][total: 19.87][time: 57.90s]
[Epoch: 5/15][Iter: 1660/1713][lr: 0.000300/0.000030][loss_conf: 3.03][loss_obj: 0.55][loss_act: 0.89][loss_rel: 3.87][loss_box: 0.21][total: 18.73][time: 72.05s]
[Epoch: 5/15][Iter: 1670/1713][lr: 0.000300/0.000030][loss_conf: 3.11][loss_obj: 0.52][loss_act: 1.06][loss_rel: 4.15][loss_box: 0.22][total: 19.84][time: 58.88s]
[Epoch: 5/15][Iter: 1680/1713][lr: 0.000300/0.000030][loss_conf: 3.13][loss_obj: 0.53][loss_act: 1.00][loss_rel: 3.96][loss_box: 0.20][total: 19.25][time: 73.42s]

[Context Monitor] Epoch 5, Iter 1686
  📦 Obj conf: 0.559 | Person: 0.321 | Relations: 0.095
  🔗 Context contribution: 2.28x | Scale: 1.057 | CoocScale: 0.215
  ⏱️  X3D temporal: recent=0.38/mid=0.33/overall=0.28
  📈 Gradients: SceneCtx=0.3921, ObjCtx=1.6725, ActHead=5.6499
  📊 Losses: act=0.90, obj=0.50, rel=4.32
  👥 Batch: 215/441 person boxes
[Epoch: 5/15][Iter: 1690/1713][lr: 0.000300/0.000030][loss_conf: 3.16][loss_obj: 0.51][loss_act: 1.00][loss_rel: 3.98][loss_box: 0.21][total: 19.43][time: 57.60s]
[Epoch: 5/15][Iter: 1700/1713][lr: 0.000300/0.000030][loss_conf: 3.18][loss_obj: 0.59][loss_act: 0.82][loss_rel: 4.00][loss_box: 0.22][total: 19.34][time: 72.03s]
[Attn Stats] [avg_obj_confidence: 0.4329] [avg_act_confidence: 0.2214] [num_person_boxes: 205] [num_total_boxes: 457]
[Epoch: 5/15][Iter: 1710/1713][lr: 0.000300/0.000030][loss_conf: 3.21][loss_obj: 0.55][loss_act: 0.92][loss_rel: 3.98][loss_box: 0.21][total: 19.43][time: 55.63s]

======================================================================
📊 EPOCH 5/15 COMPLETED
   ⏱️  Epoch time: 184.2 min | ETA: 30.8 hours
   📈 Learning Rate: 0.000300
   🖥️  GPU Memory: 75.6/79.3 GB (95%)
   🎯 Remaining: 10 epochs
======================================================================


[Attention Summary - Epoch 5]
  avg_obj_confidence: mean=0.4292, std=0.0047
  avg_act_confidence: mean=0.2178, std=0.0035
  num_person_boxes: mean=201.1111, std=7.6295
  num_total_boxes: mean=461.5556, std=14.9377


[Detailed Attention Analysis - Epoch 5, Iter 1712]
  Attention entropy (normalized): 1.0000
    (0 = focused on single position, 1 = uniform)
  Nearby vs Far ratio: 1.0000
    (>1 means attending more to nearby positions)
  Uniform attention %: 100.0%
    (Should DECREASE during training)


======================================================================
📊 EPOCH 5 CONTEXT LEARNING SUMMARY
======================================================================
  Object Confidence: 0.5743 (✅ good)
  Context Contribution: 2.18x (✅ active)
  Scene Context Gradient: 0.454147 (✅ flowing)
  Object Context Gradient: 1.550209 (✅ flowing)
  Action Loss: 1.03 → 0.94 (✅ improving)
======================================================================

🔍 Running evaluation at epoch 5...
💾 Saving checkpoint for epoch 5...
   ✅ Saved: /content/yowo/weights/charades_ag/yowo_v2_x3d_m_yolo11m_multitask/yowo_v2_x3d_m_yolo11m_multitask_epoch_5.pth
🔍 Running evaluation...

============================================================
Charades-AG Evaluation - Epoch 5
============================================================
Evaluating 14696 keyframes...
  [0/919] processed...
  [50/919] processed...
  [100/919] processed...
  [150/919] processed...
  [200/919] processed...
  [250/919] processed...
  [300/919] processed...
  [350/919] processed...
  [400/919] processed...
  [450/919] processed...
  [500/919] processed...
  [550/919] processed...
  [600/919] processed...
  [650/919] processed...
  [700/919] processed...
  [750/919] processed...
  [800/919] processed...
  [850/919] processed...
  [900/919] processed...

Inference done in 653.1s
GT frames: 14220, Detection frames: 13942

Computing mAP...

============================================================
EVALUATION RESULTS - Epoch 5
============================================================
Object mAP @ IoU=0.5:   1.44% (31/36 classes)
Action mAP @ IoU=0.5:   2.38% (156/157 classes)
Relation mAP @ IoU=0.5: 1.76% (26/26 classes)
============================================================
Total eval time: 719.7s

Top 5 Objects: ['person:9.4%', 'mirror:7.8%', 'refrigerator:5.3%', 'doorway:4.6%', 'floor:3.5%']
Bottom 5 Objects: ['bag:0.0%', 'groceries:0.0%', 'medicine:0.0%', 'sandwich:0.0%', 'doorknob:0.0%']

Top 5 Relations: ['coveredby:5.0%', 'in:4.5%', 'standingon:4.0%', 'drinkingfrom:3.0%', 'beneath:3.0%']

Results saved to: ./evaluator/eval_results/charades_ag_eval_epoch_5.npy

============================================================
CLASSIFICATION METRICS (on IoU≥0.5 matched boxes)
============================================================
  📦 Object Accuracy (matched boxes): 83.5% (5457/6532)
  🎬 Action F1 (person boxes only):   29.1% (P=26.9%, R=31.6%)
  👤 Person boxes with ≥1 correct action: 56.5% (2774/4906)
  🔗 Relation F1 (all boxes):         68.4% (P=59.8%, R=79.9%)
============================================================
[Epoch: 6/15][Iter: 0/1713][lr: 0.000300/0.000030][loss_conf: 3.11][loss_obj: 0.54][loss_act: 0.92][loss_rel: 4.03][loss_box: 0.20][total: 19.25][time: 772.63s]
[Attn Stats] [avg_obj_confidence: 0.4333] [avg_act_confidence: 0.2228] [num_person_boxes: 205] [num_total_boxes: 464]
[Epoch: 6/15][Iter: 10/1713][lr: 0.000300/0.000030][loss_conf: 3.22][loss_obj: 0.52][loss_act: 0.99][loss_rel: 4.05][loss_box: 0.20][total: 19.54][time: 56.12s]
[Epoch: 6/15][Iter: 20/1713][lr: 0.000300/0.000030][loss_conf: 3.20][loss_obj: 0.48][loss_act: 0.97][loss_rel: 4.26][loss_box: 0.21][total: 19.90][time: 69.84s]
[Epoch: 6/15][Iter: 30/1713][lr: 0.000300/0.000030][loss_conf: 3.16][loss_obj: 0.52][loss_act: 0.91][loss_rel: 4.04][loss_box: 0.21][total: 19.36][time: 56.65s]
[Epoch: 6/15][Iter: 40/1713][lr: 0.000300/0.000030][loss_conf: 3.21][loss_obj: 0.60][loss_act: 0.96][loss_rel: 3.99][loss_box: 0.22][total: 19.69][time: 70.92s]
[Epoch: 6/15][Iter: 50/1713][lr: 0.000300/0.000030][loss_conf: 3.12][loss_obj: 0.48][loss_act: 0.88][loss_rel: 4.02][loss_box: 0.20][total: 19.03][time: 56.44s]
[Epoch: 6/15][Iter: 60/1713][lr: 0.000300/0.000030][loss_conf: 3.15][loss_obj: 0.53][loss_act: 0.91][loss_rel: 3.81][loss_box: 0.21][total: 18.94][time: 70.99s]
[Epoch: 6/15][Iter: 70/1713][lr: 0.000300/0.000030][loss_conf: 3.15][loss_obj: 0.49][loss_act: 0.90][loss_rel: 4.16][loss_box: 0.21][total: 19.48][time: 57.93s]

[Context Monitor] Epoch 6, Iter 73
  📦 Obj conf: 0.572 | Person: 0.343 | Relations: 0.103
  🔗 Context contribution: 2.19x | Scale: 1.055 | CoocScale: 0.215
  ⏱️  X3D temporal: recent=0.38/mid=0.33/overall=0.28
  📈 Gradients: SceneCtx=0.4476, ObjCtx=1.6474, ActHead=3.9288
  📊 Losses: act=0.91, obj=0.56, rel=4.05
  👥 Batch: 190/427 person boxes
[Epoch: 6/15][Iter: 80/1713][lr: 0.000300/0.000030][loss_conf: 3.20][loss_obj: 0.59][loss_act: 0.91][loss_rel: 3.86][loss_box: 0.21][total: 19.19][time: 69.70s]
[Epoch: 6/15][Iter: 90/1713][lr: 0.000300/0.000030][loss_conf: 3.07][loss_obj: 0.50][loss_act: 0.92][loss_rel: 3.94][loss_box: 0.20][total: 18.90][time: 59.33s]
[Epoch: 6/15][Iter: 100/1713][lr: 0.000300/0.000030][loss_conf: 3.12][loss_obj: 0.47][loss_act: 0.94][loss_rel: 4.10][loss_box: 0.21][total: 19.31][time: 69.91s]
[Attn Stats] [avg_obj_confidence: 0.4345] [avg_act_confidence: 0.2224] [num_person_boxes: 212] [num_total_boxes: 466]
[Epoch: 6/15][Iter: 110/1713][lr: 0.000300/0.000030][loss_conf: 3.06][loss_obj: 0.44][loss_act: 0.94][loss_rel: 4.00][loss_box: 0.20][total: 18.90][time: 70.47s]
[Epoch: 6/15][Iter: 120/1713][lr: 0.000300/0.000030][loss_conf: 3.18][loss_obj: 0.49][loss_act: 0.95][loss_rel: 4.11][loss_box: 0.20][total: 19.44][time: 72.36s]
[Epoch: 6/15][Iter: 130/1713][lr: 0.000300/0.000030][loss_conf: 3.10][loss_obj: 0.51][loss_act: 0.92][loss_rel: 3.96][loss_box: 0.20][total: 19.00][time: 59.08s]
[Epoch: 6/15][Iter: 140/1713][lr: 0.000300/0.000030][loss_conf: 3.13][loss_obj: 0.41][loss_act: 1.01][loss_rel: 3.95][loss_box: 0.20][total: 19.01][time: 71.48s]
[Epoch: 6/15][Iter: 150/1713][lr: 0.000300/0.000030][loss_conf: 3.08][loss_obj: 0.53][loss_act: 0.93][loss_rel: 3.96][loss_box: 0.21][total: 19.05][time: 59.10s]
[Epoch: 6/15][Iter: 160/1713][lr: 0.000300/0.000030][loss_conf: 3.21][loss_obj: 0.59][loss_act: 0.93][loss_rel: 4.46][loss_box: 0.22][total: 20.53][time: 71.25s]
[Epoch: 6/15][Iter: 170/1713][lr: 0.000300/0.000030][loss_conf: 3.13][loss_obj: 0.62][loss_act: 0.90][loss_rel: 4.03][loss_box: 0.20][total: 19.39][time: 58.55s]

[Context Monitor] Epoch 6, Iter 173
  📦 Obj conf: 0.564 | Person: 0.329 | Relations: 0.107
  🔗 Context contribution: 2.19x | Scale: 1.057 | CoocScale: 0.215
  ⏱️  X3D temporal: recent=0.38/mid=0.33/overall=0.28
  📈 Gradients: SceneCtx=0.4651, ObjCtx=1.1309, ActHead=4.5927
  📊 Losses: act=0.93, obj=0.56, rel=4.22
  👥 Batch: 189/447 person boxes
[Epoch: 6/15][Iter: 180/1713][lr: 0.000300/0.000030][loss_conf: 3.19][loss_obj: 0.47][loss_act: 0.91][loss_rel: 4.09][loss_box: 0.20][total: 19.38][time: 70.90s]
[Epoch: 6/15][Iter: 190/1713][lr: 0.000300/0.000030][loss_conf: 3.08][loss_obj: 0.54][loss_act: 0.91][loss_rel: 3.82][loss_box: 0.20][total: 18.66][time: 57.82s]
[Epoch: 6/15][Iter: 200/1713][lr: 0.000300/0.000030][loss_conf: 3.04][loss_obj: 0.53][loss_act: 0.89][loss_rel: 4.12][loss_box: 0.20][total: 19.20][time: 69.90s]
[Attn Stats] [avg_obj_confidence: 0.4329] [avg_act_confidence: 0.2218] [num_person_boxes: 208] [num_total_boxes: 474]
[Epoch: 6/15][Iter: 210/1713][lr: 0.000300/0.000030][loss_conf: 3.20][loss_obj: 0.54][loss_act: 0.88][loss_rel: 4.12][loss_box: 0.22][total: 19.64][time: 58.04s]
[Epoch: 6/15][Iter: 220/1713][lr: 0.000300/0.000030][loss_conf: 3.14][loss_obj: 0.52][loss_act: 0.95][loss_rel: 4.10][loss_box: 0.22][total: 19.57][time: 67.84s]
[Epoch: 6/15][Iter: 230/1713][lr: 0.000300/0.000030][loss_conf: 3.15][loss_obj: 0.53][loss_act: 1.06][loss_rel: 4.00][loss_box: 0.21][total: 19.52][time: 57.49s]
[Epoch: 6/15][Iter: 240/1713][lr: 0.000300/0.000030][loss_conf: 3.18][loss_obj: 0.57][loss_act: 0.90][loss_rel: 4.04][loss_box: 0.21][total: 19.51][time: 68.55s]
[Epoch: 6/15][Iter: 250/1713][lr: 0.000300/0.000030][loss_conf: 3.08][loss_obj: 0.60][loss_act: 0.98][loss_rel: 3.92][loss_box: 0.21][total: 19.26][time: 58.95s]
[Epoch: 6/15][Iter: 260/1713][lr: 0.000300/0.000030][loss_conf: 3.13][loss_obj: 0.47][loss_act: 0.88][loss_rel: 3.89][loss_box: 0.21][total: 18.81][time: 67.71s]
[Epoch: 6/15][Iter: 270/1713][lr: 0.000300/0.000030][loss_conf: 3.06][loss_obj: 0.49][loss_act: 0.94][loss_rel: 4.12][loss_box: 0.21][total: 19.33][time: 59.45s]

[Context Monitor] Epoch 6, Iter 273
  📦 Obj conf: 0.591 | Person: 0.358 | Relations: 0.104
  🔗 Context contribution: 2.19x | Scale: 1.056 | CoocScale: 0.215
  ⏱️  X3D temporal: recent=0.38/mid=0.33/overall=0.28
  📈 Gradients: SceneCtx=0.4897, ObjCtx=1.1433, ActHead=5.7552
  📊 Losses: act=0.96, obj=0.56, rel=4.11
  👥 Batch: 204/458 person boxes
[Epoch: 6/15][Iter: 280/1713][lr: 0.000300/0.000030][loss_conf: 3.13][loss_obj: 0.52][loss_act: 0.94][loss_rel: 4.14][loss_box: 0.20][total: 19.50][time: 68.80s]
[Epoch: 6/15][Iter: 290/1713][lr: 0.000300/0.000030][loss_conf: 3.14][loss_obj: 0.55][loss_act: 0.96][loss_rel: 3.95][loss_box: 0.21][total: 19.27][time: 60.00s]
[Epoch: 6/15][Iter: 300/1713][lr: 0.000300/0.000030][loss_conf: 3.09][loss_obj: 0.62][loss_act: 1.01][loss_rel: 4.11][loss_box: 0.20][total: 19.64][time: 67.02s]
[Attn Stats] [avg_obj_confidence: 0.4372] [avg_act_confidence: 0.2223] [num_person_boxes: 207] [num_total_boxes: 471]
[Epoch: 6/15][Iter: 310/1713][lr: 0.000300/0.000030][loss_conf: 3.27][loss_obj: 0.56][loss_act: 0.88][loss_rel: 4.19][loss_box: 0.21][total: 19.96][time: 60.81s]
[Epoch: 6/15][Iter: 320/1713][lr: 0.000300/0.000030][loss_conf: 3.04][loss_obj: 0.55][loss_act: 0.95][loss_rel: 4.04][loss_box: 0.21][total: 19.22][time: 67.07s]
[Epoch: 6/15][Iter: 330/1713][lr: 0.000300/0.000030][loss_conf: 3.10][loss_obj: 0.43][loss_act: 0.93][loss_rel: 4.01][loss_box: 0.20][total: 18.99][time: 60.07s]
[Epoch: 6/15][Iter: 340/1713][lr: 0.000300/0.000030][loss_conf: 3.08][loss_obj: 0.46][loss_act: 0.90][loss_rel: 3.91][loss_box: 0.19][total: 18.65][time: 66.17s]
[Epoch: 6/15][Iter: 350/1713][lr: 0.000300/0.000030][loss_conf: 3.06][loss_obj: 0.53][loss_act: 0.95][loss_rel: 4.06][loss_box: 0.22][total: 19.35][time: 59.52s]
[Epoch: 6/15][Iter: 360/1713][lr: 0.000300/0.000030][loss_conf: 3.17][loss_obj: 0.54][loss_act: 0.98][loss_rel: 3.88][loss_box: 0.21][total: 19.29][time: 65.21s]
[Epoch: 6/15][Iter: 370/1713][lr: 0.000300/0.000030][loss_conf: 3.10][loss_obj: 0.52][loss_act: 0.97][loss_rel: 4.13][loss_box: 0.22][total: 19.63][time: 60.09s]

[Context Monitor] Epoch 6, Iter 373
  📦 Obj conf: 0.579 | Person: 0.325 | Relations: 0.108
  🔗 Context contribution: 2.22x | Scale: 1.057 | CoocScale: 0.215
  ⏱️  X3D temporal: recent=0.38/mid=0.33/overall=0.28
  📈 Gradients: SceneCtx=0.3288, ObjCtx=0.7406, ActHead=4.3237
  📊 Losses: act=0.91, obj=0.57, rel=3.92
  👥 Batch: 195/452 person boxes
[Epoch: 6/15][Iter: 380/1713][lr: 0.000300/0.000030][loss_conf: 3.16][loss_obj: 0.52][loss_act: 0.98][loss_rel: 3.96][loss_box: 0.21][total: 19.37][time: 64.64s]
[Epoch: 6/15][Iter: 390/1713][lr: 0.000300/0.000030][loss_conf: 3.16][loss_obj: 0.52][loss_act: 0.84][loss_rel: 3.98][loss_box: 0.20][total: 19.01][time: 59.20s]
[Epoch: 6/15][Iter: 400/1713][lr: 0.000300/0.000030][loss_conf: 3.12][loss_obj: 0.47][loss_act: 0.98][loss_rel: 3.95][loss_box: 0.21][total: 19.13][time: 65.57s]
[Attn Stats] [avg_obj_confidence: 0.4355] [avg_act_confidence: 0.2238] [num_person_boxes: 213] [num_total_boxes: 488]
[Epoch: 6/15][Iter: 410/1713][lr: 0.000300/0.000030][loss_conf: 3.20][loss_obj: 0.53][loss_act: 0.89][loss_rel: 4.11][loss_box: 0.21][total: 19.54][time: 59.14s]
[Epoch: 6/15][Iter: 420/1713][lr: 0.000300/0.000030][loss_conf: 3.15][loss_obj: 0.52][loss_act: 0.89][loss_rel: 4.05][loss_box: 0.20][total: 19.25][time: 65.45s]
[Epoch: 6/15][Iter: 430/1713][lr: 0.000300/0.000030][loss_conf: 3.07][loss_obj: 0.50][loss_act: 0.94][loss_rel: 3.84][loss_box: 0.20][total: 18.72][time: 58.79s]
[Epoch: 6/15][Iter: 440/1713][lr: 0.000300/0.000030][loss_conf: 3.22][loss_obj: 0.51][loss_act: 0.87][loss_rel: 4.15][loss_box: 0.21][total: 19.61][time: 66.97s]
[Epoch: 6/15][Iter: 450/1713][lr: 0.000300/0.000030][loss_conf: 3.11][loss_obj: 0.49][loss_act: 0.93][loss_rel: 4.00][loss_box: 0.20][total: 19.04][time: 58.64s]
[Epoch: 6/15][Iter: 460/1713][lr: 0.000300/0.000030][loss_conf: 3.08][loss_obj: 0.49][loss_act: 0.95][loss_rel: 4.06][loss_box: 0.20][total: 19.22][time: 66.10s]
[Epoch: 6/15][Iter: 470/1713][lr: 0.000300/0.000030][loss_conf: 3.02][loss_obj: 0.50][loss_act: 0.89][loss_rel: 3.91][loss_box: 0.20][total: 18.60][time: 59.55s]

[Context Monitor] Epoch 6, Iter 473
  📦 Obj conf: 0.573 | Person: 0.333 | Relations: 0.099
  🔗 Context contribution: 2.17x | Scale: 1.056 | CoocScale: 0.215
  ⏱️  X3D temporal: recent=0.38/mid=0.33/overall=0.28
  📈 Gradients: SceneCtx=0.4447, ObjCtx=1.6051, ActHead=3.9807
  📊 Losses: act=0.86, obj=0.50, rel=4.11
  👥 Batch: 187/430 person boxes
[Epoch: 6/15][Iter: 480/1713][lr: 0.000300/0.000030][loss_conf: 3.12][loss_obj: 0.54][loss_act: 0.86][loss_rel: 3.99][loss_box: 0.22][total: 19.18][time: 65.15s]
[Epoch: 6/15][Iter: 490/1713][lr: 0.000300/0.000030][loss_conf: 3.09][loss_obj: 0.45][loss_act: 0.92][loss_rel: 4.08][loss_box: 0.20][total: 19.12][time: 58.54s]
[Epoch: 6/15][Iter: 500/1713][lr: 0.000300/0.000030][loss_conf: 3.03][loss_obj: 0.47][loss_act: 0.89][loss_rel: 3.92][loss_box: 0.20][total: 18.65][time: 66.96s]
[Attn Stats] [avg_obj_confidence: 0.4391] [avg_act_confidence: 0.2236] [num_person_boxes: 197] [num_total_boxes: 462]
[Epoch: 6/15][Iter: 510/1713][lr: 0.000300/0.000030][loss_conf: 3.07][loss_obj: 0.46][loss_act: 0.93][loss_rel: 4.01][loss_box: 0.20][total: 18.95][time: 61.52s]
[Epoch: 6/15][Iter: 520/1713][lr: 0.000300/0.000030][loss_conf: 3.25][loss_obj: 0.60][loss_act: 0.92][loss_rel: 4.08][loss_box: 0.21][total: 19.84][time: 66.30s]
[Epoch: 6/15][Iter: 530/1713][lr: 0.000300/0.000030][loss_conf: 3.09][loss_obj: 0.50][loss_act: 0.84][loss_rel: 4.33][loss_box: 0.21][total: 19.59][time: 60.14s]
[Epoch: 6/15][Iter: 540/1713][lr: 0.000300/0.000030][loss_conf: 3.12][loss_obj: 0.43][loss_act: 0.94][loss_rel: 3.77][loss_box: 0.20][total: 18.54][time: 67.66s]
[Epoch: 6/15][Iter: 550/1713][lr: 0.000300/0.000030][loss_conf: 3.18][loss_obj: 0.44][loss_act: 0.92][loss_rel: 4.16][loss_box: 0.20][total: 19.43][time: 59.51s]
[Epoch: 6/15][Iter: 560/1713][lr: 0.000300/0.000030][loss_conf: 3.14][loss_obj: 0.52][loss_act: 0.95][loss_rel: 4.03][loss_box: 0.20][total: 19.34][time: 68.01s]
[Epoch: 6/15][Iter: 570/1713][lr: 0.000300/0.000030][loss_conf: 3.04][loss_obj: 0.46][loss_act: 0.87][loss_rel: 4.01][loss_box: 0.21][total: 18.84][time: 59.05s]

[Context Monitor] Epoch 6, Iter 573
  📦 Obj conf: 0.564 | Person: 0.310 | Relations: 0.106
  🔗 Context contribution: 2.23x | Scale: 1.057 | CoocScale: 0.216
  ⏱️  X3D temporal: recent=0.38/mid=0.33/overall=0.28
  📈 Gradients: SceneCtx=0.4290, ObjCtx=1.7487, ActHead=5.9586
  📊 Losses: act=0.91, obj=0.49, rel=4.14
  👥 Batch: 193/460 person boxes
[Epoch: 6/15][Iter: 580/1713][lr: 0.000300/0.000030][loss_conf: 3.14][loss_obj: 0.52][loss_act: 0.94][loss_rel: 3.87][loss_box: 0.21][total: 19.05][time: 68.19s]
[Epoch: 6/15][Iter: 590/1713][lr: 0.000300/0.000030][loss_conf: 3.12][loss_obj: 0.49][loss_act: 0.96][loss_rel: 4.13][loss_box: 0.20][total: 19.38][time: 57.88s]
[Epoch: 6/15][Iter: 600/1713][lr: 0.000300/0.000030][loss_conf: 3.00][loss_obj: 0.48][loss_act: 0.89][loss_rel: 4.02][loss_box: 0.20][total: 18.75][time: 66.86s]
[Attn Stats] [avg_obj_confidence: 0.4318] [avg_act_confidence: 0.2219] [num_person_boxes: 190] [num_total_boxes: 462]
[Epoch: 6/15][Iter: 610/1713][lr: 0.000300/0.000030][loss_conf: 3.18][loss_obj: 0.49][loss_act: 0.95][loss_rel: 3.90][loss_box: 0.20][total: 18.99][time: 61.59s]
[Epoch: 6/15][Iter: 620/1713][lr: 0.000300/0.000030][loss_conf: 3.18][loss_obj: 0.54][loss_act: 0.97][loss_rel: 4.00][loss_box: 0.21][total: 19.48][time: 66.84s]
[Epoch: 6/15][Iter: 630/1713][lr: 0.000300/0.000030][loss_conf: 3.12][loss_obj: 0.55][loss_act: 0.88][loss_rel: 4.06][loss_box: 0.21][total: 19.27][time: 58.56s]
[Epoch: 6/15][Iter: 640/1713][lr: 0.000300/0.000030][loss_conf: 3.19][loss_obj: 0.53][loss_act: 0.96][loss_rel: 3.87][loss_box: 0.20][total: 19.08][time: 67.29s]
[Epoch: 6/15][Iter: 650/1713][lr: 0.000300/0.000030][loss_conf: 2.99][loss_obj: 0.46][loss_act: 0.98][loss_rel: 3.79][loss_box: 0.19][total: 18.35][time: 58.08s]
[Epoch: 6/15][Iter: 660/1713][lr: 0.000300/0.000030][loss_conf: 3.18][loss_obj: 0.53][loss_act: 0.97][loss_rel: 4.11][loss_box: 0.21][total: 19.72][time: 67.99s]
[Epoch: 6/15][Iter: 670/1713][lr: 0.000300/0.000030][loss_conf: 3.13][loss_obj: 0.55][loss_act: 0.89][loss_rel: 3.82][loss_box: 0.20][total: 18.77][time: 58.63s]

[Context Monitor] Epoch 6, Iter 673
  📦 Obj conf: 0.585 | Person: 0.324 | Relations: 0.100
  🔗 Context contribution: 2.19x | Scale: 1.058 | CoocScale: 0.216
  ⏱️  X3D temporal: recent=0.38/mid=0.33/overall=0.28
  📈 Gradients: SceneCtx=0.7956, ObjCtx=3.0116, ActHead=12.2270
  📊 Losses: act=0.90, obj=0.55, rel=4.21
  👥 Batch: 196/458 person boxes
[Epoch: 6/15][Iter: 680/1713][lr: 0.000300/0.000030][loss_conf: 3.09][loss_obj: 0.51][loss_act: 0.92][loss_rel: 3.94][loss_box: 0.20][total: 18.95][time: 68.02s]
[Epoch: 6/15][Iter: 690/1713][lr: 0.000300/0.000030][loss_conf: 3.09][loss_obj: 0.55][loss_act: 0.96][loss_rel: 4.34][loss_box: 0.21][total: 20.01][time: 59.09s]
[Epoch: 6/15][Iter: 700/1713][lr: 0.000300/0.000030][loss_conf: 3.22][loss_obj: 0.47][loss_act: 0.87][loss_rel: 4.03][loss_box: 0.20][total: 19.22][time: 65.70s]
[Attn Stats] [avg_obj_confidence: 0.4403] [avg_act_confidence: 0.2279] [num_person_boxes: 189] [num_total_boxes: 404]
[Epoch: 6/15][Iter: 710/1713][lr: 0.000300/0.000030][loss_conf: 3.20][loss_obj: 0.48][loss_act: 0.90][loss_rel: 4.10][loss_box: 0.21][total: 19.43][time: 58.86s]
[Epoch: 6/15][Iter: 720/1713][lr: 0.000300/0.000030][loss_conf: 3.20][loss_obj: 0.51][loss_act: 0.95][loss_rel: 4.12][loss_box: 0.21][total: 19.67][time: 65.23s]
[Epoch: 6/15][Iter: 730/1713][lr: 0.000300/0.000030][loss_conf: 3.07][loss_obj: 0.50][loss_act: 0.90][loss_rel: 4.46][loss_box: 0.20][total: 19.83][time: 60.38s]
[Epoch: 6/15][Iter: 740/1713][lr: 0.000300/0.000030][loss_conf: 3.18][loss_obj: 0.52][loss_act: 1.00][loss_rel: 4.14][loss_box: 0.20][total: 19.70][time: 65.94s]
[Epoch: 6/15][Iter: 750/1713][lr: 0.000300/0.000030][loss_conf: 3.08][loss_obj: 0.47][loss_act: 0.87][loss_rel: 4.10][loss_box: 0.20][total: 19.07][time: 59.58s]
[Epoch: 6/15][Iter: 760/1713][lr: 0.000300/0.000030][loss_conf: 3.17][loss_obj: 0.56][loss_act: 0.93][loss_rel: 4.13][loss_box: 0.21][total: 19.68][time: 66.27s]
[Epoch: 6/15][Iter: 770/1713][lr: 0.000300/0.000030][loss_conf: 3.16][loss_obj: 0.44][loss_act: 0.97][loss_rel: 4.27][loss_box: 0.20][total: 19.62][time: 60.04s]

[Context Monitor] Epoch 6, Iter 773
  📦 Obj conf: 0.585 | Person: 0.339 | Relations: 0.103
  🔗 Context contribution: 2.16x | Scale: 1.057 | CoocScale: 0.216
  ⏱️  X3D temporal: recent=0.38/mid=0.33/overall=0.28
  📈 Gradients: SceneCtx=0.7943, ObjCtx=2.1722, ActHead=9.6864
  📊 Losses: act=0.95, obj=0.43, rel=3.95
  👥 Batch: 198/456 person boxes
[Epoch: 6/15][Iter: 780/1713][lr: 0.000300/0.000030][loss_conf: 3.21][loss_obj: 0.53][loss_act: 0.89][loss_rel: 4.13][loss_box: 0.21][total: 19.64][time: 63.76s]
[Epoch: 6/15][Iter: 790/1713][lr: 0.000300/0.000030][loss_conf: 3.08][loss_obj: 0.47][loss_act: 0.91][loss_rel: 4.02][loss_box: 0.20][total: 18.99][time: 62.38s]
[Epoch: 6/15][Iter: 800/1713][lr: 0.000300/0.000030][loss_conf: 3.09][loss_obj: 0.56][loss_act: 0.94][loss_rel: 4.18][loss_box: 0.21][total: 19.62][time: 63.94s]
[Attn Stats] [avg_obj_confidence: 0.4412] [avg_act_confidence: 0.2227] [num_person_boxes: 198] [num_total_boxes: 470]
[Epoch: 6/15][Iter: 810/1713][lr: 0.000300/0.000030][loss_conf: 3.17][loss_obj: 0.44][loss_act: 0.94][loss_rel: 3.70][loss_box: 0.21][total: 18.60][time: 63.35s]
[Epoch: 6/15][Iter: 820/1713][lr: 0.000300/0.000030][loss_conf: 3.07][loss_obj: 0.41][loss_act: 0.82][loss_rel: 3.77][loss_box: 0.19][total: 18.03][time: 62.09s]
[Epoch: 6/15][Iter: 830/1713][lr: 0.000300/0.000030][loss_conf: 3.09][loss_obj: 0.51][loss_act: 0.89][loss_rel: 4.02][loss_box: 0.20][total: 18.99][time: 65.06s]
[Epoch: 6/15][Iter: 840/1713][lr: 0.000300/0.000030][loss_conf: 3.13][loss_obj: 0.48][loss_act: 0.89][loss_rel: 4.24][loss_box: 0.21][total: 19.56][time: 61.44s]
[Epoch: 6/15][Iter: 850/1713][lr: 0.000300/0.000030][loss_conf: 3.08][loss_obj: 0.50][loss_act: 0.85][loss_rel: 3.81][loss_box: 0.20][total: 18.51][time: 64.24s]
[Epoch: 6/15][Iter: 860/1713][lr: 0.000300/0.000030][loss_conf: 3.13][loss_obj: 0.49][loss_act: 0.88][loss_rel: 4.05][loss_box: 0.21][total: 19.25][time: 63.99s]
[Epoch: 6/15][Iter: 870/1713][lr: 0.000300/0.000030][loss_conf: 3.13][loss_obj: 0.50][loss_act: 0.98][loss_rel: 4.09][loss_box: 0.21][total: 19.49][time: 62.94s]

[Context Monitor] Epoch 6, Iter 873
  📦 Obj conf: 0.587 | Person: 0.339 | Relations: 0.104
  🔗 Context contribution: 2.19x | Scale: 1.056 | CoocScale: 0.216
  ⏱️  X3D temporal: recent=0.38/mid=0.33/overall=0.28
  📈 Gradients: SceneCtx=1.1420, ObjCtx=3.7974, ActHead=10.5106
  📊 Losses: act=0.89, obj=0.48, rel=3.89
  👥 Batch: 202/454 person boxes
[Epoch: 6/15][Iter: 880/1713][lr: 0.000300/0.000030][loss_conf: 3.22][loss_obj: 0.45][loss_act: 0.99][loss_rel: 4.31][loss_box: 0.21][total: 20.06][time: 62.54s]
[Epoch: 6/15][Iter: 890/1713][lr: 0.000300/0.000030][loss_conf: 3.14][loss_obj: 0.54][loss_act: 0.92][loss_rel: 4.03][loss_box: 0.20][total: 19.25][time: 62.98s]
[Epoch: 6/15][Iter: 900/1713][lr: 0.000300/0.000030][loss_conf: 3.11][loss_obj: 0.47][loss_act: 0.94][loss_rel: 4.15][loss_box: 0.20][total: 19.34][time: 62.88s]
[Attn Stats] [avg_obj_confidence: 0.4371] [avg_act_confidence: 0.2298] [num_person_boxes: 192] [num_total_boxes: 448]
[Epoch: 6/15][Iter: 910/1713][lr: 0.000300/0.000030][loss_conf: 3.22][loss_obj: 0.51][loss_act: 0.88][loss_rel: 4.01][loss_box: 0.21][total: 19.31][time: 63.21s]
[Epoch: 6/15][Iter: 920/1713][lr: 0.000300/0.000030][loss_conf: 3.11][loss_obj: 0.46][loss_act: 0.93][loss_rel: 4.05][loss_box: 0.21][total: 19.24][time: 61.66s]
[Epoch: 6/15][Iter: 930/1713][lr: 0.000300/0.000030][loss_conf: 3.11][loss_obj: 0.50][loss_act: 0.93][loss_rel: 4.09][loss_box: 0.21][total: 19.33][time: 65.43s]
[Epoch: 6/15][Iter: 940/1713][lr: 0.000300/0.000030][loss_conf: 3.21][loss_obj: 0.45][loss_act: 0.89][loss_rel: 4.36][loss_box: 0.20][total: 19.82][time: 61.13s]
[Epoch: 6/15][Iter: 950/1713][lr: 0.000300/0.000030][loss_conf: 3.23][loss_obj: 0.53][loss_act: 0.96][loss_rel: 4.04][loss_box: 0.20][total: 19.52][time: 65.97s]
[Epoch: 6/15][Iter: 960/1713][lr: 0.000300/0.000030][loss_conf: 3.14][loss_obj: 0.45][loss_act: 0.96][loss_rel: 4.11][loss_box: 0.21][total: 19.40][time: 60.73s]
[Epoch: 6/15][Iter: 970/1713][lr: 0.000300/0.000030][loss_conf: 3.12][loss_obj: 0.47][loss_act: 0.85][loss_rel: 4.08][loss_box: 0.20][total: 19.05][time: 65.34s]

[Context Monitor] Epoch 6, Iter 973
  📦 Obj conf: 0.606 | Person: 0.358 | Relations: 0.101
  🔗 Context contribution: 2.19x | Scale: 1.058 | CoocScale: 0.216
  ⏱️  X3D temporal: recent=0.38/mid=0.33/overall=0.28
  📈 Gradients: SceneCtx=1.0704, ObjCtx=2.6819, ActHead=10.1267
  📊 Losses: act=0.91, obj=0.49, rel=4.09
  👥 Batch: 204/447 person boxes
[Epoch: 6/15][Iter: 980/1713][lr: 0.000300/0.000030][loss_conf: 3.11][loss_obj: 0.53][loss_act: 0.89][loss_rel: 3.96][loss_box: 0.20][total: 19.01][time: 61.16s]
[Epoch: 6/15][Iter: 990/1713][lr: 0.000300/0.000030][loss_conf: 3.10][loss_obj: 0.47][loss_act: 0.89][loss_rel: 4.07][loss_box: 0.20][total: 19.09][time: 66.34s]
[Epoch: 6/15][Iter: 1000/1713][lr: 0.000300/0.000030][loss_conf: 3.23][loss_obj: 0.51][loss_act: 0.95][loss_rel: 4.22][loss_box: 0.21][total: 19.88][time: 62.84s]
[Attn Stats] [avg_obj_confidence: 0.4395] [avg_act_confidence: 0.2229] [num_person_boxes: 193] [num_total_boxes: 435]
[Epoch: 6/15][Iter: 1010/1713][lr: 0.000300/0.000030][loss_conf: 3.10][loss_obj: 0.47][loss_act: 0.87][loss_rel: 4.13][loss_box: 0.20][total: 19.15][time: 64.80s]
[Epoch: 6/15][Iter: 1020/1713][lr: 0.000300/0.000030][loss_conf: 3.12][loss_obj: 0.50][loss_act: 1.01][loss_rel: 4.36][loss_box: 0.21][total: 20.04][time: 79.42s]
[Epoch: 6/15][Iter: 1030/1713][lr: 0.000300/0.000030][loss_conf: 3.19][loss_obj: 0.49][loss_act: 0.96][loss_rel: 3.87][loss_box: 0.20][total: 19.01][time: 62.61s]
[Epoch: 6/15][Iter: 1040/1713][lr: 0.000300/0.000030][loss_conf: 3.16][loss_obj: 0.55][loss_act: 0.98][loss_rel: 4.34][loss_box: 0.21][total: 20.15][time: 62.90s]
[Epoch: 6/15][Iter: 1050/1713][lr: 0.000300/0.000030][loss_conf: 3.07][loss_obj: 0.56][loss_act: 0.94][loss_rel: 3.98][loss_box: 0.21][total: 19.17][time: 64.79s]
[Epoch: 6/15][Iter: 1060/1713][lr: 0.000300/0.000030][loss_conf: 3.22][loss_obj: 0.55][loss_act: 0.99][loss_rel: 4.56][loss_box: 0.21][total: 20.71][time: 63.03s]
[Epoch: 6/15][Iter: 1070/1713][lr: 0.000300/0.000030][loss_conf: 3.10][loss_obj: 0.51][loss_act: 0.90][loss_rel: 4.15][loss_box: 0.20][total: 19.33][time: 65.22s]

[Context Monitor] Epoch 6, Iter 1073
  📦 Obj conf: 0.581 | Person: 0.331 | Relations: 0.106
  🔗 Context contribution: 2.21x | Scale: 1.058 | CoocScale: 0.216
  ⏱️  X3D temporal: recent=0.38/mid=0.33/overall=0.28
  📈 Gradients: SceneCtx=0.4939, ObjCtx=2.8982, ActHead=6.1270
  📊 Losses: act=0.91, obj=0.44, rel=4.12
  👥 Batch: 183/449 person boxes
[Epoch: 6/15][Iter: 1080/1713][lr: 0.000300/0.000030][loss_conf: 3.05][loss_obj: 0.45][loss_act: 0.92][loss_rel: 4.19][loss_box: 0.20][total: 19.25][time: 62.56s]
[Epoch: 6/15][Iter: 1090/1713][lr: 0.000300/0.000030][loss_conf: 3.12][loss_obj: 0.48][loss_act: 0.94][loss_rel: 3.93][loss_box: 0.20][total: 18.99][time: 65.44s]
[Epoch: 6/15][Iter: 1100/1713][lr: 0.000300/0.000030][loss_conf: 3.16][loss_obj: 0.46][loss_act: 0.91][loss_rel: 4.06][loss_box: 0.20][total: 19.17][time: 61.43s]
[Attn Stats] [avg_obj_confidence: 0.4416] [avg_act_confidence: 0.2266] [num_person_boxes: 203] [num_total_boxes: 453]
[Epoch: 6/15][Iter: 1110/1713][lr: 0.000300/0.000030][loss_conf: 3.17][loss_obj: 0.53][loss_act: 0.92][loss_rel: 4.27][loss_box: 0.21][total: 19.86][time: 67.35s]
[Epoch: 6/15][Iter: 1120/1713][lr: 0.000300/0.000030][loss_conf: 3.21][loss_obj: 0.51][loss_act: 0.92][loss_rel: 3.94][loss_box: 0.21][total: 19.28][time: 61.11s]
[Epoch: 6/15][Iter: 1130/1713][lr: 0.000300/0.000030][loss_conf: 2.97][loss_obj: 0.56][loss_act: 1.00][loss_rel: 4.13][loss_box: 0.20][total: 19.35][time: 67.53s]
[Epoch: 6/15][Iter: 1140/1713][lr: 0.000300/0.000030][loss_conf: 3.11][loss_obj: 0.55][loss_act: 0.92][loss_rel: 4.25][loss_box: 0.22][total: 19.86][time: 60.12s]
[Epoch: 6/15][Iter: 1150/1713][lr: 0.000300/0.000030][loss_conf: 3.01][loss_obj: 0.52][loss_act: 0.95][loss_rel: 4.03][loss_box: 0.20][total: 18.98][time: 66.85s]
[Epoch: 6/15][Iter: 1160/1713][lr: 0.000300/0.000030][loss_conf: 3.13][loss_obj: 0.47][loss_act: 0.96][loss_rel: 4.13][loss_box: 0.21][total: 19.44][time: 59.96s]
[Epoch: 6/15][Iter: 1170/1713][lr: 0.000300/0.000030][loss_conf: 3.09][loss_obj: 0.48][loss_act: 0.92][loss_rel: 3.85][loss_box: 0.20][total: 18.64][time: 68.37s]

[Context Monitor] Epoch 6, Iter 1173
  📦 Obj conf: 0.591 | Person: 0.331 | Relations: 0.103
  🔗 Context contribution: 2.19x | Scale: 1.056 | CoocScale: 0.217
  ⏱️  X3D temporal: recent=0.38/mid=0.33/overall=0.28
  📈 Gradients: SceneCtx=0.9704, ObjCtx=2.7607, ActHead=8.8983
  📊 Losses: act=0.96, obj=0.44, rel=4.18
  👥 Batch: 211/486 person boxes
[Epoch: 6/15][Iter: 1180/1713][lr: 0.000300/0.000030][loss_conf: 3.03][loss_obj: 0.49][loss_act: 0.89][loss_rel: 3.93][loss_box: 0.19][total: 18.60][time: 58.93s]
[Epoch: 6/15][Iter: 1190/1713][lr: 0.000300/0.000030][loss_conf: 3.08][loss_obj: 0.46][loss_act: 0.92][loss_rel: 4.12][loss_box: 0.19][total: 19.09][time: 70.01s]
[Epoch: 6/15][Iter: 1200/1713][lr: 0.000300/0.000030][loss_conf: 3.13][loss_obj: 0.51][loss_act: 0.98][loss_rel: 4.25][loss_box: 0.20][total: 19.69][time: 58.37s]
[Attn Stats] [avg_obj_confidence: 0.4471] [avg_act_confidence: 0.2300] [num_person_boxes: 191] [num_total_boxes: 462]
[Epoch: 6/15][Iter: 1210/1713][lr: 0.000300/0.000030][loss_conf: 3.07][loss_obj: 0.48][loss_act: 0.87][loss_rel: 4.16][loss_box: 0.20][total: 19.19][time: 70.18s]
[Epoch: 6/15][Iter: 1220/1713][lr: 0.000300/0.000030][loss_conf: 3.12][loss_obj: 0.51][loss_act: 0.89][loss_rel: 4.22][loss_box: 0.21][total: 19.59][time: 58.24s]
[Epoch: 6/15][Iter: 1230/1713][lr: 0.000300/0.000030][loss_conf: 3.16][loss_obj: 0.51][loss_act: 0.97][loss_rel: 4.16][loss_box: 0.21][total: 19.76][time: 69.07s]
[Epoch: 6/15][Iter: 1240/1713][lr: 0.000300/0.000030][loss_conf: 3.23][loss_obj: 0.56][loss_act: 0.98][loss_rel: 4.35][loss_box: 0.20][total: 20.27][time: 57.86s]
[Epoch: 6/15][Iter: 1250/1713][lr: 0.000300/0.000030][loss_conf: 3.01][loss_obj: 0.50][loss_act: 0.95][loss_rel: 4.14][loss_box: 0.22][total: 19.36][time: 69.67s]
[Epoch: 6/15][Iter: 1260/1713][lr: 0.000300/0.000030][loss_conf: 3.16][loss_obj: 0.52][loss_act: 0.96][loss_rel: 4.21][loss_box: 0.21][total: 19.83][time: 57.71s]
[Epoch: 6/15][Iter: 1270/1713][lr: 0.000300/0.000030][loss_conf: 3.24][loss_obj: 0.52][loss_act: 0.95][loss_rel: 4.07][loss_box: 0.21][total: 19.62][time: 70.47s]

[Context Monitor] Epoch 6, Iter 1273
  📦 Obj conf: 0.583 | Person: 0.342 | Relations: 0.103
  🔗 Context contribution: 2.23x | Scale: 1.055 | CoocScale: 0.216
  ⏱️  X3D temporal: recent=0.38/mid=0.33/overall=0.28
  📈 Gradients: SceneCtx=0.9676, ObjCtx=3.5828, ActHead=10.6201
  📊 Losses: act=0.94, obj=0.53, rel=4.08
  👥 Batch: 190/432 person boxes
[Epoch: 6/15][Iter: 1280/1713][lr: 0.000300/0.000030][loss_conf: 3.16][loss_obj: 0.55][loss_act: 0.96][loss_rel: 3.99][loss_box: 0.20][total: 19.37][time: 58.43s]
[Epoch: 6/15][Iter: 1290/1713][lr: 0.000300/0.000030][loss_conf: 3.08][loss_obj: 0.48][loss_act: 0.97][loss_rel: 4.30][loss_box: 0.22][total: 19.83][time: 69.82s]
[Epoch: 6/15][Iter: 1300/1713][lr: 0.000300/0.000030][loss_conf: 3.17][loss_obj: 0.48][loss_act: 0.87][loss_rel: 4.28][loss_box: 0.20][total: 19.64][time: 57.99s]
[Attn Stats] [avg_obj_confidence: 0.4399] [avg_act_confidence: 0.2304] [num_person_boxes: 195] [num_total_boxes: 447]
[Epoch: 6/15][Iter: 1310/1713][lr: 0.000300/0.000030][loss_conf: 3.04][loss_obj: 0.52][loss_act: 0.93][loss_rel: 3.72][loss_box: 0.20][total: 18.42][time: 69.62s]
[Epoch: 6/15][Iter: 1320/1713][lr: 0.000300/0.000030][loss_conf: 3.15][loss_obj: 0.46][loss_act: 0.91][loss_rel: 4.02][loss_box: 0.20][total: 19.08][time: 56.91s]
[Epoch: 6/15][Iter: 1330/1713][lr: 0.000300/0.000030][loss_conf: 3.08][loss_obj: 0.48][loss_act: 0.89][loss_rel: 4.05][loss_box: 0.20][total: 19.04][time: 71.36s]
[Epoch: 6/15][Iter: 1340/1713][lr: 0.000300/0.000030][loss_conf: 3.18][loss_obj: 0.46][loss_act: 0.91][loss_rel: 4.01][loss_box: 0.21][total: 19.19][time: 56.59s]
[Epoch: 6/15][Iter: 1350/1713][lr: 0.000300/0.000030][loss_conf: 3.08][loss_obj: 0.42][loss_act: 0.90][loss_rel: 3.95][loss_box: 0.19][total: 18.64][time: 71.45s]
[Epoch: 6/15][Iter: 1360/1713][lr: 0.000300/0.000030][loss_conf: 3.18][loss_obj: 0.57][loss_act: 0.96][loss_rel: 4.14][loss_box: 0.21][total: 19.77][time: 56.75s]
[Epoch: 6/15][Iter: 1370/1713][lr: 0.000300/0.000030][loss_conf: 3.10][loss_obj: 0.50][loss_act: 0.91][loss_rel: 4.30][loss_box: 0.20][total: 19.59][time: 72.60s]

[Context Monitor] Epoch 6, Iter 1373
  📦 Obj conf: 0.586 | Person: 0.334 | Relations: 0.097
  🔗 Context contribution: 2.17x | Scale: 1.057 | CoocScale: 0.216
  ⏱️  X3D temporal: recent=0.38/mid=0.33/overall=0.28
  📈 Gradients: SceneCtx=0.9608, ObjCtx=5.8837, ActHead=10.6583
  📊 Losses: act=0.87, obj=0.48, rel=4.16
  👥 Batch: 207/478 person boxes
[Epoch: 6/15][Iter: 1380/1713][lr: 0.000300/0.000030][loss_conf: 3.09][loss_obj: 0.49][loss_act: 0.96][loss_rel: 3.91][loss_box: 0.20][total: 18.89][time: 57.13s]
[Epoch: 6/15][Iter: 1390/1713][lr: 0.000300/0.000030][loss_conf: 3.12][loss_obj: 0.52][loss_act: 0.96][loss_rel: 4.07][loss_box: 0.21][total: 19.45][time: 70.96s]
[Epoch: 6/15][Iter: 1400/1713][lr: 0.000300/0.000030][loss_conf: 3.12][loss_obj: 0.55][loss_act: 0.90][loss_rel: 3.99][loss_box: 0.20][total: 19.11][time: 57.35s]
[Attn Stats] [avg_obj_confidence: 0.4448] [avg_act_confidence: 0.2286] [num_person_boxes: 194] [num_total_boxes: 457]
[Epoch: 6/15][Iter: 1410/1713][lr: 0.000300/0.000030][loss_conf: 3.12][loss_obj: 0.52][loss_act: 0.94][loss_rel: 4.07][loss_box: 0.21][total: 19.40][time: 70.66s]
[Epoch: 6/15][Iter: 1420/1713][lr: 0.000300/0.000030][loss_conf: 3.15][loss_obj: 0.46][loss_act: 0.99][loss_rel: 4.19][loss_box: 0.20][total: 19.60][time: 57.14s]
[Epoch: 6/15][Iter: 1430/1713][lr: 0.000300/0.000030][loss_conf: 3.08][loss_obj: 0.44][loss_act: 0.84][loss_rel: 3.99][loss_box: 0.21][total: 18.81][time: 70.81s]
[Epoch: 6/15][Iter: 1440/1713][lr: 0.000300/0.000030][loss_conf: 3.13][loss_obj: 0.49][loss_act: 0.92][loss_rel: 4.13][loss_box: 0.20][total: 19.35][time: 56.63s]
[Epoch: 6/15][Iter: 1450/1713][lr: 0.000300/0.000030][loss_conf: 3.07][loss_obj: 0.48][loss_act: 0.79][loss_rel: 3.89][loss_box: 0.19][total: 18.40][time: 70.49s]
[Epoch: 6/15][Iter: 1460/1713][lr: 0.000300/0.000030][loss_conf: 3.19][loss_obj: 0.48][loss_act: 0.88][loss_rel: 4.18][loss_box: 0.20][total: 19.50][time: 57.94s]
[Epoch: 6/15][Iter: 1470/1713][lr: 0.000300/0.000030][loss_conf: 3.08][loss_obj: 0.45][loss_act: 0.84][loss_rel: 3.87][loss_box: 0.19][total: 18.39][time: 70.46s]

[Context Monitor] Epoch 6, Iter 1473
  📦 Obj conf: 0.597 | Person: 0.355 | Relations: 0.108
  🔗 Context contribution: 2.20x | Scale: 1.056 | CoocScale: 0.216
  ⏱️  X3D temporal: recent=0.38/mid=0.33/overall=0.28
  📈 Gradients: SceneCtx=1.3370, ObjCtx=3.6307, ActHead=12.1035
  📊 Losses: act=0.89, obj=0.51, rel=4.25
  👥 Batch: 191/438 person boxes
[Epoch: 6/15][Iter: 1480/1713][lr: 0.000300/0.000030][loss_conf: 3.08][loss_obj: 0.45][loss_act: 0.89][loss_rel: 4.06][loss_box: 0.20][total: 18.93][time: 57.56s]
[Epoch: 6/15][Iter: 1490/1713][lr: 0.000300/0.000030][loss_conf: 3.19][loss_obj: 0.51][loss_act: 0.99][loss_rel: 3.91][loss_box: 0.21][total: 19.32][time: 70.55s]
[Epoch: 6/15][Iter: 1500/1713][lr: 0.000300/0.000030][loss_conf: 3.08][loss_obj: 0.45][loss_act: 0.94][loss_rel: 4.02][loss_box: 0.21][total: 19.04][time: 57.26s]
[Attn Stats] [avg_obj_confidence: 0.4500] [avg_act_confidence: 0.2325] [num_person_boxes: 192] [num_total_boxes: 455]
[Epoch: 6/15][Iter: 1510/1713][lr: 0.000300/0.000030][loss_conf: 3.13][loss_obj: 0.49][loss_act: 0.84][loss_rel: 3.92][loss_box: 0.21][total: 18.83][time: 70.38s]
[Epoch: 6/15][Iter: 1520/1713][lr: 0.000300/0.000030][loss_conf: 3.09][loss_obj: 0.50][loss_act: 0.85][loss_rel: 3.96][loss_box: 0.20][total: 18.81][time: 58.58s]
[Epoch: 6/15][Iter: 1530/1713][lr: 0.000300/0.000030][loss_conf: 3.10][loss_obj: 0.53][loss_act: 0.87][loss_rel: 4.17][loss_box: 0.20][total: 19.36][time: 68.78s]
[Epoch: 6/15][Iter: 1540/1713][lr: 0.000300/0.000030][loss_conf: 3.07][loss_obj: 0.42][loss_act: 0.81][loss_rel: 3.78][loss_box: 0.20][total: 18.15][time: 58.57s]
[Epoch: 6/15][Iter: 1550/1713][lr: 0.000300/0.000030][loss_conf: 3.05][loss_obj: 0.48][loss_act: 0.88][loss_rel: 4.11][loss_box: 0.20][total: 19.06][time: 70.37s]
[Epoch: 6/15][Iter: 1560/1713][lr: 0.000300/0.000030][loss_conf: 3.19][loss_obj: 0.45][loss_act: 0.92][loss_rel: 4.15][loss_box: 0.20][total: 19.46][time: 57.15s]
[Epoch: 6/15][Iter: 1570/1713][lr: 0.000300/0.000030][loss_conf: 3.15][loss_obj: 0.49][loss_act: 0.88][loss_rel: 3.79][loss_box: 0.20][total: 18.67][time: 70.84s]

[Context Monitor] Epoch 6, Iter 1573
  📦 Obj conf: 0.598 | Person: 0.346 | Relations: 0.107
  🔗 Context contribution: 2.17x | Scale: 1.055 | CoocScale: 0.216
  ⏱️  X3D temporal: recent=0.38/mid=0.33/overall=0.28
  📈 Gradients: SceneCtx=0.6825, ObjCtx=2.2872, ActHead=7.6659
  📊 Losses: act=0.86, obj=0.48, rel=3.76
  👥 Batch: 203/471 person boxes
[Epoch: 6/15][Iter: 1580/1713][lr: 0.000300/0.000030][loss_conf: 3.08][loss_obj: 0.49][loss_act: 0.91][loss_rel: 3.95][loss_box: 0.20][total: 18.88][time: 57.27s]
[Epoch: 6/15][Iter: 1590/1713][lr: 0.000300/0.000030][loss_conf: 3.11][loss_obj: 0.47][loss_act: 0.95][loss_rel: 4.12][loss_box: 0.20][total: 19.31][time: 71.58s]
[Epoch: 6/15][Iter: 1600/1713][lr: 0.000300/0.000030][loss_conf: 3.10][loss_obj: 0.45][loss_act: 0.83][loss_rel: 3.92][loss_box: 0.21][total: 18.66][time: 57.23s]
[Attn Stats] [avg_obj_confidence: 0.4403] [avg_act_confidence: 0.2275] [num_person_boxes: 208] [num_total_boxes: 451]
[Epoch: 6/15][Iter: 1610/1713][lr: 0.000300/0.000030][loss_conf: 3.05][loss_obj: 0.48][loss_act: 0.88][loss_rel: 4.14][loss_box: 0.21][total: 19.15][time: 71.55s]
[Epoch: 6/15][Iter: 1620/1713][lr: 0.000300/0.000030][loss_conf: 3.20][loss_obj: 0.55][loss_act: 0.89][loss_rel: 4.04][loss_box: 0.20][total: 19.39][time: 57.15s]
[Epoch: 6/15][Iter: 1630/1713][lr: 0.000300/0.000030][loss_conf: 3.15][loss_obj: 0.46][loss_act: 0.83][loss_rel: 3.86][loss_box: 0.20][total: 18.60][time: 71.59s]
[Epoch: 6/15][Iter: 1640/1713][lr: 0.000300/0.000030][loss_conf: 3.11][loss_obj: 0.52][loss_act: 0.92][loss_rel: 3.73][loss_box: 0.20][total: 18.58][time: 56.81s]
[Epoch: 6/15][Iter: 1650/1713][lr: 0.000300/0.000030][loss_conf: 3.13][loss_obj: 0.49][loss_act: 0.91][loss_rel: 4.36][loss_box: 0.21][total: 19.88][time: 73.24s]
[Epoch: 6/15][Iter: 1660/1713][lr: 0.000300/0.000030][loss_conf: 3.03][loss_obj: 0.53][loss_act: 0.88][loss_rel: 3.86][loss_box: 0.21][total: 18.68][time: 58.10s]
[Epoch: 6/15][Iter: 1670/1713][lr: 0.000300/0.000030][loss_conf: 3.08][loss_obj: 0.48][loss_act: 0.92][loss_rel: 4.07][loss_box: 0.20][total: 19.05][time: 73.95s]

[Context Monitor] Epoch 6, Iter 1673
  📦 Obj conf: 0.598 | Person: 0.382 | Relations: 0.108
  🔗 Context contribution: 2.19x | Scale: 1.055 | CoocScale: 0.216
  ⏱️  X3D temporal: recent=0.38/mid=0.33/overall=0.28
  📈 Gradients: SceneCtx=1.0985, ObjCtx=1.7371, ActHead=10.3878
  📊 Losses: act=0.94, obj=0.53, rel=4.14
  👥 Batch: 203/450 person boxes
[Epoch: 6/15][Iter: 1680/1713][lr: 0.000300/0.000030][loss_conf: 3.12][loss_obj: 0.51][loss_act: 0.99][loss_rel: 4.11][loss_box: 0.20][total: 19.44][time: 57.70s]
[Epoch: 6/15][Iter: 1690/1713][lr: 0.000300/0.000030][loss_conf: 3.03][loss_obj: 0.51][loss_act: 0.91][loss_rel: 3.95][loss_box: 0.20][total: 18.81][time: 72.19s]
[Epoch: 6/15][Iter: 1700/1713][lr: 0.000300/0.000030][loss_conf: 3.13][loss_obj: 0.48][loss_act: 0.89][loss_rel: 3.71][loss_box: 0.20][total: 18.41][time: 57.75s]
[Attn Stats] [avg_obj_confidence: 0.4360] [avg_act_confidence: 0.2313] [num_person_boxes: 197] [num_total_boxes: 445]
[Epoch: 6/15][Iter: 1710/1713][lr: 0.000300/0.000030][loss_conf: 3.11][loss_obj: 0.46][loss_act: 0.92][loss_rel: 3.88][loss_box: 0.21][total: 18.83][time: 70.23s]

======================================================================
📊 EPOCH 6/15 COMPLETED
   ⏱️  Epoch time: 182.6 min | ETA: 27.6 hours
   📈 Learning Rate: 0.000300
   🖥️  GPU Memory: 75.6/79.3 GB (95%)
   🎯 Remaining: 9 epochs
======================================================================


[Attention Summary - Epoch 6]
  avg_obj_confidence: mean=0.4390, std=0.0048
  avg_act_confidence: mean=0.2260, std=0.0036
  num_person_boxes: mean=199.1111, std=7.7164
  num_total_boxes: mean=456.3333, std=17.4579


[Detailed Attention Analysis - Epoch 6, Iter 1712]
  Attention entropy (normalized): 1.0000
    (0 = focused on single position, 1 = uniform)
  Nearby vs Far ratio: 1.0000
    (>1 means attending more to nearby positions)
  Uniform attention %: 100.0%
    (Should DECREASE during training)


======================================================================
📊 EPOCH 6 CONTEXT LEARNING SUMMARY
======================================================================
  Object Confidence: 0.5848 (✅ good)
  Context Contribution: 2.19x (✅ active)
  Scene Context Gradient: 0.759870 (✅ flowing)
  Object Context Gradient: 2.497615 (✅ flowing)
  Action Loss: 1.03 → 0.91 (✅ improving)
======================================================================

🔍 Running evaluation at epoch 6...
💾 Saving checkpoint for epoch 6...
   ✅ Saved: /content/yowo/weights/charades_ag/yowo_v2_x3d_m_yolo11m_multitask/yowo_v2_x3d_m_yolo11m_multitask_epoch_6.pth
🔍 Running evaluation...

============================================================
Charades-AG Evaluation - Epoch 6
============================================================
Evaluating 14696 keyframes...
  [0/919] processed...
  [50/919] processed...
  [100/919] processed...
  [150/919] processed...
  [200/919] processed...
  [250/919] processed...
  [300/919] processed...
  [350/919] processed...
  [400/919] processed...
  [450/919] processed...
  [500/919] processed...
  [550/919] processed...
  [600/919] processed...
  [650/919] processed...
  [700/919] processed...
  [750/919] processed...
  [800/919] processed...
  [850/919] processed...
  [900/919] processed...

Inference done in 638.2s
GT frames: 14220, Detection frames: 14163

Computing mAP...

============================================================
EVALUATION RESULTS - Epoch 6
============================================================
Object mAP @ IoU=0.5:   1.69% (31/36 classes)
Action mAP @ IoU=0.5:   2.31% (156/157 classes)
Relation mAP @ IoU=0.5: 1.59% (26/26 classes)
============================================================
Total eval time: 699.8s

Top 5 Objects: ['refrigerator:12.7%', 'person:9.3%', 'doorway:6.4%', 'mirror:6.2%', 'bed:3.9%']
Bottom 5 Objects: ['groceries:0.0%', 'medicine:0.0%', 'sandwich:0.0%', 'light:0.0%', 'doorknob:0.0%']

Top 5 Relations: ['coveredby:5.9%', 'in:4.3%', 'standingon:2.7%', 'drinkingfrom:2.7%', 'unsure:2.4%']

Results saved to: ./evaluator/eval_results/charades_ag_eval_epoch_6.npy

============================================================
CLASSIFICATION METRICS (on IoU≥0.5 matched boxes)
============================================================
  📦 Object Accuracy (matched boxes): 82.0% (5628/6865)
  🎬 Action F1 (person boxes only):   28.3% (P=28.0%, R=28.6%)
  👤 Person boxes with ≥1 correct action: 53.9% (2671/4959)
  🔗 Relation F1 (all boxes):         68.5% (P=60.8%, R=78.4%)
============================================================
[Epoch: 7/15][Iter: 0/1713][lr: 0.000300/0.000030][loss_conf: 3.15][loss_obj: 0.48][loss_act: 0.95][loss_rel: 4.01][loss_box: 0.20][total: 19.14][time: 739.85s]
[Attn Stats] [avg_obj_confidence: 0.4389] [avg_act_confidence: 0.2289] [num_person_boxes: 198] [num_total_boxes: 441]
[Epoch: 7/15][Iter: 10/1713][lr: 0.000300/0.000030][loss_conf: 3.19][loss_obj: 0.45][loss_act: 1.01][loss_rel: 3.84][loss_box: 0.21][total: 19.09][time: 55.63s]
[Epoch: 7/15][Iter: 20/1713][lr: 0.000300/0.000030][loss_conf: 3.02][loss_obj: 0.49][loss_act: 0.85][loss_rel: 4.15][loss_box: 0.20][total: 19.05][time: 68.98s]
[Epoch: 7/15][Iter: 30/1713][lr: 0.000300/0.000030][loss_conf: 3.15][loss_obj: 0.58][loss_act: 0.92][loss_rel: 4.01][loss_box: 0.20][total: 19.36][time: 55.83s]
[Epoch: 7/15][Iter: 40/1713][lr: 0.000300/0.000030][loss_conf: 3.02][loss_obj: 0.55][loss_act: 0.88][loss_rel: 4.06][loss_box: 0.21][total: 19.14][time: 69.38s]
[Epoch: 7/15][Iter: 50/1713][lr: 0.000300/0.000030][loss_conf: 3.13][loss_obj: 0.54][loss_act: 0.91][loss_rel: 3.74][loss_box: 0.20][total: 18.68][time: 55.02s]

[Context Monitor] Epoch 7, Iter 60
  📦 Obj conf: 0.600 | Person: 0.316 | Relations: 0.100
  🔗 Context contribution: 2.18x | Scale: 1.057 | CoocScale: 0.217
  ⏱️  X3D temporal: recent=0.38/mid=0.33/overall=0.28
  📈 Gradients: SceneCtx=0.8967, ObjCtx=3.0244, ActHead=9.7166
  📊 Losses: act=0.87, obj=0.52, rel=3.89
  👥 Batch: 190/442 person boxes
[Epoch: 7/15][Iter: 60/1713][lr: 0.000300/0.000030][loss_conf: 3.09][loss_obj: 0.52][loss_act: 0.87][loss_rel: 3.89][loss_box: 0.21][total: 18.82][time: 70.97s]
[Epoch: 7/15][Iter: 70/1713][lr: 0.000300/0.000030][loss_conf: 3.18][loss_obj: 0.49][loss_act: 0.87][loss_rel: 4.18][loss_box: 0.21][total: 19.51][time: 54.91s]
[Epoch: 7/15][Iter: 80/1713][lr: 0.000300/0.000030][loss_conf: 3.07][loss_obj: 0.46][loss_act: 0.86][loss_rel: 4.03][loss_box: 0.20][total: 18.88][time: 71.00s]
[Epoch: 7/15][Iter: 90/1713][lr: 0.000300/0.000030][loss_conf: 3.00][loss_obj: 0.47][loss_act: 0.90][loss_rel: 3.72][loss_box: 0.20][total: 18.19][time: 55.60s]
[Epoch: 7/15][Iter: 100/1713][lr: 0.000300/0.000030][loss_conf: 3.18][loss_obj: 0.46][loss_act: 0.99][loss_rel: 4.13][loss_box: 0.20][total: 19.54][time: 69.72s]
[Attn Stats] [avg_obj_confidence: 0.4476] [avg_act_confidence: 0.2321] [num_person_boxes: 195] [num_total_boxes: 432]
[Epoch: 7/15][Iter: 110/1713][lr: 0.000300/0.000030][loss_conf: 3.07][loss_obj: 0.44][loss_act: 0.83][loss_rel: 3.88][loss_box: 0.20][total: 18.39][time: 56.89s]
[Epoch: 7/15][Iter: 120/1713][lr: 0.000300/0.000030][loss_conf: 3.06][loss_obj: 0.51][loss_act: 0.96][loss_rel: 3.94][loss_box: 0.20][total: 18.94][time: 71.13s]
[Epoch: 7/15][Iter: 130/1713][lr: 0.000300/0.000030][loss_conf: 3.08][loss_obj: 0.47][loss_act: 0.86][loss_rel: 3.75][loss_box: 0.21][total: 18.40][time: 56.64s]
[Epoch: 7/15][Iter: 140/1713][lr: 0.000300/0.000030][loss_conf: 3.03][loss_obj: 0.47][loss_act: 0.83][loss_rel: 4.10][loss_box: 0.20][total: 18.90][time: 71.73s]
[Epoch: 7/15][Iter: 150/1713][lr: 0.000300/0.000030][loss_conf: 2.96][loss_obj: 0.52][loss_act: 0.89][loss_rel: 3.99][loss_box: 0.21][total: 18.77][time: 57.66s]

[Context Monitor] Epoch 7, Iter 160
  📦 Obj conf: 0.600 | Person: 0.317 | Relations: 0.106
  🔗 Context contribution: 2.19x | Scale: 1.055 | CoocScale: 0.217
  ⏱️  X3D temporal: recent=0.38/mid=0.33/overall=0.28
  📈 Gradients: SceneCtx=1.0811, ObjCtx=2.1247, ActHead=8.8098
  📊 Losses: act=0.91, obj=0.48, rel=3.83
  👥 Batch: 196/422 person boxes
[Epoch: 7/15][Iter: 160/1713][lr: 0.000300/0.000030][loss_conf: 3.10][loss_obj: 0.48][loss_act: 0.91][loss_rel: 3.83][loss_box: 0.20][total: 18.64][time: 71.36s]
[Epoch: 7/15][Iter: 170/1713][lr: 0.000300/0.000030][loss_conf: 3.09][loss_obj: 0.47][loss_act: 0.83][loss_rel: 4.15][loss_box: 0.19][total: 19.02][time: 56.39s]
[Epoch: 7/15][Iter: 180/1713][lr: 0.000300/0.000030][loss_conf: 3.09][loss_obj: 0.46][loss_act: 0.87][loss_rel: 3.84][loss_box: 0.20][total: 18.48][time: 71.87s]
[Epoch: 7/15][Iter: 190/1713][lr: 0.000300/0.000030][loss_conf: 3.17][loss_obj: 0.55][loss_act: 0.83][loss_rel: 3.92][loss_box: 0.21][total: 19.06][time: 56.45s]
[Epoch: 7/15][Iter: 200/1713][lr: 0.000300/0.000030][loss_conf: 3.01][loss_obj: 0.43][loss_act: 0.95][loss_rel: 3.87][loss_box: 0.19][total: 18.46][time: 71.03s]
[Attn Stats] [avg_obj_confidence: 0.4457] [avg_act_confidence: 0.2337] [num_person_boxes: 210] [num_total_boxes: 490]
[Epoch: 7/15][Iter: 210/1713][lr: 0.000300/0.000030][loss_conf: 3.09][loss_obj: 0.47][loss_act: 0.92][loss_rel: 3.97][loss_box: 0.20][total: 18.91][time: 56.23s]
[Epoch: 7/15][Iter: 220/1713][lr: 0.000300/0.000030][loss_conf: 3.13][loss_obj: 0.49][loss_act: 0.83][loss_rel: 3.94][loss_box: 0.20][total: 18.75][time: 70.60s]
[Epoch: 7/15][Iter: 230/1713][lr: 0.000300/0.000030][loss_conf: 3.17][loss_obj: 0.46][loss_act: 0.89][loss_rel: 3.76][loss_box: 0.20][total: 18.54][time: 57.13s]
[Epoch: 7/15][Iter: 240/1713][lr: 0.000300/0.000030][loss_conf: 3.11][loss_obj: 0.46][loss_act: 0.84][loss_rel: 3.79][loss_box: 0.20][total: 18.38][time: 73.20s]
[Epoch: 7/15][Iter: 250/1713][lr: 0.000300/0.000030][loss_conf: 3.09][loss_obj: 0.46][loss_act: 0.92][loss_rel: 4.16][loss_box: 0.20][total: 19.24][time: 57.29s]

[Context Monitor] Epoch 7, Iter 260
  📦 Obj conf: 0.579 | Person: 0.359 | Relations: 0.103
  🔗 Context contribution: 2.20x | Scale: 1.055 | CoocScale: 0.217
  ⏱️  X3D temporal: recent=0.38/mid=0.33/overall=0.28
  📈 Gradients: SceneCtx=0.8309, ObjCtx=3.7200, ActHead=8.8275
  📊 Losses: act=0.89, obj=0.48, rel=3.95
  👥 Batch: 208/464 person boxes
[Epoch: 7/15][Iter: 260/1713][lr: 0.000300/0.000030][loss_conf: 3.09][loss_obj: 0.48][loss_act: 0.89][loss_rel: 3.95][loss_box: 0.20][total: 18.81][time: 72.89s]
[Epoch: 7/15][Iter: 270/1713][lr: 0.000300/0.000030][loss_conf: 3.00][loss_obj: 0.49][loss_act: 0.95][loss_rel: 3.83][loss_box: 0.20][total: 18.54][time: 57.43s]
[Epoch: 7/15][Iter: 280/1713][lr: 0.000300/0.000030][loss_conf: 2.98][loss_obj: 0.48][loss_act: 0.87][loss_rel: 3.95][loss_box: 0.20][total: 18.56][time: 72.72s]
[Epoch: 7/15][Iter: 290/1713][lr: 0.000300/0.000030][loss_conf: 3.21][loss_obj: 0.44][loss_act: 0.86][loss_rel: 3.82][loss_box: 0.19][total: 18.59][time: 58.62s]
[Epoch: 7/15][Iter: 300/1713][lr: 0.000300/0.000030][loss_conf: 3.11][loss_obj: 0.42][loss_act: 0.94][loss_rel: 4.01][loss_box: 0.19][total: 18.91][time: 72.77s]
[Attn Stats] [avg_obj_confidence: 0.4418] [avg_act_confidence: 0.2294] [num_person_boxes: 184] [num_total_boxes: 441]
[Epoch: 7/15][Iter: 310/1713][lr: 0.000300/0.000030][loss_conf: 3.11][loss_obj: 0.48][loss_act: 0.91][loss_rel: 4.04][loss_box: 0.21][total: 19.22][time: 57.35s]
[Epoch: 7/15][Iter: 320/1713][lr: 0.000300/0.000030][loss_conf: 3.07][loss_obj: 0.51][loss_act: 0.94][loss_rel: 4.03][loss_box: 0.21][total: 19.16][time: 69.08s]
[Epoch: 7/15][Iter: 330/1713][lr: 0.000300/0.000030][loss_conf: 3.01][loss_obj: 0.48][loss_act: 0.91][loss_rel: 3.91][loss_box: 0.21][total: 18.65][time: 55.47s]
[Epoch: 7/15][Iter: 340/1713][lr: 0.000300/0.000030][loss_conf: 3.11][loss_obj: 0.47][loss_act: 0.87][loss_rel: 3.96][loss_box: 0.21][total: 18.91][time: 88.60s]
[Epoch: 7/15][Iter: 350/1713][lr: 0.000300/0.000030][loss_conf: 2.98][loss_obj: 0.48][loss_act: 0.89][loss_rel: 3.99][loss_box: 0.21][total: 18.79][time: 54.95s]

[Context Monitor] Epoch 7, Iter 360
  📦 Obj conf: 0.577 | Person: 0.332 | Relations: 0.101
  🔗 Context contribution: 2.18x | Scale: 1.053 | CoocScale: 0.217
  ⏱️  X3D temporal: recent=0.38/mid=0.33/overall=0.28
  📈 Gradients: SceneCtx=0.8419, ObjCtx=2.1935, ActHead=9.1785
  📊 Losses: act=0.87, obj=0.46, rel=3.93
  👥 Batch: 204/477 person boxes
[Epoch: 7/15][Iter: 360/1713][lr: 0.000300/0.000030][loss_conf: 3.04][loss_obj: 0.46][loss_act: 0.87][loss_rel: 3.93][loss_box: 0.20][total: 18.63][time: 69.99s]
[Epoch: 7/15][Iter: 370/1713][lr: 0.000300/0.000030][loss_conf: 3.11][loss_obj: 0.48][loss_act: 0.94][loss_rel: 3.83][loss_box: 0.21][total: 18.78][time: 55.22s]
[Epoch: 7/15][Iter: 380/1713][lr: 0.000300/0.000030][loss_conf: 3.01][loss_obj: 0.54][loss_act: 0.88][loss_rel: 4.01][loss_box: 0.20][total: 18.85][time: 70.14s]
[Epoch: 7/15][Iter: 390/1713][lr: 0.000300/0.000030][loss_conf: 3.07][loss_obj: 0.44][loss_act: 0.89][loss_rel: 4.04][loss_box: 0.20][total: 18.85][time: 54.00s]
[Epoch: 7/15][Iter: 400/1713][lr: 0.000300/0.000030][loss_conf: 3.09][loss_obj: 0.46][loss_act: 0.96][loss_rel: 3.97][loss_box: 0.19][total: 18.87][time: 68.74s]
[Attn Stats] [avg_obj_confidence: 0.4465] [avg_act_confidence: 0.2303] [num_person_boxes: 175] [num_total_boxes: 419]
[Epoch: 7/15][Iter: 410/1713][lr: 0.000300/0.000030][loss_conf: 3.13][loss_obj: 0.43][loss_act: 0.89][loss_rel: 3.95][loss_box: 0.20][total: 18.84][time: 55.38s]
[Epoch: 7/15][Iter: 420/1713][lr: 0.000300/0.000030][loss_conf: 3.11][loss_obj: 0.45][loss_act: 0.93][loss_rel: 4.08][loss_box: 0.21][total: 19.21][time: 68.45s]
[Epoch: 7/15][Iter: 430/1713][lr: 0.000300/0.000030][loss_conf: 3.02][loss_obj: 0.54][loss_act: 0.91][loss_rel: 4.02][loss_box: 0.20][total: 18.97][time: 54.87s]
[Epoch: 7/15][Iter: 440/1713][lr: 0.000300/0.000030][loss_conf: 3.05][loss_obj: 0.46][loss_act: 0.84][loss_rel: 4.16][loss_box: 0.20][total: 19.00][time: 70.16s]
[Epoch: 7/15][Iter: 450/1713][lr: 0.000300/0.000030][loss_conf: 3.11][loss_obj: 0.41][loss_act: 0.90][loss_rel: 3.94][loss_box: 0.20][total: 18.76][time: 56.48s]

[Context Monitor] Epoch 7, Iter 460
  📦 Obj conf: 0.617 | Person: 0.363 | Relations: 0.113
  🔗 Context contribution: 2.14x | Scale: 1.053 | CoocScale: 0.217
  ⏱️  X3D temporal: recent=0.38/mid=0.33/overall=0.28
  📈 Gradients: SceneCtx=1.0679, ObjCtx=1.9057, ActHead=8.6329
  📊 Losses: act=0.91, obj=0.43, rel=3.94
  👥 Batch: 186/456 person boxes
[Epoch: 7/15][Iter: 460/1713][lr: 0.000300/0.000030][loss_conf: 3.17][loss_obj: 0.43][loss_act: 0.91][loss_rel: 3.94][loss_box: 0.20][total: 18.95][time: 70.06s]
[Epoch: 7/15][Iter: 470/1713][lr: 0.000300/0.000030][loss_conf: 3.06][loss_obj: 0.38][loss_act: 0.87][loss_rel: 3.85][loss_box: 0.20][total: 18.34][time: 54.98s]
[Epoch: 7/15][Iter: 480/1713][lr: 0.000300/0.000030][loss_conf: 3.13][loss_obj: 0.47][loss_act: 0.89][loss_rel: 3.94][loss_box: 0.21][total: 18.95][time: 69.95s]
[Epoch: 7/15][Iter: 490/1713][lr: 0.000300/0.000030][loss_conf: 3.20][loss_obj: 0.44][loss_act: 0.93][loss_rel: 3.89][loss_box: 0.21][total: 18.97][time: 56.00s]
[Epoch: 7/15][Iter: 500/1713][lr: 0.000300/0.000030][loss_conf: 2.99][loss_obj: 0.42][loss_act: 0.87][loss_rel: 3.96][loss_box: 0.20][total: 18.45][time: 70.74s]
[Attn Stats] [avg_obj_confidence: 0.4502] [avg_act_confidence: 0.2324] [num_person_boxes: 207] [num_total_boxes: 462]
[Epoch: 7/15][Iter: 510/1713][lr: 0.000300/0.000030][loss_conf: 3.11][loss_obj: 0.47][loss_act: 0.89][loss_rel: 3.92][loss_box: 0.19][total: 18.73][time: 56.37s]
[Epoch: 7/15][Iter: 520/1713][lr: 0.000300/0.000030][loss_conf: 3.03][loss_obj: 0.46][loss_act: 0.90][loss_rel: 3.87][loss_box: 0.19][total: 18.46][time: 70.20s]
[Epoch: 7/15][Iter: 530/1713][lr: 0.000300/0.000030][loss_conf: 3.03][loss_obj: 0.54][loss_act: 0.97][loss_rel: 4.16][loss_box: 0.20][total: 19.34][time: 57.77s]
[Epoch: 7/15][Iter: 540/1713][lr: 0.000300/0.000030][loss_conf: 3.14][loss_obj: 0.45][loss_act: 0.87][loss_rel: 3.80][loss_box: 0.20][total: 18.57][time: 69.88s]
[Epoch: 7/15][Iter: 550/1713][lr: 0.000300/0.000030][loss_conf: 3.01][loss_obj: 0.40][loss_act: 0.84][loss_rel: 4.15][loss_box: 0.21][total: 18.89][time: 57.59s]

[Context Monitor] Epoch 7, Iter 560
  📦 Obj conf: 0.602 | Person: 0.349 | Relations: 0.112
  🔗 Context contribution: 2.19x | Scale: 1.055 | CoocScale: 0.217
  ⏱️  X3D temporal: recent=0.38/mid=0.33/overall=0.28
  📈 Gradients: SceneCtx=0.9354, ObjCtx=3.0330, ActHead=9.7353
  📊 Losses: act=0.94, obj=0.48, rel=4.18
  👥 Batch: 199/472 person boxes
[Epoch: 7/15][Iter: 560/1713][lr: 0.000300/0.000030][loss_conf: 3.07][loss_obj: 0.48][loss_act: 0.94][loss_rel: 4.18][loss_box: 0.20][total: 19.35][time: 69.17s]
[Epoch: 7/15][Iter: 570/1713][lr: 0.000300/0.000030][loss_conf: 3.07][loss_obj: 0.44][loss_act: 0.88][loss_rel: 4.16][loss_box: 0.20][total: 19.12][time: 54.58s]
[Epoch: 7/15][Iter: 580/1713][lr: 0.000300/0.000030][loss_conf: 3.13][loss_obj: 0.49][loss_act: 0.90][loss_rel: 3.93][loss_box: 0.21][total: 18.97][time: 69.13s]
[Epoch: 7/15][Iter: 590/1713][lr: 0.000300/0.000030][loss_conf: 3.04][loss_obj: 0.45][loss_act: 0.92][loss_rel: 3.85][loss_box: 0.20][total: 18.51][time: 55.65s]
[Epoch: 7/15][Iter: 600/1713][lr: 0.000300/0.000030][loss_conf: 3.10][loss_obj: 0.48][loss_act: 0.83][loss_rel: 3.65][loss_box: 0.20][total: 18.12][time: 68.94s]
[Attn Stats] [avg_obj_confidence: 0.4430] [avg_act_confidence: 0.2337] [num_person_boxes: 196] [num_total_boxes: 445]
[Epoch: 7/15][Iter: 610/1713][lr: 0.000300/0.000030][loss_conf: 3.08][loss_obj: 0.46][loss_act: 0.96][loss_rel: 4.33][loss_box: 0.21][total: 19.71][time: 56.09s]
[Epoch: 7/15][Iter: 620/1713][lr: 0.000300/0.000030][loss_conf: 3.10][loss_obj: 0.48][loss_act: 0.87][loss_rel: 4.02][loss_box: 0.20][total: 18.98][time: 68.71s]
[Epoch: 7/15][Iter: 630/1713][lr: 0.000300/0.000030][loss_conf: 3.13][loss_obj: 0.47][loss_act: 0.86][loss_rel: 4.20][loss_box: 0.20][total: 19.36][time: 55.78s]
[Epoch: 7/15][Iter: 640/1713][lr: 0.000300/0.000030][loss_conf: 3.05][loss_obj: 0.41][loss_act: 0.88][loss_rel: 3.90][loss_box: 0.20][total: 18.43][time: 68.38s]
[Epoch: 7/15][Iter: 650/1713][lr: 0.000300/0.000030][loss_conf: 3.05][loss_obj: 0.44][loss_act: 0.91][loss_rel: 3.79][loss_box: 0.20][total: 18.39][time: 56.67s]

[Context Monitor] Epoch 7, Iter 660
  📦 Obj conf: 0.598 | Person: 0.326 | Relations: 0.106
  🔗 Context contribution: 2.15x | Scale: 1.054 | CoocScale: 0.217
  ⏱️  X3D temporal: recent=0.38/mid=0.33/overall=0.28
  📈 Gradients: SceneCtx=1.1781, ObjCtx=2.7828, ActHead=9.7820
  📊 Losses: act=0.97, obj=0.45, rel=4.18
  👥 Batch: 196/468 person boxes
[Epoch: 7/15][Iter: 660/1713][lr: 0.000300/0.000030][loss_conf: 3.09][loss_obj: 0.45][loss_act: 0.97][loss_rel: 4.18][loss_box: 0.19][total: 19.33][time: 69.19s]
[Epoch: 7/15][Iter: 670/1713][lr: 0.000300/0.000030][loss_conf: 3.09][loss_obj: 0.43][loss_act: 0.92][loss_rel: 3.81][loss_box: 0.21][total: 18.57][time: 57.37s]
[Epoch: 7/15][Iter: 680/1713][lr: 0.000300/0.000030][loss_conf: 3.04][loss_obj: 0.54][loss_act: 0.97][loss_rel: 4.16][loss_box: 0.21][total: 19.52][time: 67.68s]
[Epoch: 7/15][Iter: 690/1713][lr: 0.000300/0.000030][loss_conf: 3.09][loss_obj: 0.51][loss_act: 0.85][loss_rel: 3.93][loss_box: 0.20][total: 18.76][time: 58.42s]
[Epoch: 7/15][Iter: 700/1713][lr: 0.000300/0.000030][loss_conf: 3.03][loss_obj: 0.48][loss_act: 0.96][loss_rel: 3.83][loss_box: 0.20][total: 18.61][time: 68.46s]
[Attn Stats] [avg_obj_confidence: 0.4456] [avg_act_confidence: 0.2318] [num_person_boxes: 199] [num_total_boxes: 481]
[Epoch: 7/15][Iter: 710/1713][lr: 0.000300/0.000030][loss_conf: 3.08][loss_obj: 0.49][loss_act: 0.89][loss_rel: 4.09][loss_box: 0.20][total: 19.13][time: 57.83s]
[Epoch: 7/15][Iter: 720/1713][lr: 0.000300/0.000030][loss_conf: 3.07][loss_obj: 0.42][loss_act: 0.85][loss_rel: 3.81][loss_box: 0.20][total: 18.36][time: 66.67s]
[Epoch: 7/15][Iter: 730/1713][lr: 0.000300/0.000030][loss_conf: 3.08][loss_obj: 0.52][loss_act: 0.93][loss_rel: 4.07][loss_box: 0.20][total: 19.19][time: 59.41s]
[Epoch: 7/15][Iter: 740/1713][lr: 0.000300/0.000030][loss_conf: 3.08][loss_obj: 0.43][loss_act: 0.92][loss_rel: 4.10][loss_box: 0.20][total: 19.05][time: 66.68s]
[Epoch: 7/15][Iter: 750/1713][lr: 0.000300/0.000030][loss_conf: 3.07][loss_obj: 0.48][loss_act: 0.90][loss_rel: 3.93][loss_box: 0.21][total: 18.81][time: 57.35s]

[Context Monitor] Epoch 7, Iter 760
  📦 Obj conf: 0.608 | Person: 0.365 | Relations: 0.105
  🔗 Context contribution: 2.20x | Scale: 1.052 | CoocScale: 0.218
  ⏱️  X3D temporal: recent=0.38/mid=0.33/overall=0.28
  📈 Gradients: SceneCtx=0.9904, ObjCtx=1.9496, ActHead=7.5912
  📊 Losses: act=0.95, obj=0.54, rel=4.05
  👥 Batch: 187/459 person boxes
[Epoch: 7/15][Iter: 760/1713][lr: 0.000300/0.000030][loss_conf: 3.08][loss_obj: 0.54][loss_act: 0.95][loss_rel: 4.05][loss_box: 0.20][total: 19.29][time: 67.96s]
[Epoch: 7/15][Iter: 770/1713][lr: 0.000300/0.000030][loss_conf: 3.06][loss_obj: 0.46][loss_act: 0.86][loss_rel: 3.94][loss_box: 0.20][total: 18.60][time: 56.24s]
[Epoch: 7/15][Iter: 780/1713][lr: 0.000300/0.000030][loss_conf: 3.15][loss_obj: 0.42][loss_act: 0.85][loss_rel: 3.95][loss_box: 0.20][total: 18.70][time: 68.31s]
[Epoch: 7/15][Iter: 790/1713][lr: 0.000300/0.000030][loss_conf: 3.05][loss_obj: 0.48][loss_act: 0.92][loss_rel: 4.07][loss_box: 0.20][total: 19.07][time: 57.40s]
[Epoch: 7/15][Iter: 800/1713][lr: 0.000300/0.000030][loss_conf: 3.07][loss_obj: 0.46][loss_act: 0.86][loss_rel: 3.91][loss_box: 0.20][total: 18.62][time: 68.34s]
[Attn Stats] [avg_obj_confidence: 0.4457] [avg_act_confidence: 0.2372] [num_person_boxes: 197] [num_total_boxes: 443]
[Epoch: 7/15][Iter: 810/1713][lr: 0.000300/0.000030][loss_conf: 3.10][loss_obj: 0.41][loss_act: 0.86][loss_rel: 3.87][loss_box: 0.21][total: 18.54][time: 57.45s]
[Epoch: 7/15][Iter: 820/1713][lr: 0.000300/0.000030][loss_conf: 3.15][loss_obj: 0.49][loss_act: 0.96][loss_rel: 3.88][loss_box: 0.20][total: 18.99][time: 67.56s]
[Epoch: 7/15][Iter: 830/1713][lr: 0.000300/0.000030][loss_conf: 3.14][loss_obj: 0.51][loss_act: 0.89][loss_rel: 4.50][loss_box: 0.21][total: 20.13][time: 57.85s]
[Epoch: 7/15][Iter: 840/1713][lr: 0.000300/0.000030][loss_conf: 3.19][loss_obj: 0.48][loss_act: 0.96][loss_rel: 3.93][loss_box: 0.20][total: 19.15][time: 68.71s]
[Epoch: 7/15][Iter: 850/1713][lr: 0.000300/0.000030][loss_conf: 3.04][loss_obj: 0.48][loss_act: 0.88][loss_rel: 3.82][loss_box: 0.21][total: 18.58][time: 57.26s]

[Context Monitor] Epoch 7, Iter 860
  📦 Obj conf: 0.606 | Person: 0.353 | Relations: 0.102
  🔗 Context contribution: 2.14x | Scale: 1.053 | CoocScale: 0.218
  ⏱️  X3D temporal: recent=0.38/mid=0.33/overall=0.28
  📈 Gradients: SceneCtx=1.0195, ObjCtx=2.3660, ActHead=11.4729
  📊 Losses: act=0.87, obj=0.40, rel=3.87
  👥 Batch: 189/455 person boxes
[Epoch: 7/15][Iter: 860/1713][lr: 0.000300/0.000030][loss_conf: 3.06][loss_obj: 0.40][loss_act: 0.87][loss_rel: 3.87][loss_box: 0.21][total: 18.48][time: 68.25s]
[Epoch: 7/15][Iter: 870/1713][lr: 0.000300/0.000030][loss_conf: 3.12][loss_obj: 0.44][loss_act: 0.86][loss_rel: 4.06][loss_box: 0.20][total: 18.98][time: 57.33s]
[Epoch: 7/15][Iter: 880/1713][lr: 0.000300/0.000030][loss_conf: 3.05][loss_obj: 0.45][loss_act: 0.92][loss_rel: 3.74][loss_box: 0.20][total: 18.36][time: 67.74s]
[Epoch: 7/15][Iter: 890/1713][lr: 0.000300/0.000030][loss_conf: 3.08][loss_obj: 0.47][loss_act: 0.84][loss_rel: 3.83][loss_box: 0.20][total: 18.45][time: 57.96s]
[Epoch: 7/15][Iter: 900/1713][lr: 0.000300/0.000030][loss_conf: 3.05][loss_obj: 0.47][loss_act: 0.95][loss_rel: 4.08][loss_box: 0.20][total: 19.06][time: 66.61s]
[Attn Stats] [avg_obj_confidence: 0.4421] [avg_act_confidence: 0.2390] [num_person_boxes: 207] [num_total_boxes: 462]
[Epoch: 7/15][Iter: 910/1713][lr: 0.000300/0.000030][loss_conf: 3.11][loss_obj: 0.45][loss_act: 0.91][loss_rel: 3.96][loss_box: 0.20][total: 18.84][time: 58.48s]
[Epoch: 7/15][Iter: 920/1713][lr: 0.000300/0.000030][loss_conf: 3.02][loss_obj: 0.47][loss_act: 0.84][loss_rel: 4.08][loss_box: 0.20][total: 18.81][time: 66.41s]
[Epoch: 7/15][Iter: 930/1713][lr: 0.000300/0.000030][loss_conf: 3.22][loss_obj: 0.59][loss_act: 0.91][loss_rel: 4.21][loss_box: 0.21][total: 19.94][time: 59.31s]
[Epoch: 7/15][Iter: 940/1713][lr: 0.000300/0.000030][loss_conf: 3.12][loss_obj: 0.46][loss_act: 0.88][loss_rel: 3.98][loss_box: 0.20][total: 18.94][time: 65.78s]
[Epoch: 7/15][Iter: 950/1713][lr: 0.000300/0.000030][loss_conf: 3.13][loss_obj: 0.54][loss_act: 1.02][loss_rel: 3.82][loss_box: 0.20][total: 18.99][time: 59.96s]

[Context Monitor] Epoch 7, Iter 960
  📦 Obj conf: 0.621 | Person: 0.344 | Relations: 0.103
  🔗 Context contribution: 2.14x | Scale: 1.053 | CoocScale: 0.217
  ⏱️  X3D temporal: recent=0.38/mid=0.33/overall=0.28
  📈 Gradients: SceneCtx=0.9197, ObjCtx=1.6727, ActHead=7.5559
  📊 Losses: act=0.95, obj=0.41, rel=3.99
  👥 Batch: 196/469 person boxes
[Epoch: 7/15][Iter: 960/1713][lr: 0.000300/0.000030][loss_conf: 3.11][loss_obj: 0.41][loss_act: 0.95][loss_rel: 3.99][loss_box: 0.21][total: 18.98][time: 67.15s]
[Epoch: 7/15][Iter: 970/1713][lr: 0.000300/0.000030][loss_conf: 3.18][loss_obj: 0.54][loss_act: 0.93][loss_rel: 4.12][loss_box: 0.21][total: 19.60][time: 61.80s]
[Epoch: 7/15][Iter: 980/1713][lr: 0.000300/0.000030][loss_conf: 3.21][loss_obj: 0.50][loss_act: 0.89][loss_rel: 3.96][loss_box: 0.21][total: 19.27][time: 65.03s]
[Epoch: 7/15][Iter: 990/1713][lr: 0.000300/0.000030][loss_conf: 3.13][loss_obj: 0.42][loss_act: 0.89][loss_rel: 3.96][loss_box: 0.21][total: 18.87][time: 62.85s]
[Epoch: 7/15][Iter: 1000/1713][lr: 0.000300/0.000030][loss_conf: 3.11][loss_obj: 0.48][loss_act: 0.91][loss_rel: 4.36][loss_box: 0.20][total: 19.72][time: 65.18s]
[Attn Stats] [avg_obj_confidence: 0.4566] [avg_act_confidence: 0.2370] [num_person_boxes: 194] [num_total_boxes: 469]
[Epoch: 7/15][Iter: 1010/1713][lr: 0.000300/0.000030][loss_conf: 2.99][loss_obj: 0.48][loss_act: 0.85][loss_rel: 3.82][loss_box: 0.20][total: 18.28][time: 62.85s]
[Epoch: 7/15][Iter: 1020/1713][lr: 0.000300/0.000030][loss_conf: 3.10][loss_obj: 0.46][loss_act: 0.92][loss_rel: 3.84][loss_box: 0.19][total: 18.52][time: 65.92s]
[Epoch: 7/15][Iter: 1030/1713][lr: 0.000300/0.000030][loss_conf: 3.13][loss_obj: 0.47][loss_act: 0.84][loss_rel: 4.04][loss_box: 0.20][total: 19.00][time: 62.96s]
[Epoch: 7/15][Iter: 1040/1713][lr: 0.000300/0.000030][loss_conf: 3.04][loss_obj: 0.56][loss_act: 0.96][loss_rel: 4.35][loss_box: 0.21][total: 19.89][time: 65.09s]
[Epoch: 7/15][Iter: 1050/1713][lr: 0.000300/0.000030][loss_conf: 3.13][loss_obj: 0.46][loss_act: 0.91][loss_rel: 3.99][loss_box: 0.20][total: 18.95][time: 63.55s]

[Context Monitor] Epoch 7, Iter 1060
  📦 Obj conf: 0.598 | Person: 0.321 | Relations: 0.102
  🔗 Context contribution: 2.21x | Scale: 1.052 | CoocScale: 0.218
  ⏱️  X3D temporal: recent=0.38/mid=0.33/overall=0.28
  📈 Gradients: SceneCtx=1.0584, ObjCtx=5.1237, ActHead=10.3163
  📊 Losses: act=0.89, obj=0.51, rel=3.91
  👥 Batch: 210/500 person boxes
[Epoch: 7/15][Iter: 1060/1713][lr: 0.000300/0.000030][loss_conf: 3.06][loss_obj: 0.51][loss_act: 0.89][loss_rel: 3.91][loss_box: 0.19][total: 18.68][time: 65.09s]
[Epoch: 7/15][Iter: 1070/1713][lr: 0.000300/0.000030][loss_conf: 3.05][loss_obj: 0.46][loss_act: 0.79][loss_rel: 4.17][loss_box: 0.20][total: 18.98][time: 64.37s]
[Epoch: 7/15][Iter: 1080/1713][lr: 0.000300/0.000030][loss_conf: 3.07][loss_obj: 0.42][loss_act: 0.89][loss_rel: 3.69][loss_box: 0.21][total: 18.28][time: 64.91s]
[Epoch: 7/15][Iter: 1090/1713][lr: 0.000300/0.000030][loss_conf: 3.05][loss_obj: 0.48][loss_act: 0.90][loss_rel: 4.02][loss_box: 0.20][total: 18.85][time: 64.61s]
[Epoch: 7/15][Iter: 1100/1713][lr: 0.000300/0.000030][loss_conf: 3.05][loss_obj: 0.54][loss_act: 0.94][loss_rel: 4.04][loss_box: 0.19][total: 19.05][time: 63.25s]
[Attn Stats] [avg_obj_confidence: 0.4434] [avg_act_confidence: 0.2382] [num_person_boxes: 187] [num_total_boxes: 464]
[Epoch: 7/15][Iter: 1110/1713][lr: 0.000300/0.000030][loss_conf: 3.09][loss_obj: 0.52][loss_act: 0.87][loss_rel: 4.07][loss_box: 0.21][total: 19.15][time: 65.70s]
[Epoch: 7/15][Iter: 1120/1713][lr: 0.000300/0.000030][loss_conf: 2.99][loss_obj: 0.43][loss_act: 0.87][loss_rel: 3.91][loss_box: 0.20][total: 18.44][time: 63.83s]
[Epoch: 7/15][Iter: 1130/1713][lr: 0.000300/0.000030][loss_conf: 3.02][loss_obj: 0.43][loss_act: 0.91][loss_rel: 4.09][loss_box: 0.20][total: 18.90][time: 67.33s]
[Epoch: 7/15][Iter: 1140/1713][lr: 0.000300/0.000030][loss_conf: 3.06][loss_obj: 0.46][loss_act: 0.94][loss_rel: 4.04][loss_box: 0.19][total: 18.92][time: 62.04s]
[Epoch: 7/15][Iter: 1150/1713][lr: 0.000300/0.000030][loss_conf: 3.07][loss_obj: 0.54][loss_act: 0.94][loss_rel: 3.96][loss_box: 0.20][total: 18.96][time: 67.27s]

[Context Monitor] Epoch 7, Iter 1160
  📦 Obj conf: 0.599 | Person: 0.334 | Relations: 0.103
  🔗 Context contribution: 2.23x | Scale: 1.054 | CoocScale: 0.217
  ⏱️  X3D temporal: recent=0.38/mid=0.33/overall=0.28
  📈 Gradients: SceneCtx=0.6914, ObjCtx=2.3030, ActHead=7.4280
  📊 Losses: act=0.87, obj=0.54, rel=4.05
  👥 Batch: 198/462 person boxes
[Epoch: 7/15][Iter: 1160/1713][lr: 0.000300/0.000030][loss_conf: 3.14][loss_obj: 0.54][loss_act: 0.87][loss_rel: 4.05][loss_box: 0.20][total: 19.24][time: 61.53s]
[Epoch: 7/15][Iter: 1170/1713][lr: 0.000300/0.000030][loss_conf: 2.97][loss_obj: 0.45][loss_act: 0.86][loss_rel: 3.94][loss_box: 0.19][total: 18.31][time: 67.00s]
[Epoch: 7/15][Iter: 1180/1713][lr: 0.000300/0.000030][loss_conf: 3.08][loss_obj: 0.48][loss_act: 0.96][loss_rel: 4.16][loss_box: 0.21][total: 19.43][time: 60.35s]
[Epoch: 7/15][Iter: 1190/1713][lr: 0.000300/0.000030][loss_conf: 3.13][loss_obj: 0.45][loss_act: 1.02][loss_rel: 4.01][loss_box: 0.20][total: 19.22][time: 69.17s]
[Epoch: 7/15][Iter: 1200/1713][lr: 0.000300/0.000030][loss_conf: 3.01][loss_obj: 0.47][loss_act: 0.87][loss_rel: 3.97][loss_box: 0.20][total: 18.63][time: 58.34s]
[Attn Stats] [avg_obj_confidence: 0.4505] [avg_act_confidence: 0.2387] [num_person_boxes: 201] [num_total_boxes: 453]
[Epoch: 7/15][Iter: 1210/1713][lr: 0.000300/0.000030][loss_conf: 3.04][loss_obj: 0.44][loss_act: 0.86][loss_rel: 3.94][loss_box: 0.20][total: 18.51][time: 69.18s]
[Epoch: 7/15][Iter: 1220/1713][lr: 0.000300/0.000030][loss_conf: 3.00][loss_obj: 0.49][loss_act: 0.86][loss_rel: 3.83][loss_box: 0.20][total: 18.37][time: 59.65s]
[Epoch: 7/15][Iter: 1230/1713][lr: 0.000300/0.000030][loss_conf: 3.03][loss_obj: 0.45][loss_act: 0.93][loss_rel: 3.68][loss_box: 0.20][total: 18.15][time: 69.85s]
[Epoch: 7/15][Iter: 1240/1713][lr: 0.000300/0.000030][loss_conf: 3.01][loss_obj: 0.51][loss_act: 0.89][loss_rel: 3.88][loss_box: 0.20][total: 18.56][time: 58.07s]
[Epoch: 7/15][Iter: 1250/1713][lr: 0.000300/0.000030][loss_conf: 3.07][loss_obj: 0.41][loss_act: 0.89][loss_rel: 3.84][loss_box: 0.20][total: 18.35][time: 70.45s]

[Context Monitor] Epoch 7, Iter 1260
  📦 Obj conf: 0.618 | Person: 0.353 | Relations: 0.102
  🔗 Context contribution: 2.17x | Scale: 1.053 | CoocScale: 0.218
  ⏱️  X3D temporal: recent=0.38/mid=0.33/overall=0.28
  📈 Gradients: SceneCtx=1.1206, ObjCtx=3.8018, ActHead=12.8772
  📊 Losses: act=0.92, obj=0.50, rel=3.91
  👥 Batch: 190/445 person boxes
[Epoch: 7/15][Iter: 1260/1713][lr: 0.000300/0.000030][loss_conf: 3.15][loss_obj: 0.50][loss_act: 0.92][loss_rel: 3.91][loss_box: 0.19][total: 18.89][time: 60.40s]
[Epoch: 7/15][Iter: 1270/1713][lr: 0.000300/0.000030][loss_conf: 3.09][loss_obj: 0.39][loss_act: 0.78][loss_rel: 3.86][loss_box: 0.20][total: 18.20][time: 70.34s]
[Epoch: 7/15][Iter: 1280/1713][lr: 0.000300/0.000030][loss_conf: 3.01][loss_obj: 0.51][loss_act: 0.90][loss_rel: 3.78][loss_box: 0.21][total: 18.49][time: 57.76s]
[Epoch: 7/15][Iter: 1290/1713][lr: 0.000300/0.000030][loss_conf: 3.16][loss_obj: 0.43][loss_act: 0.87][loss_rel: 4.01][loss_box: 0.20][total: 18.95][time: 72.16s]
[Epoch: 7/15][Iter: 1300/1713][lr: 0.000300/0.000030][loss_conf: 3.18][loss_obj: 0.45][loss_act: 0.90][loss_rel: 4.03][loss_box: 0.20][total: 19.15][time: 56.80s]
[Attn Stats] [avg_obj_confidence: 0.4453] [avg_act_confidence: 0.2429] [num_person_boxes: 187] [num_total_boxes: 424]
[Epoch: 7/15][Iter: 1310/1713][lr: 0.000300/0.000030][loss_conf: 3.20][loss_obj: 0.45][loss_act: 0.87][loss_rel: 4.23][loss_box: 0.20][total: 19.47][time: 72.91s]
[Epoch: 7/15][Iter: 1320/1713][lr: 0.000300/0.000030][loss_conf: 3.10][loss_obj: 0.50][loss_act: 0.85][loss_rel: 3.93][loss_box: 0.21][total: 18.83][time: 56.64s]
[Epoch: 7/15][Iter: 1330/1713][lr: 0.000300/0.000030][loss_conf: 3.11][loss_obj: 0.48][loss_act: 0.98][loss_rel: 3.89][loss_box: 0.21][total: 19.01][time: 71.72s]
[Epoch: 7/15][Iter: 1340/1713][lr: 0.000300/0.000030][loss_conf: 3.01][loss_obj: 0.51][loss_act: 0.82][loss_rel: 3.86][loss_box: 0.18][total: 18.24][time: 56.51s]
[Epoch: 7/15][Iter: 1350/1713][lr: 0.000300/0.000030][loss_conf: 3.08][loss_obj: 0.57][loss_act: 0.86][loss_rel: 4.10][loss_box: 0.19][total: 19.16][time: 71.86s]

[Context Monitor] Epoch 7, Iter 1360
  📦 Obj conf: 0.603 | Person: 0.394 | Relations: 0.098
  🔗 Context contribution: 2.16x | Scale: 1.053 | CoocScale: 0.218
  ⏱️  X3D temporal: recent=0.38/mid=0.33/overall=0.28
  📈 Gradients: SceneCtx=1.0381, ObjCtx=1.7954, ActHead=7.7185
  📊 Losses: act=0.90, obj=0.41, rel=3.93
  👥 Batch: 191/450 person boxes
[Epoch: 7/15][Iter: 1360/1713][lr: 0.000300/0.000030][loss_conf: 3.13][loss_obj: 0.41][loss_act: 0.90][loss_rel: 3.93][loss_box: 0.20][total: 18.71][time: 58.61s]
[Epoch: 7/15][Iter: 1370/1713][lr: 0.000300/0.000030][loss_conf: 2.99][loss_obj: 0.41][loss_act: 0.89][loss_rel: 3.74][loss_box: 0.20][total: 18.05][time: 71.40s]
[Epoch: 7/15][Iter: 1380/1713][lr: 0.000300/0.000030][loss_conf: 3.03][loss_obj: 0.47][loss_act: 0.81][loss_rel: 3.78][loss_box: 0.20][total: 18.15][time: 59.19s]
[Epoch: 7/15][Iter: 1390/1713][lr: 0.000300/0.000030][loss_conf: 3.03][loss_obj: 0.45][loss_act: 0.94][loss_rel: 3.83][loss_box: 0.20][total: 18.48][time: 72.36s]
[Epoch: 7/15][Iter: 1400/1713][lr: 0.000300/0.000030][loss_conf: 3.16][loss_obj: 0.45][loss_act: 0.83][loss_rel: 3.85][loss_box: 0.20][total: 18.64][time: 57.90s]
[Attn Stats] [avg_obj_confidence: 0.4465] [avg_act_confidence: 0.2382] [num_person_boxes: 180] [num_total_boxes: 412]
[Epoch: 7/15][Iter: 1410/1713][lr: 0.000300/0.000030][loss_conf: 3.08][loss_obj: 0.45][loss_act: 0.95][loss_rel: 4.03][loss_box: 0.20][total: 19.07][time: 71.98s]
[Epoch: 7/15][Iter: 1420/1713][lr: 0.000300/0.000030][loss_conf: 3.21][loss_obj: 0.40][loss_act: 0.89][loss_rel: 3.82][loss_box: 0.20][total: 18.66][time: 57.91s]
[Epoch: 7/15][Iter: 1430/1713][lr: 0.000300/0.000030][loss_conf: 3.07][loss_obj: 0.42][loss_act: 0.91][loss_rel: 3.97][loss_box: 0.20][total: 18.73][time: 71.90s]
[Epoch: 7/15][Iter: 1440/1713][lr: 0.000300/0.000030][loss_conf: 3.10][loss_obj: 0.46][loss_act: 0.88][loss_rel: 4.17][loss_box: 0.20][total: 19.18][time: 56.73s]
[Epoch: 7/15][Iter: 1450/1713][lr: 0.000300/0.000030][loss_conf: 3.11][loss_obj: 0.50][loss_act: 0.96][loss_rel: 4.21][loss_box: 0.20][total: 19.53][time: 72.10s]

[Context Monitor] Epoch 7, Iter 1460
  📦 Obj conf: 0.596 | Person: 0.338 | Relations: 0.103
  🔗 Context contribution: 2.20x | Scale: 1.053 | CoocScale: 0.218
  ⏱️  X3D temporal: recent=0.38/mid=0.33/overall=0.28
  📈 Gradients: SceneCtx=1.3004, ObjCtx=2.0335, ActHead=11.7516
  📊 Losses: act=0.90, obj=0.42, rel=3.72
  👥 Batch: 181/456 person boxes
[Epoch: 7/15][Iter: 1460/1713][lr: 0.000300/0.000030][loss_conf: 3.06][loss_obj: 0.42][loss_act: 0.90][loss_rel: 3.72][loss_box: 0.19][total: 18.08][time: 57.38s]
[Epoch: 7/15][Iter: 1470/1713][lr: 0.000300/0.000030][loss_conf: 3.12][loss_obj: 0.43][loss_act: 0.90][loss_rel: 4.19][loss_box: 0.20][total: 19.28][time: 72.07s]
[Epoch: 7/15][Iter: 1480/1713][lr: 0.000300/0.000030][loss_conf: 3.15][loss_obj: 0.49][loss_act: 0.91][loss_rel: 3.78][loss_box: 0.20][total: 18.71][time: 58.07s]
[Epoch: 7/15][Iter: 1490/1713][lr: 0.000300/0.000030][loss_conf: 2.98][loss_obj: 0.51][loss_act: 0.84][loss_rel: 3.90][loss_box: 0.20][total: 18.46][time: 72.25s]
[Epoch: 7/15][Iter: 1500/1713][lr: 0.000300/0.000030][loss_conf: 3.03][loss_obj: 0.49][loss_act: 0.81][loss_rel: 3.79][loss_box: 0.19][total: 18.10][time: 59.31s]
[Attn Stats] [avg_obj_confidence: 0.4500] [avg_act_confidence: 0.2358] [num_person_boxes: 203] [num_total_boxes: 454]
[Epoch: 7/15][Iter: 1510/1713][lr: 0.000300/0.000030][loss_conf: 3.07][loss_obj: 0.46][loss_act: 0.84][loss_rel: 3.98][loss_box: 0.20][total: 18.74][time: 73.37s]
[Epoch: 7/15][Iter: 1520/1713][lr: 0.000300/0.000030][loss_conf: 3.09][loss_obj: 0.44][loss_act: 0.94][loss_rel: 4.03][loss_box: 0.20][total: 19.00][time: 58.37s]
[Epoch: 7/15][Iter: 1530/1713][lr: 0.000300/0.000030][loss_conf: 3.05][loss_obj: 0.46][loss_act: 0.93][loss_rel: 3.74][loss_box: 0.21][total: 18.42][time: 72.47s]
[Epoch: 7/15][Iter: 1540/1713][lr: 0.000300/0.000030][loss_conf: 3.04][loss_obj: 0.51][loss_act: 0.86][loss_rel: 4.02][loss_box: 0.20][total: 18.86][time: 58.00s]
[Epoch: 7/15][Iter: 1550/1713][lr: 0.000300/0.000030][loss_conf: 3.08][loss_obj: 0.45][loss_act: 0.88][loss_rel: 3.90][loss_box: 0.19][total: 18.51][time: 72.49s]

[Context Monitor] Epoch 7, Iter 1560
  📦 Obj conf: 0.613 | Person: 0.365 | Relations: 0.102
  🔗 Context contribution: 2.13x | Scale: 1.053 | CoocScale: 0.218
  ⏱️  X3D temporal: recent=0.38/mid=0.33/overall=0.28
  📈 Gradients: SceneCtx=1.0171, ObjCtx=4.5208, ActHead=9.7758
  📊 Losses: act=0.86, obj=0.44, rel=3.81
  👥 Batch: 201/448 person boxes
[Epoch: 7/15][Iter: 1560/1713][lr: 0.000300/0.000030][loss_conf: 3.00][loss_obj: 0.44][loss_act: 0.86][loss_rel: 3.81][loss_box: 0.19][total: 18.09][time: 58.49s]
[Epoch: 7/15][Iter: 1570/1713][lr: 0.000300/0.000030][loss_conf: 3.03][loss_obj: 0.49][loss_act: 0.97][loss_rel: 3.83][loss_box: 0.20][total: 18.66][time: 72.66s]
[Epoch: 7/15][Iter: 1580/1713][lr: 0.000300/0.000030][loss_conf: 3.11][loss_obj: 0.51][loss_act: 0.88][loss_rel: 4.07][loss_box: 0.20][total: 19.12][time: 57.62s]
[Epoch: 7/15][Iter: 1590/1713][lr: 0.000300/0.000030][loss_conf: 3.10][loss_obj: 0.54][loss_act: 0.91][loss_rel: 3.90][loss_box: 0.20][total: 18.96][time: 73.19s]
[Epoch: 7/15][Iter: 1600/1713][lr: 0.000300/0.000030][loss_conf: 3.03][loss_obj: 0.42][loss_act: 0.95][loss_rel: 3.69][loss_box: 0.21][total: 18.29][time: 57.61s]
[Attn Stats] [avg_obj_confidence: 0.4473] [avg_act_confidence: 0.2390] [num_person_boxes: 205] [num_total_boxes: 469]
[Epoch: 7/15][Iter: 1610/1713][lr: 0.000300/0.000030][loss_conf: 3.07][loss_obj: 0.44][loss_act: 0.84][loss_rel: 3.86][loss_box: 0.19][total: 18.35][time: 72.55s]
[Epoch: 7/15][Iter: 1620/1713][lr: 0.000300/0.000030][loss_conf: 3.04][loss_obj: 0.47][loss_act: 0.91][loss_rel: 4.32][loss_box: 0.19][total: 19.42][time: 57.45s]
[Epoch: 7/15][Iter: 1630/1713][lr: 0.000300/0.000030][loss_conf: 3.06][loss_obj: 0.56][loss_act: 0.88][loss_rel: 4.10][loss_box: 0.20][total: 19.15][time: 73.04s]
[Epoch: 7/15][Iter: 1640/1713][lr: 0.000300/0.000030][loss_conf: 3.13][loss_obj: 0.47][loss_act: 0.87][loss_rel: 4.09][loss_box: 0.19][total: 19.06][time: 57.56s]
[Epoch: 7/15][Iter: 1650/1713][lr: 0.000300/0.000030][loss_conf: 3.11][loss_obj: 0.41][loss_act: 0.94][loss_rel: 3.61][loss_box: 0.21][total: 18.19][time: 73.13s]

[Context Monitor] Epoch 7, Iter 1660
  📦 Obj conf: 0.602 | Person: 0.349 | Relations: 0.103
  🔗 Context contribution: 2.22x | Scale: 1.052 | CoocScale: 0.217
  ⏱️  X3D temporal: recent=0.38/mid=0.33/overall=0.28
  📈 Gradients: SceneCtx=0.8785, ObjCtx=2.2086, ActHead=7.8686
  📊 Losses: act=0.85, obj=0.50, rel=3.71
  👥 Batch: 205/481 person boxes
[Epoch: 7/15][Iter: 1660/1713][lr: 0.000300/0.000030][loss_conf: 2.98][loss_obj: 0.50][loss_act: 0.85][loss_rel: 3.71][loss_box: 0.20][total: 18.06][time: 58.19s]
[Epoch: 7/15][Iter: 1670/1713][lr: 0.000300/0.000030][loss_conf: 3.04][loss_obj: 0.54][loss_act: 0.84][loss_rel: 4.04][loss_box: 0.20][total: 18.92][time: 72.87s]
[Epoch: 7/15][Iter: 1680/1713][lr: 0.000300/0.000030][loss_conf: 3.15][loss_obj: 0.46][loss_act: 0.88][loss_rel: 4.25][loss_box: 0.20][total: 19.50][time: 57.67s]
[Epoch: 7/15][Iter: 1690/1713][lr: 0.000300/0.000030][loss_conf: 3.07][loss_obj: 0.47][loss_act: 0.89][loss_rel: 3.95][loss_box: 0.20][total: 18.78][time: 71.35s]
[Epoch: 7/15][Iter: 1700/1713][lr: 0.000300/0.000030][loss_conf: 2.98][loss_obj: 0.47][loss_act: 0.90][loss_rel: 3.89][loss_box: 0.20][total: 18.44][time: 57.04s]
[Attn Stats] [avg_obj_confidence: 0.4472] [avg_act_confidence: 0.2425] [num_person_boxes: 215] [num_total_boxes: 474]
[Epoch: 7/15][Iter: 1710/1713][lr: 0.000300/0.000030][loss_conf: 3.10][loss_obj: 0.53][loss_act: 0.89][loss_rel: 3.94][loss_box: 0.21][total: 19.01][time: 69.78s]

======================================================================
📊 EPOCH 7/15 COMPLETED
   ⏱️  Epoch time: 182.8 min | ETA: 24.5 hours
   📈 Learning Rate: 0.000300
   🖥️  GPU Memory: 75.6/79.3 GB (95%)
   🎯 Remaining: 8 epochs
======================================================================


[Attention Summary - Epoch 7]
  avg_obj_confidence: mean=0.4463, std=0.0039
  avg_act_confidence: mean=0.2356, std=0.0041
  num_person_boxes: mean=196.6667, std=10.4563
  num_total_boxes: mean=451.9444, std=21.0039


[Detailed Attention Analysis - Epoch 7, Iter 1712]
  Attention entropy (normalized): 1.0000
    (0 = focused on single position, 1 = uniform)
  Nearby vs Far ratio: 1.0000
    (>1 means attending more to nearby positions)
  Uniform attention %: 100.0%
    (Should DECREASE during training)


======================================================================
📊 EPOCH 7 CONTEXT LEARNING SUMMARY
======================================================================
  Object Confidence: 0.6022 (✅ good)
  Context Contribution: 2.18x (✅ active)
  Scene Context Gradient: 0.992131 (✅ flowing)
  Object Context Gradient: 2.738775 (✅ flowing)
  Action Loss: 1.03 → 0.88 (✅ improving)
======================================================================

🔍 Running evaluation at epoch 7...
💾 Saving checkpoint for epoch 7...
   ✅ Saved: /content/yowo/weights/charades_ag/yowo_v2_x3d_m_yolo11m_multitask/yowo_v2_x3d_m_yolo11m_multitask_epoch_7.pth
🔍 Running evaluation...

============================================================
Charades-AG Evaluation - Epoch 7
============================================================
Evaluating 14696 keyframes...
  [0/919] processed...
  [50/919] processed...
  [100/919] processed...
  [150/919] processed...
  [200/919] processed...
  [250/919] processed...
  [300/919] processed...
  [350/919] processed...
  [400/919] processed...
  [450/919] processed...
  [500/919] processed...
  [550/919] processed...
  [600/919] processed...
  [650/919] processed...
  [700/919] processed...
  [750/919] processed...
  [800/919] processed...
  [850/919] processed...
  [900/919] processed...

Inference done in 670.3s
GT frames: 14220, Detection frames: 13923

Computing mAP...

============================================================
EVALUATION RESULTS - Epoch 7
============================================================
Object mAP @ IoU=0.5:   1.53% (31/36 classes)
Action mAP @ IoU=0.5:   2.50% (156/157 classes)
Relation mAP @ IoU=0.5: 1.56% (26/26 classes)
============================================================
Total eval time: 735.2s

Top 5 Objects: ['person:8.2%', 'mirror:7.5%', 'refrigerator:6.3%', 'doorway:5.2%', 'window:3.8%']
Bottom 5 Objects: ['bag:0.0%', 'light:0.0%', 'groceries:0.0%', 'medicine:0.0%', 'doorknob:0.0%']

Top 5 Relations: ['coveredby:5.4%', 'in:3.3%', 'drinkingfrom:2.9%', 'standingon:2.4%', 'beneath:2.3%']

Results saved to: ./evaluator/eval_results/charades_ag_eval_epoch_7.npy

============================================================
CLASSIFICATION METRICS (on IoU≥0.5 matched boxes)
============================================================
  📦 Object Accuracy (matched boxes): 81.9% (5271/6432)
  🎬 Action F1 (person boxes only):   30.5% (P=30.3%, R=30.7%)
  👤 Person boxes with ≥1 correct action: 56.5% (2624/4642)
  🔗 Relation F1 (all boxes):         69.8% (P=63.0%, R=78.3%)
============================================================
[Epoch: 8/15][Iter: 0/1713][lr: 0.000300/0.000030][loss_conf: 3.10][loss_obj: 0.38][loss_act: 0.86][loss_rel: 3.71][loss_box: 0.19][total: 18.01][time: 776.01s]
[Attn Stats] [avg_obj_confidence: 0.4483] [avg_act_confidence: 0.2410] [num_person_boxes: 202] [num_total_boxes: 433]
[Epoch: 8/15][Iter: 10/1713][lr: 0.000300/0.000030][loss_conf: 3.11][loss_obj: 0.51][loss_act: 0.90][loss_rel: 3.82][loss_box: 0.20][total: 18.66][time: 56.17s]
[Epoch: 8/15][Iter: 20/1713][lr: 0.000300/0.000030][loss_conf: 3.03][loss_obj: 0.34][loss_act: 0.86][loss_rel: 3.82][loss_box: 0.19][total: 18.00][time: 70.00s]
[Epoch: 8/15][Iter: 30/1713][lr: 0.000300/0.000030][loss_conf: 3.01][loss_obj: 0.46][loss_act: 0.84][loss_rel: 3.89][loss_box: 0.20][total: 18.37][time: 55.19s]
[Epoch: 8/15][Iter: 40/1713][lr: 0.000300/0.000030][loss_conf: 3.15][loss_obj: 0.40][loss_act: 0.88][loss_rel: 3.91][loss_box: 0.20][total: 18.69][time: 69.80s]

[Context Monitor] Epoch 8, Iter 47
  📦 Obj conf: 0.591 | Person: 0.332 | Relations: 0.095
  🔗 Context contribution: 2.19x | Scale: 1.051 | CoocScale: 0.218
  ⏱️  X3D temporal: recent=0.38/mid=0.33/overall=0.28
  📈 Gradients: SceneCtx=1.2776, ObjCtx=2.9939, ActHead=11.0399
  📊 Losses: act=0.89, obj=0.47, rel=4.00
  👥 Batch: 191/431 person boxes
[Epoch: 8/15][Iter: 50/1713][lr: 0.000300/0.000030][loss_conf: 2.93][loss_obj: 0.51][loss_act: 0.85][loss_rel: 3.87][loss_box: 0.19][total: 18.23][time: 56.93s]
[Epoch: 8/15][Iter: 60/1713][lr: 0.000300/0.000030][loss_conf: 3.13][loss_obj: 0.46][loss_act: 0.90][loss_rel: 3.98][loss_box: 0.20][total: 18.92][time: 69.50s]
[Epoch: 8/15][Iter: 70/1713][lr: 0.000300/0.000030][loss_conf: 3.07][loss_obj: 0.46][loss_act: 0.92][loss_rel: 3.86][loss_box: 0.20][total: 18.55][time: 57.62s]
[Epoch: 8/15][Iter: 80/1713][lr: 0.000300/0.000030][loss_conf: 3.10][loss_obj: 0.46][loss_act: 0.94][loss_rel: 3.83][loss_box: 0.20][total: 18.69][time: 70.67s]
[Epoch: 8/15][Iter: 90/1713][lr: 0.000300/0.000030][loss_conf: 3.05][loss_obj: 0.40][loss_act: 0.84][loss_rel: 3.83][loss_box: 0.19][total: 18.18][time: 56.76s]
[Epoch: 8/15][Iter: 100/1713][lr: 0.000300/0.000030][loss_conf: 3.04][loss_obj: 0.43][loss_act: 0.93][loss_rel: 3.95][loss_box: 0.19][total: 18.64][time: 70.70s]
[Attn Stats] [avg_obj_confidence: 0.4504] [avg_act_confidence: 0.2351] [num_person_boxes: 196] [num_total_boxes: 459]
[Epoch: 8/15][Iter: 110/1713][lr: 0.000300/0.000030][loss_conf: 3.10][loss_obj: 0.45][loss_act: 0.84][loss_rel: 3.73][loss_box: 0.20][total: 18.29][time: 59.11s]
[Epoch: 8/15][Iter: 120/1713][lr: 0.000300/0.000030][loss_conf: 3.09][loss_obj: 0.40][loss_act: 0.86][loss_rel: 4.09][loss_box: 0.20][total: 18.91][time: 69.08s]
[Epoch: 8/15][Iter: 130/1713][lr: 0.000300/0.000030][loss_conf: 3.07][loss_obj: 0.45][loss_act: 0.89][loss_rel: 3.92][loss_box: 0.21][total: 18.75][time: 62.31s]
[Epoch: 8/15][Iter: 140/1713][lr: 0.000300/0.000030][loss_conf: 2.99][loss_obj: 0.42][loss_act: 0.84][loss_rel: 3.75][loss_box: 0.20][total: 17.96][time: 67.32s]

[Context Monitor] Epoch 8, Iter 147
  📦 Obj conf: 0.600 | Person: 0.327 | Relations: 0.108
  🔗 Context contribution: 2.14x | Scale: 1.050 | CoocScale: 0.218
  ⏱️  X3D temporal: recent=0.38/mid=0.33/overall=0.28
  📈 Gradients: SceneCtx=0.7980, ObjCtx=1.6963, ActHead=8.6694
  📊 Losses: act=0.84, obj=0.40, rel=3.97
  👥 Batch: 203/474 person boxes
[Epoch: 8/15][Iter: 150/1713][lr: 0.000300/0.000030][loss_conf: 3.08][loss_obj: 0.44][loss_act: 0.86][loss_rel: 3.98][loss_box: 0.19][total: 18.64][time: 65.10s]
[Epoch: 8/15][Iter: 160/1713][lr: 0.000300/0.000030][loss_conf: 3.05][loss_obj: 0.46][loss_act: 0.93][loss_rel: 3.96][loss_box: 0.20][total: 18.77][time: 64.04s]
[Epoch: 8/15][Iter: 170/1713][lr: 0.000300/0.000030][loss_conf: 3.05][loss_obj: 0.41][loss_act: 0.83][loss_rel: 3.84][loss_box: 0.19][total: 18.14][time: 65.68s]
[Epoch: 8/15][Iter: 180/1713][lr: 0.000300/0.000030][loss_conf: 3.02][loss_obj: 0.41][loss_act: 0.87][loss_rel: 3.87][loss_box: 0.20][total: 18.33][time: 59.55s]
[Epoch: 8/15][Iter: 190/1713][lr: 0.000300/0.000030][loss_conf: 3.14][loss_obj: 0.49][loss_act: 0.90][loss_rel: 4.02][loss_box: 0.20][total: 19.05][time: 70.20s]
[Epoch: 8/15][Iter: 200/1713][lr: 0.000300/0.000030][loss_conf: 3.05][loss_obj: 0.44][loss_act: 0.90][loss_rel: 3.88][loss_box: 0.19][total: 18.43][time: 57.52s]
[Attn Stats] [avg_obj_confidence: 0.4487] [avg_act_confidence: 0.2391] [num_person_boxes: 191] [num_total_boxes: 457]
[Epoch: 8/15][Iter: 210/1713][lr: 0.000300/0.000030][loss_conf: 3.07][loss_obj: 0.38][loss_act: 0.86][loss_rel: 3.88][loss_box: 0.20][total: 18.35][time: 72.61s]
[Epoch: 8/15][Iter: 220/1713][lr: 0.000300/0.000030][loss_conf: 3.04][loss_obj: 0.46][loss_act: 0.88][loss_rel: 3.88][loss_box: 0.19][total: 18.43][time: 57.48s]
[Epoch: 8/15][Iter: 230/1713][lr: 0.000300/0.000030][loss_conf: 2.94][loss_obj: 0.43][loss_act: 0.81][loss_rel: 3.95][loss_box: 0.20][total: 18.23][time: 73.16s]
[Epoch: 8/15][Iter: 240/1713][lr: 0.000300/0.000030][loss_conf: 3.04][loss_obj: 0.48][loss_act: 0.88][loss_rel: 3.75][loss_box: 0.20][total: 18.27][time: 58.60s]

[Context Monitor] Epoch 8, Iter 247
  📦 Obj conf: 0.623 | Person: 0.343 | Relations: 0.107
  🔗 Context contribution: 2.15x | Scale: 1.050 | CoocScale: 0.219
  ⏱️  X3D temporal: recent=0.38/mid=0.33/overall=0.28
  📈 Gradients: SceneCtx=0.9042, ObjCtx=1.9638, ActHead=10.3830
  📊 Losses: act=0.84, obj=0.46, rel=3.81
  👥 Batch: 179/446 person boxes
[Epoch: 8/15][Iter: 250/1713][lr: 0.000300/0.000030][loss_conf: 3.03][loss_obj: 0.46][loss_act: 0.86][loss_rel: 3.91][loss_box: 0.19][total: 18.43][time: 74.02s]
[Epoch: 8/15][Iter: 260/1713][lr: 0.000300/0.000030][loss_conf: 3.05][loss_obj: 0.41][loss_act: 0.88][loss_rel: 4.02][loss_box: 0.20][total: 18.73][time: 59.48s]
[Epoch: 8/15][Iter: 270/1713][lr: 0.000300/0.000030][loss_conf: 3.07][loss_obj: 0.45][loss_act: 0.79][loss_rel: 3.96][loss_box: 0.21][total: 18.60][time: 72.73s]
[Epoch: 8/15][Iter: 280/1713][lr: 0.000300/0.000030][loss_conf: 3.01][loss_obj: 0.45][loss_act: 0.93][loss_rel: 3.97][loss_box: 0.19][total: 18.62][time: 58.20s]
[Epoch: 8/15][Iter: 290/1713][lr: 0.000300/0.000030][loss_conf: 3.07][loss_obj: 0.43][loss_act: 0.78][loss_rel: 3.84][loss_box: 0.19][total: 18.16][time: 73.74s]
[Epoch: 8/15][Iter: 300/1713][lr: 0.000300/0.000030][loss_conf: 3.09][loss_obj: 0.45][loss_act: 0.89][loss_rel: 3.99][loss_box: 0.20][total: 18.86][time: 58.09s]
[Attn Stats] [avg_obj_confidence: 0.4550] [avg_act_confidence: 0.2407] [num_person_boxes: 201] [num_total_boxes: 459]
[Epoch: 8/15][Iter: 310/1713][lr: 0.000300/0.000030][loss_conf: 3.08][loss_obj: 0.43][loss_act: 0.81][loss_rel: 4.00][loss_box: 0.20][total: 18.64][time: 73.04s]
[Epoch: 8/15][Iter: 320/1713][lr: 0.000300/0.000030][loss_conf: 3.05][loss_obj: 0.44][loss_act: 0.90][loss_rel: 3.98][loss_box: 0.20][total: 18.72][time: 58.34s]
[Epoch: 8/15][Iter: 330/1713][lr: 0.000300/0.000030][loss_conf: 3.11][loss_obj: 0.50][loss_act: 0.88][loss_rel: 3.93][loss_box: 0.20][total: 18.80][time: 72.68s]
[Epoch: 8/15][Iter: 340/1713][lr: 0.000300/0.000030][loss_conf: 3.04][loss_obj: 0.48][loss_act: 0.85][loss_rel: 3.75][loss_box: 0.19][total: 18.13][time: 57.54s]

[Context Monitor] Epoch 8, Iter 347
  📦 Obj conf: 0.627 | Person: 0.364 | Relations: 0.107
  🔗 Context contribution: 2.12x | Scale: 1.050 | CoocScale: 0.218
  ⏱️  X3D temporal: recent=0.38/mid=0.33/overall=0.28
  📈 Gradients: SceneCtx=1.0420, ObjCtx=2.0358, ActHead=8.1763
  📊 Losses: act=0.84, obj=0.43, rel=3.71
  👥 Batch: 200/468 person boxes
[Epoch: 8/15][Iter: 350/1713][lr: 0.000300/0.000030][loss_conf: 3.10][loss_obj: 0.48][loss_act: 0.85][loss_rel: 3.97][loss_box: 0.20][total: 18.75][time: 72.46s]
[Epoch: 8/15][Iter: 360/1713][lr: 0.000300/0.000030][loss_conf: 3.11][loss_obj: 0.43][loss_act: 0.85][loss_rel: 3.90][loss_box: 0.20][total: 18.56][time: 58.06s]
[Epoch: 8/15][Iter: 370/1713][lr: 0.000300/0.000030][loss_conf: 3.14][loss_obj: 0.47][loss_act: 0.91][loss_rel: 4.07][loss_box: 0.20][total: 19.22][time: 72.46s]
[Epoch: 8/15][Iter: 380/1713][lr: 0.000300/0.000030][loss_conf: 3.07][loss_obj: 0.45][loss_act: 0.79][loss_rel: 4.04][loss_box: 0.21][total: 18.75][time: 57.98s]
[Epoch: 8/15][Iter: 390/1713][lr: 0.000300/0.000030][loss_conf: 3.07][loss_obj: 0.45][loss_act: 0.89][loss_rel: 3.83][loss_box: 0.20][total: 18.43][time: 72.73s]
[Epoch: 8/15][Iter: 400/1713][lr: 0.000300/0.000030][loss_conf: 3.11][loss_obj: 0.49][loss_act: 0.86][loss_rel: 3.93][loss_box: 0.19][total: 18.62][time: 57.67s]
[Attn Stats] [avg_obj_confidence: 0.4583] [avg_act_confidence: 0.2447] [num_person_boxes: 190] [num_total_boxes: 435]
[Epoch: 8/15][Iter: 410/1713][lr: 0.000300/0.000030][loss_conf: 3.04][loss_obj: 0.45][loss_act: 0.86][loss_rel: 3.82][loss_box: 0.20][total: 18.33][time: 71.78s]
[Epoch: 8/15][Iter: 420/1713][lr: 0.000300/0.000030][loss_conf: 3.08][loss_obj: 0.43][loss_act: 0.85][loss_rel: 3.90][loss_box: 0.20][total: 18.52][time: 58.24s]
[Epoch: 8/15][Iter: 430/1713][lr: 0.000300/0.000030][loss_conf: 3.06][loss_obj: 0.45][loss_act: 0.94][loss_rel: 4.06][loss_box: 0.20][total: 19.01][time: 72.55s]
[Epoch: 8/15][Iter: 440/1713][lr: 0.000300/0.000030][loss_conf: 3.14][loss_obj: 0.42][loss_act: 0.87][loss_rel: 4.06][loss_box: 0.20][total: 19.03][time: 58.27s]

[Context Monitor] Epoch 8, Iter 447
  📦 Obj conf: 0.620 | Person: 0.338 | Relations: 0.102
  🔗 Context contribution: 2.18x | Scale: 1.050 | CoocScale: 0.219
  ⏱️  X3D temporal: recent=0.38/mid=0.33/overall=0.28
  📈 Gradients: SceneCtx=1.5752, ObjCtx=1.7409, ActHead=11.8772
  📊 Losses: act=0.95, obj=0.43, rel=3.60
  👥 Batch: 189/457 person boxes
[Epoch: 8/15][Iter: 450/1713][lr: 0.000300/0.000030][loss_conf: 3.07][loss_obj: 0.39][loss_act: 0.90][loss_rel: 3.92][loss_box: 0.21][total: 18.62][time: 73.12s]
[Epoch: 8/15][Iter: 460/1713][lr: 0.000300/0.000030][loss_conf: 3.08][loss_obj: 0.42][loss_act: 0.90][loss_rel: 3.94][loss_box: 0.20][total: 18.69][time: 58.55s]
[Epoch: 8/15][Iter: 470/1713][lr: 0.000300/0.000030][loss_conf: 3.08][loss_obj: 0.59][loss_act: 0.96][loss_rel: 3.82][loss_box: 0.21][total: 18.99][time: 72.89s]
[Epoch: 8/15][Iter: 480/1713][lr: 0.000300/0.000030][loss_conf: 3.15][loss_obj: 0.45][loss_act: 0.83][loss_rel: 3.95][loss_box: 0.21][total: 18.84][time: 58.67s]
[Epoch: 8/15][Iter: 490/1713][lr: 0.000300/0.000030][loss_conf: 3.06][loss_obj: 0.43][loss_act: 0.81][loss_rel: 3.82][loss_box: 0.19][total: 18.12][time: 72.98s]
[Epoch: 8/15][Iter: 500/1713][lr: 0.000300/0.000030][loss_conf: 3.01][loss_obj: 0.51][loss_act: 0.89][loss_rel: 3.83][loss_box: 0.21][total: 18.54][time: 56.61s]
[Attn Stats] [avg_obj_confidence: 0.4565] [avg_act_confidence: 0.2373] [num_person_boxes: 210] [num_total_boxes: 472]
[Epoch: 8/15][Iter: 510/1713][lr: 0.000300/0.000030][loss_conf: 3.00][loss_obj: 0.43][loss_act: 0.84][loss_rel: 3.93][loss_box: 0.20][total: 18.36][time: 73.11s]
[Epoch: 8/15][Iter: 520/1713][lr: 0.000300/0.000030][loss_conf: 3.07][loss_obj: 0.45][loss_act: 0.93][loss_rel: 3.79][loss_box: 0.20][total: 18.53][time: 57.39s]
[Epoch: 8/15][Iter: 530/1713][lr: 0.000300/0.000030][loss_conf: 3.15][loss_obj: 0.44][loss_act: 0.89][loss_rel: 3.86][loss_box: 0.19][total: 18.60][time: 73.05s]
[Epoch: 8/15][Iter: 540/1713][lr: 0.000300/0.000030][loss_conf: 3.03][loss_obj: 0.49][loss_act: 0.92][loss_rel: 3.94][loss_box: 0.20][total: 18.76][time: 57.17s]

[Context Monitor] Epoch 8, Iter 547
  📦 Obj conf: 0.606 | Person: 0.346 | Relations: 0.104
  🔗 Context contribution: 2.17x | Scale: 1.049 | CoocScale: 0.219
  ⏱️  X3D temporal: recent=0.38/mid=0.33/overall=0.28
  📈 Gradients: SceneCtx=0.2987, ObjCtx=0.7970, ActHead=2.6950
  📊 Losses: act=0.85, obj=0.45, rel=3.99
  👥 Batch: 195/442 person boxes
[Epoch: 8/15][Iter: 550/1713][lr: 0.000300/0.000030][loss_conf: 3.03][loss_obj: 0.45][loss_act: 0.83][loss_rel: 4.01][loss_box: 0.20][total: 18.63][time: 73.75s]
[Epoch: 8/15][Iter: 560/1713][lr: 0.000300/0.000030][loss_conf: 3.06][loss_obj: 0.45][loss_act: 0.86][loss_rel: 3.89][loss_box: 0.21][total: 18.63][time: 58.13s]
[Epoch: 8/15][Iter: 570/1713][lr: 0.000300/0.000030][loss_conf: 3.15][loss_obj: 0.48][loss_act: 0.85][loss_rel: 4.05][loss_box: 0.20][total: 19.07][time: 72.46s]
[Epoch: 8/15][Iter: 580/1713][lr: 0.000300/0.000030][loss_conf: 3.01][loss_obj: 0.43][loss_act: 0.94][loss_rel: 4.00][loss_box: 0.20][total: 18.75][time: 57.56s]
[Epoch: 8/15][Iter: 590/1713][lr: 0.000300/0.000030][loss_conf: 3.09][loss_obj: 0.45][loss_act: 0.87][loss_rel: 3.81][loss_box: 0.20][total: 18.38][time: 73.27s]
[Epoch: 8/15][Iter: 600/1713][lr: 0.000300/0.000030][loss_conf: 3.06][loss_obj: 0.52][loss_act: 0.98][loss_rel: 3.97][loss_box: 0.20][total: 19.08][time: 56.72s]
[Attn Stats] [avg_obj_confidence: 0.4524] [avg_act_confidence: 0.2407] [num_person_boxes: 180] [num_total_boxes: 472]
[Epoch: 8/15][Iter: 610/1713][lr: 0.000300/0.000030][loss_conf: 3.06][loss_obj: 0.46][loss_act: 0.90][loss_rel: 3.91][loss_box: 0.20][total: 18.68][time: 73.03s]
[Epoch: 8/15][Iter: 620/1713][lr: 0.000300/0.000030][loss_conf: 3.03][loss_obj: 0.45][loss_act: 0.91][loss_rel: 3.94][loss_box: 0.20][total: 18.65][time: 58.69s]
[Epoch: 8/15][Iter: 630/1713][lr: 0.000300/0.000030][loss_conf: 3.07][loss_obj: 0.45][loss_act: 0.86][loss_rel: 3.65][loss_box: 0.21][total: 18.14][time: 73.02s]
[Epoch: 8/15][Iter: 640/1713][lr: 0.000300/0.000030][loss_conf: 3.02][loss_obj: 0.45][loss_act: 0.98][loss_rel: 3.96][loss_box: 0.20][total: 18.81][time: 58.11s]

[Context Monitor] Epoch 8, Iter 647
  📦 Obj conf: 0.626 | Person: 0.359 | Relations: 0.105
  🔗 Context contribution: 2.16x | Scale: 1.049 | CoocScale: 0.219
  ⏱️  X3D temporal: recent=0.38/mid=0.33/overall=0.28
  📈 Gradients: SceneCtx=0.4856, ObjCtx=1.0061, ActHead=4.9033
  📊 Losses: act=0.86, obj=0.42, rel=4.10
  👥 Batch: 197/449 person boxes
[Epoch: 8/15][Iter: 650/1713][lr: 0.000300/0.000030][loss_conf: 3.08][loss_obj: 0.43][loss_act: 0.88][loss_rel: 3.64][loss_box: 0.19][total: 18.00][time: 73.28s]
[Epoch: 8/15][Iter: 660/1713][lr: 0.000300/0.000030][loss_conf: 3.07][loss_obj: 0.42][loss_act: 0.91][loss_rel: 3.81][loss_box: 0.21][total: 18.48][time: 57.39s]
[Epoch: 8/15][Iter: 670/1713][lr: 0.000300/0.000030][loss_conf: 3.09][loss_obj: 0.44][loss_act: 0.88][loss_rel: 4.21][loss_box: 0.21][total: 19.31][time: 72.21s]
[Epoch: 8/15][Iter: 680/1713][lr: 0.000300/0.000030][loss_conf: 3.00][loss_obj: 0.51][loss_act: 0.88][loss_rel: 4.04][loss_box: 0.21][total: 18.94][time: 57.71s]
[Epoch: 8/15][Iter: 690/1713][lr: 0.000300/0.000030][loss_conf: 3.10][loss_obj: 0.35][loss_act: 0.88][loss_rel: 3.66][loss_box: 0.20][total: 18.00][time: 73.46s]
[Epoch: 8/15][Iter: 700/1713][lr: 0.000300/0.000030][loss_conf: 3.05][loss_obj: 0.51][loss_act: 0.87][loss_rel: 3.69][loss_box: 0.19][total: 18.12][time: 57.88s]
[Attn Stats] [avg_obj_confidence: 0.4469] [avg_act_confidence: 0.2389] [num_person_boxes: 213] [num_total_boxes: 474]
[Epoch: 8/15][Iter: 710/1713][lr: 0.000300/0.000030][loss_conf: 3.03][loss_obj: 0.41][loss_act: 0.82][loss_rel: 3.97][loss_box: 0.19][total: 18.33][time: 72.59s]
[Epoch: 8/15][Iter: 720/1713][lr: 0.000300/0.000030][loss_conf: 3.07][loss_obj: 0.52][loss_act: 0.97][loss_rel: 4.00][loss_box: 0.20][total: 19.12][time: 58.55s]
[Epoch: 8/15][Iter: 730/1713][lr: 0.000300/0.000030][loss_conf: 3.03][loss_obj: 0.44][loss_act: 0.85][loss_rel: 3.98][loss_box: 0.20][total: 18.65][time: 72.10s]
[Epoch: 8/15][Iter: 740/1713][lr: 0.000300/0.000030][loss_conf: 3.02][loss_obj: 0.47][loss_act: 0.92][loss_rel: 4.09][loss_box: 0.20][total: 18.98][time: 57.89s]

[Context Monitor] Epoch 8, Iter 747
  📦 Obj conf: 0.601 | Person: 0.319 | Relations: 0.103
  🔗 Context contribution: 2.25x | Scale: 1.050 | CoocScale: 0.219
  ⏱️  X3D temporal: recent=0.38/mid=0.33/overall=0.28
  📈 Gradients: SceneCtx=0.4990, ObjCtx=0.7917, ActHead=4.3147
  📊 Losses: act=0.89, obj=0.42, rel=3.89
  👥 Batch: 199/464 person boxes
[Epoch: 8/15][Iter: 750/1713][lr: 0.000300/0.000030][loss_conf: 3.07][loss_obj: 0.47][loss_act: 0.94][loss_rel: 3.69][loss_box: 0.20][total: 18.36][time: 72.29s]
[Epoch: 8/15][Iter: 760/1713][lr: 0.000300/0.000030][loss_conf: 3.12][loss_obj: 0.51][loss_act: 0.86][loss_rel: 3.78][loss_box: 0.20][total: 18.53][time: 57.46s]
[Epoch: 8/15][Iter: 770/1713][lr: 0.000300/0.000030][loss_conf: 3.13][loss_obj: 0.46][loss_act: 0.84][loss_rel: 3.97][loss_box: 0.20][total: 18.76][time: 72.98s]
[Epoch: 8/15][Iter: 780/1713][lr: 0.000300/0.000030][loss_conf: 3.01][loss_obj: 0.45][loss_act: 0.92][loss_rel: 3.58][loss_box: 0.21][total: 18.00][time: 57.36s]
[Epoch: 8/15][Iter: 790/1713][lr: 0.000300/0.000030][loss_conf: 3.07][loss_obj: 0.46][loss_act: 0.93][loss_rel: 4.20][loss_box: 0.20][total: 19.29][time: 73.67s]
[Epoch: 8/15][Iter: 800/1713][lr: 0.000300/0.000030][loss_conf: 3.04][loss_obj: 0.43][loss_act: 0.83][loss_rel: 3.77][loss_box: 0.20][total: 18.09][time: 57.55s]
[Attn Stats] [avg_obj_confidence: 0.4564] [avg_act_confidence: 0.2437] [num_person_boxes: 227] [num_total_boxes: 473]
[Epoch: 8/15][Iter: 810/1713][lr: 0.000300/0.000030][loss_conf: 3.02][loss_obj: 0.47][loss_act: 0.94][loss_rel: 3.87][loss_box: 0.19][total: 18.54][time: 72.91s]
[Epoch: 8/15][Iter: 820/1713][lr: 0.000300/0.000030][loss_conf: 3.01][loss_obj: 0.40][loss_act: 0.85][loss_rel: 3.90][loss_box: 0.19][total: 18.27][time: 58.56s]
[Epoch: 8/15][Iter: 830/1713][lr: 0.000300/0.000030][loss_conf: 3.01][loss_obj: 0.48][loss_act: 0.84][loss_rel: 3.71][loss_box: 0.20][total: 18.11][time: 73.25s]
[Epoch: 8/15][Iter: 840/1713][lr: 0.000300/0.000030][loss_conf: 3.07][loss_obj: 0.42][loss_act: 0.87][loss_rel: 3.90][loss_box: 0.20][total: 18.52][time: 58.58s]

[Context Monitor] Epoch 8, Iter 847
  📦 Obj conf: 0.631 | Person: 0.381 | Relations: 0.109
  🔗 Context contribution: 2.13x | Scale: 1.050 | CoocScale: 0.219
  ⏱️  X3D temporal: recent=0.38/mid=0.33/overall=0.28
  📈 Gradients: SceneCtx=0.5491, ObjCtx=1.1733, ActHead=4.3523
  📊 Losses: act=0.85, obj=0.45, rel=4.05
  👥 Batch: 205/467 person boxes
[Epoch: 8/15][Iter: 850/1713][lr: 0.000300/0.000030][loss_conf: 3.13][loss_obj: 0.49][loss_act: 0.91][loss_rel: 4.01][loss_box: 0.20][total: 19.03][time: 73.44s]
[Epoch: 8/15][Iter: 860/1713][lr: 0.000300/0.000030][loss_conf: 3.20][loss_obj: 0.55][loss_act: 0.86][loss_rel: 4.08][loss_box: 0.20][total: 19.42][time: 57.79s]
[Epoch: 8/15][Iter: 870/1713][lr: 0.000300/0.000030][loss_conf: 3.07][loss_obj: 0.47][loss_act: 0.80][loss_rel: 3.90][loss_box: 0.20][total: 18.46][time: 72.58s]
[Epoch: 8/15][Iter: 880/1713][lr: 0.000300/0.000030][loss_conf: 2.99][loss_obj: 0.42][loss_act: 0.90][loss_rel: 3.73][loss_box: 0.20][total: 18.06][time: 58.24s]
[Epoch: 8/15][Iter: 890/1713][lr: 0.000300/0.000030][loss_conf: 3.08][loss_obj: 0.44][loss_act: 0.74][loss_rel: 3.89][loss_box: 0.19][total: 18.24][time: 72.07s]
[Epoch: 8/15][Iter: 900/1713][lr: 0.000300/0.000030][loss_conf: 3.08][loss_obj: 0.50][loss_act: 0.82][loss_rel: 4.00][loss_box: 0.20][total: 18.81][time: 57.42s]
[Attn Stats] [avg_obj_confidence: 0.4572] [avg_act_confidence: 0.2395] [num_person_boxes: 203] [num_total_boxes: 467]
[Epoch: 8/15][Iter: 910/1713][lr: 0.000300/0.000030][loss_conf: 3.07][loss_obj: 0.51][loss_act: 0.95][loss_rel: 4.06][loss_box: 0.21][total: 19.25][time: 71.98s]
[Epoch: 8/15][Iter: 920/1713][lr: 0.000300/0.000030][loss_conf: 3.03][loss_obj: 0.42][loss_act: 0.80][loss_rel: 3.80][loss_box: 0.20][total: 18.15][time: 58.26s]
[Epoch: 8/15][Iter: 930/1713][lr: 0.000300/0.000030][loss_conf: 3.04][loss_obj: 0.47][loss_act: 0.86][loss_rel: 3.91][loss_box: 0.20][total: 18.56][time: 73.61s]
[Epoch: 8/15][Iter: 940/1713][lr: 0.000300/0.000030][loss_conf: 3.14][loss_obj: 0.51][loss_act: 0.90][loss_rel: 3.78][loss_box: 0.20][total: 18.62][time: 58.32s]

[Context Monitor] Epoch 8, Iter 947
  📦 Obj conf: 0.588 | Person: 0.332 | Relations: 0.107
  🔗 Context contribution: 2.23x | Scale: 1.049 | CoocScale: 0.219
  ⏱️  X3D temporal: recent=0.38/mid=0.33/overall=0.28
  📈 Gradients: SceneCtx=0.3901, ObjCtx=0.8263, ActHead=4.7046
  📊 Losses: act=0.91, obj=0.46, rel=3.85
  👥 Batch: 192/470 person boxes
[Epoch: 8/15][Iter: 950/1713][lr: 0.000300/0.000030][loss_conf: 3.06][loss_obj: 0.47][loss_act: 0.91][loss_rel: 3.67][loss_box: 0.20][total: 18.27][time: 73.21s]
[Epoch: 8/15][Iter: 960/1713][lr: 0.000300/0.000030][loss_conf: 3.02][loss_obj: 0.49][loss_act: 0.93][loss_rel: 3.91][loss_box: 0.20][total: 18.66][time: 57.77s]
[Epoch: 8/15][Iter: 970/1713][lr: 0.000300/0.000030][loss_conf: 3.05][loss_obj: 0.46][loss_act: 0.79][loss_rel: 3.77][loss_box: 0.20][total: 18.10][time: 72.78s]
[Epoch: 8/15][Iter: 980/1713][lr: 0.000300/0.000030][loss_conf: 3.09][loss_obj: 0.52][loss_act: 0.90][loss_rel: 3.84][loss_box: 0.21][total: 18.76][time: 59.29s]
[Epoch: 8/15][Iter: 990/1713][lr: 0.000300/0.000030][loss_conf: 3.02][loss_obj: 0.48][loss_act: 0.87][loss_rel: 4.10][loss_box: 0.21][total: 19.01][time: 73.30s]
[Epoch: 8/15][Iter: 1000/1713][lr: 0.000300/0.000030][loss_conf: 3.06][loss_obj: 0.51][loss_act: 0.86][loss_rel: 3.88][loss_box: 0.20][total: 18.61][time: 58.74s]
[Attn Stats] [avg_obj_confidence: 0.4596] [avg_act_confidence: 0.2432] [num_person_boxes: 181] [num_total_boxes: 443]
[Epoch: 8/15][Iter: 1010/1713][lr: 0.000300/0.000030][loss_conf: 2.99][loss_obj: 0.41][loss_act: 0.81][loss_rel: 3.72][loss_box: 0.20][total: 17.84][time: 72.14s]
[Epoch: 8/15][Iter: 1020/1713][lr: 0.000300/0.000030][loss_conf: 2.97][loss_obj: 0.45][loss_act: 0.78][loss_rel: 3.75][loss_box: 0.20][total: 17.88][time: 58.52s]
[Epoch: 8/15][Iter: 1030/1713][lr: 0.000300/0.000030][loss_conf: 3.07][loss_obj: 0.46][loss_act: 0.83][loss_rel: 3.75][loss_box: 0.21][total: 18.28][time: 72.37s]
[Epoch: 8/15][Iter: 1040/1713][lr: 0.000300/0.000030][loss_conf: 3.10][loss_obj: 0.48][loss_act: 0.89][loss_rel: 3.79][loss_box: 0.20][total: 18.53][time: 59.05s]

[Context Monitor] Epoch 8, Iter 1047
  📦 Obj conf: 0.626 | Person: 0.326 | Relations: 0.106
  🔗 Context contribution: 2.15x | Scale: 1.048 | CoocScale: 0.220
  ⏱️  X3D temporal: recent=0.38/mid=0.33/overall=0.28
  📈 Gradients: SceneCtx=0.6594, ObjCtx=1.3703, ActHead=4.6569
  📊 Losses: act=0.83, obj=0.45, rel=3.75
  👥 Batch: 192/441 person boxes
[Epoch: 8/15][Iter: 1050/1713][lr: 0.000300/0.000030][loss_conf: 3.03][loss_obj: 0.43][loss_act: 0.93][loss_rel: 3.85][loss_box: 0.20][total: 18.45][time: 72.62s]
[Epoch: 8/15][Iter: 1060/1713][lr: 0.000300/0.000030][loss_conf: 3.05][loss_obj: 0.45][loss_act: 0.85][loss_rel: 3.71][loss_box: 0.20][total: 18.12][time: 58.76s]
[Epoch: 8/15][Iter: 1070/1713][lr: 0.000300/0.000030][loss_conf: 3.10][loss_obj: 0.45][loss_act: 0.80][loss_rel: 3.74][loss_box: 0.20][total: 18.19][time: 73.47s]
[Epoch: 8/15][Iter: 1080/1713][lr: 0.000300/0.000030][loss_conf: 3.04][loss_obj: 0.44][loss_act: 0.87][loss_rel: 3.75][loss_box: 0.20][total: 18.16][time: 58.66s]
[Epoch: 8/15][Iter: 1090/1713][lr: 0.000300/0.000030][loss_conf: 3.05][loss_obj: 0.46][loss_act: 0.89][loss_rel: 3.91][loss_box: 0.19][total: 18.54][time: 74.51s]
[Epoch: 8/15][Iter: 1100/1713][lr: 0.000300/0.000030][loss_conf: 3.12][loss_obj: 0.38][loss_act: 0.91][loss_rel: 3.80][loss_box: 0.20][total: 18.45][time: 58.61s]
[Attn Stats] [avg_obj_confidence: 0.4570] [avg_act_confidence: 0.2408] [num_person_boxes: 177] [num_total_boxes: 450]
[Epoch: 8/15][Iter: 1110/1713][lr: 0.000300/0.000030][loss_conf: 3.05][loss_obj: 0.44][loss_act: 0.86][loss_rel: 3.87][loss_box: 0.19][total: 18.31][time: 73.70s]
[Epoch: 8/15][Iter: 1120/1713][lr: 0.000300/0.000030][loss_conf: 3.07][loss_obj: 0.44][loss_act: 0.83][loss_rel: 3.95][loss_box: 0.20][total: 18.54][time: 58.71s]
[Epoch: 8/15][Iter: 1130/1713][lr: 0.000300/0.000030][loss_conf: 3.02][loss_obj: 0.41][loss_act: 0.92][loss_rel: 3.86][loss_box: 0.20][total: 18.41][time: 73.17s]
[Epoch: 8/15][Iter: 1140/1713][lr: 0.000300/0.000030][loss_conf: 2.98][loss_obj: 0.40][loss_act: 0.82][loss_rel: 3.79][loss_box: 0.20][total: 17.98][time: 58.37s]

[Context Monitor] Epoch 8, Iter 1147
  📦 Obj conf: 0.603 | Person: 0.340 | Relations: 0.101
  🔗 Context contribution: 2.20x | Scale: 1.048 | CoocScale: 0.220
  ⏱️  X3D temporal: recent=0.38/mid=0.33/overall=0.28
  📈 Gradients: SceneCtx=0.5224, ObjCtx=1.1571, ActHead=4.7490
  📊 Losses: act=0.80, obj=0.43, rel=3.55
  👥 Batch: 190/441 person boxes
[Epoch: 8/15][Iter: 1150/1713][lr: 0.000300/0.000030][loss_conf: 3.12][loss_obj: 0.43][loss_act: 0.86][loss_rel: 3.94][loss_box: 0.20][total: 18.64][time: 73.39s]
[Epoch: 8/15][Iter: 1160/1713][lr: 0.000300/0.000030][loss_conf: 3.05][loss_obj: 0.45][loss_act: 0.89][loss_rel: 3.87][loss_box: 0.20][total: 18.56][time: 57.38s]
[Epoch: 8/15][Iter: 1170/1713][lr: 0.000300/0.000030][loss_conf: 2.94][loss_obj: 0.48][loss_act: 0.83][loss_rel: 4.03][loss_box: 0.20][total: 18.53][time: 73.79s]
[Epoch: 8/15][Iter: 1180/1713][lr: 0.000300/0.000030][loss_conf: 3.16][loss_obj: 0.48][loss_act: 0.91][loss_rel: 3.93][loss_box: 0.20][total: 18.94][time: 57.69s]
[Epoch: 8/15][Iter: 1190/1713][lr: 0.000300/0.000030][loss_conf: 3.06][loss_obj: 0.49][loss_act: 0.89][loss_rel: 3.95][loss_box: 0.20][total: 18.78][time: 72.72s]
[Epoch: 8/15][Iter: 1200/1713][lr: 0.000300/0.000030][loss_conf: 3.17][loss_obj: 0.46][loss_act: 0.93][loss_rel: 4.09][loss_box: 0.20][total: 19.30][time: 57.88s]
[Attn Stats] [avg_obj_confidence: 0.4641] [avg_act_confidence: 0.2454] [num_person_boxes: 187] [num_total_boxes: 450]
[Epoch: 8/15][Iter: 1210/1713][lr: 0.000300/0.000030][loss_conf: 3.04][loss_obj: 0.40][loss_act: 0.81][loss_rel: 3.98][loss_box: 0.20][total: 18.48][time: 73.05s]
[Epoch: 8/15][Iter: 1220/1713][lr: 0.000300/0.000030][loss_conf: 3.10][loss_obj: 0.47][loss_act: 0.87][loss_rel: 3.78][loss_box: 0.20][total: 18.47][time: 57.74s]
[Epoch: 8/15][Iter: 1230/1713][lr: 0.000300/0.000030][loss_conf: 3.16][loss_obj: 0.41][loss_act: 0.84][loss_rel: 3.82][loss_box: 0.20][total: 18.47][time: 72.18s]
[Epoch: 8/15][Iter: 1240/1713][lr: 0.000300/0.000030][loss_conf: 3.11][loss_obj: 0.37][loss_act: 0.78][loss_rel: 3.84][loss_box: 0.20][total: 18.20][time: 58.15s]

[Context Monitor] Epoch 8, Iter 1247
  📦 Obj conf: 0.588 | Person: 0.344 | Relations: 0.102
  🔗 Context contribution: 2.20x | Scale: 1.048 | CoocScale: 0.219
  ⏱️  X3D temporal: recent=0.38/mid=0.33/overall=0.28
  📈 Gradients: SceneCtx=0.4019, ObjCtx=1.1989, ActHead=4.2683
  📊 Losses: act=0.91, obj=0.44, rel=3.90
  👥 Batch: 203/458 person boxes
[Epoch: 8/15][Iter: 1250/1713][lr: 0.000300/0.000030][loss_conf: 3.02][loss_obj: 0.41][loss_act: 0.91][loss_rel: 4.02][loss_box: 0.19][total: 18.67][time: 72.86s]
[Epoch: 8/15][Iter: 1260/1713][lr: 0.000300/0.000030][loss_conf: 3.18][loss_obj: 0.47][loss_act: 0.86][loss_rel: 3.69][loss_box: 0.20][total: 18.39][time: 58.16s]
[Epoch: 8/15][Iter: 1270/1713][lr: 0.000300/0.000030][loss_conf: 3.07][loss_obj: 0.38][loss_act: 0.89][loss_rel: 3.91][loss_box: 0.20][total: 18.49][time: 71.61s]
[Epoch: 8/15][Iter: 1280/1713][lr: 0.000300/0.000030][loss_conf: 3.12][loss_obj: 0.47][loss_act: 0.92][loss_rel: 3.72][loss_box: 0.19][total: 18.32][time: 57.77s]
[Epoch: 8/15][Iter: 1290/1713][lr: 0.000300/0.000030][loss_conf: 3.07][loss_obj: 0.42][loss_act: 0.89][loss_rel: 4.00][loss_box: 0.19][total: 18.71][time: 73.16s]
[Epoch: 8/15][Iter: 1300/1713][lr: 0.000300/0.000030][loss_conf: 3.07][loss_obj: 0.44][loss_act: 0.85][loss_rel: 3.99][loss_box: 0.21][total: 18.75][time: 57.80s]
[Attn Stats] [avg_obj_confidence: 0.4578] [avg_act_confidence: 0.2397] [num_person_boxes: 213] [num_total_boxes: 457]
[Epoch: 8/15][Iter: 1310/1713][lr: 0.000300/0.000030][loss_conf: 2.95][loss_obj: 0.44][loss_act: 0.86][loss_rel: 3.88][loss_box: 0.20][total: 18.25][time: 71.57s]
[Epoch: 8/15][Iter: 1320/1713][lr: 0.000300/0.000030][loss_conf: 3.03][loss_obj: 0.47][loss_act: 0.87][loss_rel: 3.93][loss_box: 0.20][total: 18.63][time: 57.42s]
[Epoch: 8/15][Iter: 1330/1713][lr: 0.000300/0.000030][loss_conf: 3.04][loss_obj: 0.54][loss_act: 0.91][loss_rel: 4.08][loss_box: 0.20][total: 19.16][time: 73.84s]
[Epoch: 8/15][Iter: 1340/1713][lr: 0.000300/0.000030][loss_conf: 3.13][loss_obj: 0.45][loss_act: 0.93][loss_rel: 3.87][loss_box: 0.20][total: 18.73][time: 58.29s]

[Context Monitor] Epoch 8, Iter 1347
  📦 Obj conf: 0.618 | Person: 0.346 | Relations: 0.101
  🔗 Context contribution: 2.14x | Scale: 1.048 | CoocScale: 0.219
  ⏱️  X3D temporal: recent=0.38/mid=0.33/overall=0.28
  📈 Gradients: SceneCtx=0.4313, ObjCtx=1.1661, ActHead=4.3723
  📊 Losses: act=0.90, obj=0.51, rel=4.00
  👥 Batch: 189/453 person boxes
[Epoch: 8/15][Iter: 1350/1713][lr: 0.000300/0.000030][loss_conf: 3.05][loss_obj: 0.48][loss_act: 0.86][loss_rel: 3.97][loss_box: 0.20][total: 18.71][time: 73.56s]
[Epoch: 8/15][Iter: 1360/1713][lr: 0.000300/0.000030][loss_conf: 3.07][loss_obj: 0.44][loss_act: 0.77][loss_rel: 3.92][loss_box: 0.19][total: 18.31][time: 58.40s]
[Epoch: 8/15][Iter: 1370/1713][lr: 0.000300/0.000030][loss_conf: 3.02][loss_obj: 0.45][loss_act: 0.90][loss_rel: 3.97][loss_box: 0.20][total: 18.71][time: 73.62s]
[Epoch: 8/15][Iter: 1380/1713][lr: 0.000300/0.000030][loss_conf: 3.12][loss_obj: 0.39][loss_act: 0.84][loss_rel: 3.92][loss_box: 0.20][total: 18.51][time: 58.23s]
[Epoch: 8/15][Iter: 1390/1713][lr: 0.000300/0.000030][loss_conf: 3.04][loss_obj: 0.45][loss_act: 0.84][loss_rel: 3.79][loss_box: 0.20][total: 18.29][time: 72.62s]
[Epoch: 8/15][Iter: 1400/1713][lr: 0.000300/0.000030][loss_conf: 3.06][loss_obj: 0.54][loss_act: 0.88][loss_rel: 3.99][loss_box: 0.20][total: 18.96][time: 58.30s]
[Attn Stats] [avg_obj_confidence: 0.4521] [avg_act_confidence: 0.2387] [num_person_boxes: 194] [num_total_boxes: 455]
[Epoch: 8/15][Iter: 1410/1713][lr: 0.000300/0.000030][loss_conf: 3.03][loss_obj: 0.44][loss_act: 0.86][loss_rel: 3.76][loss_box: 0.20][total: 18.13][time: 73.08s]
[Epoch: 8/15][Iter: 1420/1713][lr: 0.000300/0.000030][loss_conf: 3.12][loss_obj: 0.48][loss_act: 0.87][loss_rel: 3.74][loss_box: 0.20][total: 18.38][time: 57.99s]
[Epoch: 8/15][Iter: 1430/1713][lr: 0.000300/0.000030][loss_conf: 3.10][loss_obj: 0.39][loss_act: 0.78][loss_rel: 3.82][loss_box: 0.20][total: 18.13][time: 73.49s]
[Epoch: 8/15][Iter: 1440/1713][lr: 0.000300/0.000030][loss_conf: 3.07][loss_obj: 0.46][loss_act: 0.88][loss_rel: 3.78][loss_box: 0.20][total: 18.39][time: 58.86s]

[Context Monitor] Epoch 8, Iter 1447
  📦 Obj conf: 0.625 | Person: 0.375 | Relations: 0.103
  🔗 Context contribution: 2.15x | Scale: 1.047 | CoocScale: 0.220
  ⏱️  X3D temporal: recent=0.38/mid=0.33/overall=0.28
  📈 Gradients: SceneCtx=0.5854, ObjCtx=1.6338, ActHead=5.1687
  📊 Losses: act=0.90, obj=0.42, rel=3.86
  👥 Batch: 194/438 person boxes
[Epoch: 8/15][Iter: 1450/1713][lr: 0.000300/0.000030][loss_conf: 2.95][loss_obj: 0.44][loss_act: 0.81][loss_rel: 3.95][loss_box: 0.19][total: 18.24][time: 73.91s]
[Epoch: 8/15][Iter: 1460/1713][lr: 0.000300/0.000030][loss_conf: 3.09][loss_obj: 0.41][loss_act: 0.85][loss_rel: 4.03][loss_box: 0.20][total: 18.79][time: 58.34s]
[Epoch: 8/15][Iter: 1470/1713][lr: 0.000300/0.000030][loss_conf: 3.03][loss_obj: 0.40][loss_act: 0.88][loss_rel: 3.81][loss_box: 0.20][total: 18.21][time: 72.98s]
[Epoch: 8/15][Iter: 1480/1713][lr: 0.000300/0.000030][loss_conf: 3.05][loss_obj: 0.45][loss_act: 0.88][loss_rel: 3.91][loss_box: 0.20][total: 18.55][time: 57.97s]
[Epoch: 8/15][Iter: 1490/1713][lr: 0.000300/0.000030][loss_conf: 2.91][loss_obj: 0.45][loss_act: 0.83][loss_rel: 3.76][loss_box: 0.18][total: 17.73][time: 74.85s]
[Epoch: 8/15][Iter: 1500/1713][lr: 0.000300/0.000030][loss_conf: 3.08][loss_obj: 0.46][loss_act: 0.83][loss_rel: 3.94][loss_box: 0.20][total: 18.63][time: 61.76s]
[Attn Stats] [avg_obj_confidence: 0.4653] [avg_act_confidence: 0.2416] [num_person_boxes: 185] [num_total_boxes: 444]
[Epoch: 8/15][Iter: 1510/1713][lr: 0.000300/0.000030][loss_conf: 3.08][loss_obj: 0.50][loss_act: 0.83][loss_rel: 4.07][loss_box: 0.20][total: 19.00][time: 72.56s]
[Epoch: 8/15][Iter: 1520/1713][lr: 0.000300/0.000030][loss_conf: 3.01][loss_obj: 0.45][loss_act: 0.88][loss_rel: 3.72][loss_box: 0.19][total: 18.04][time: 60.07s]
[Epoch: 8/15][Iter: 1530/1713][lr: 0.000300/0.000030][loss_conf: 3.03][loss_obj: 0.44][loss_act: 0.88][loss_rel: 3.98][loss_box: 0.20][total: 18.60][time: 74.24s]
[Epoch: 8/15][Iter: 1540/1713][lr: 0.000300/0.000030][loss_conf: 3.01][loss_obj: 0.39][loss_act: 0.76][loss_rel: 3.89][loss_box: 0.19][total: 18.02][time: 59.30s]

[Context Monitor] Epoch 8, Iter 1547
  📦 Obj conf: 0.608 | Person: 0.373 | Relations: 0.108
  🔗 Context contribution: 2.15x | Scale: 1.047 | CoocScale: 0.220
  ⏱️  X3D temporal: recent=0.38/mid=0.33/overall=0.28
  📈 Gradients: SceneCtx=0.6582, ObjCtx=0.9317, ActHead=4.8882
  📊 Losses: act=0.83, obj=0.44, rel=3.80
  👥 Batch: 205/479 person boxes
[Epoch: 8/15][Iter: 1550/1713][lr: 0.000300/0.000030][loss_conf: 3.07][loss_obj: 0.44][loss_act: 0.84][loss_rel: 3.95][loss_box: 0.20][total: 18.56][time: 74.62s]
[Epoch: 8/15][Iter: 1560/1713][lr: 0.000300/0.000030][loss_conf: 3.15][loss_obj: 0.43][loss_act: 0.94][loss_rel: 3.69][loss_box: 0.19][total: 18.36][time: 59.00s]
[Epoch: 8/15][Iter: 1570/1713][lr: 0.000300/0.000030][loss_conf: 3.06][loss_obj: 0.42][loss_act: 0.79][loss_rel: 3.62][loss_box: 0.19][total: 17.68][time: 74.46s]
[Epoch: 8/15][Iter: 1580/1713][lr: 0.000300/0.000030][loss_conf: 3.08][loss_obj: 0.44][loss_act: 0.89][loss_rel: 3.82][loss_box: 0.20][total: 18.43][time: 58.30s]
[Epoch: 8/15][Iter: 1590/1713][lr: 0.000300/0.000030][loss_conf: 3.09][loss_obj: 0.43][loss_act: 0.88][loss_rel: 3.68][loss_box: 0.20][total: 18.13][time: 75.54s]
[Epoch: 8/15][Iter: 1600/1713][lr: 0.000300/0.000030][loss_conf: 2.97][loss_obj: 0.35][loss_act: 0.88][loss_rel: 3.78][loss_box: 0.20][total: 17.92][time: 59.32s]
[Attn Stats] [avg_obj_confidence: 0.4594] [avg_act_confidence: 0.2474] [num_person_boxes: 206] [num_total_boxes: 486]
[Epoch: 8/15][Iter: 1610/1713][lr: 0.000300/0.000030][loss_conf: 3.01][loss_obj: 0.45][loss_act: 0.80][loss_rel: 3.72][loss_box: 0.20][total: 17.96][time: 75.21s]
[Epoch: 8/15][Iter: 1620/1713][lr: 0.000300/0.000030][loss_conf: 3.19][loss_obj: 0.45][loss_act: 0.82][loss_rel: 3.62][loss_box: 0.19][total: 18.10][time: 59.14s]
[Epoch: 8/15][Iter: 1630/1713][lr: 0.000300/0.000030][loss_conf: 3.05][loss_obj: 0.40][loss_act: 0.93][loss_rel: 3.81][loss_box: 0.20][total: 18.33][time: 73.91s]
[Epoch: 8/15][Iter: 1640/1713][lr: 0.000300/0.000030][loss_conf: 3.05][loss_obj: 0.46][loss_act: 0.79][loss_rel: 3.76][loss_box: 0.20][total: 18.14][time: 60.08s]

[Context Monitor] Epoch 8, Iter 1647
  📦 Obj conf: 0.601 | Person: 0.338 | Relations: 0.103
  🔗 Context contribution: 2.18x | Scale: 1.048 | CoocScale: 0.220
  ⏱️  X3D temporal: recent=0.38/mid=0.33/overall=0.28
  📈 Gradients: SceneCtx=0.3415, ObjCtx=1.0611, ActHead=3.0727
  📊 Losses: act=0.85, obj=0.50, rel=4.13
  👥 Batch: 183/450 person boxes
[Epoch: 8/15][Iter: 1650/1713][lr: 0.000300/0.000030][loss_conf: 2.95][loss_obj: 0.47][loss_act: 0.86][loss_rel: 3.89][loss_box: 0.20][total: 18.35][time: 73.90s]
[Epoch: 8/15][Iter: 1660/1713][lr: 0.000300/0.000030][loss_conf: 3.12][loss_obj: 0.44][loss_act: 0.80][loss_rel: 3.87][loss_box: 0.20][total: 18.45][time: 58.92s]
[Epoch: 8/15][Iter: 1670/1713][lr: 0.000300/0.000030][loss_conf: 3.03][loss_obj: 0.43][loss_act: 0.88][loss_rel: 4.02][loss_box: 0.20][total: 18.74][time: 73.54s]
[Epoch: 8/15][Iter: 1680/1713][lr: 0.000300/0.000030][loss_conf: 3.13][loss_obj: 0.45][loss_act: 0.88][loss_rel: 4.07][loss_box: 0.20][total: 19.07][time: 59.49s]
[Epoch: 8/15][Iter: 1690/1713][lr: 0.000300/0.000030][loss_conf: 3.00][loss_obj: 0.42][loss_act: 0.86][loss_rel: 3.77][loss_box: 0.19][total: 18.04][time: 73.99s]
[Epoch: 8/15][Iter: 1700/1713][lr: 0.000300/0.000030][loss_conf: 3.03][loss_obj: 0.50][loss_act: 0.92][loss_rel: 3.93][loss_box: 0.20][total: 18.80][time: 58.66s]
[Attn Stats] [avg_obj_confidence: 0.4595] [avg_act_confidence: 0.2521] [num_person_boxes: 198] [num_total_boxes: 475]
[Epoch: 8/15][Iter: 1710/1713][lr: 0.000300/0.000030][loss_conf: 3.04][loss_obj: 0.40][loss_act: 0.82][loss_rel: 4.05][loss_box: 0.20][total: 18.61][time: 101.52s]

======================================================================
📊 EPOCH 8/15 COMPLETED
   ⏱️  Epoch time: 187.8 min | ETA: 21.5 hours
   📈 Learning Rate: 0.000150
   🖥️  GPU Memory: 75.6/79.3 GB (95%)
   🎯 Remaining: 7 epochs
======================================================================


[Attention Summary - Epoch 8]
  avg_obj_confidence: mean=0.4558, std=0.0050
  avg_act_confidence: mean=0.2416, std=0.0039
  num_person_boxes: mean=197.4444, std=12.9539
  num_total_boxes: mean=458.9444, std=14.3893


[Detailed Attention Analysis - Epoch 8, Iter 1712]
  Attention entropy (normalized): 1.0000
    (0 = focused on single position, 1 = uniform)
  Nearby vs Far ratio: 1.0000
    (>1 means attending more to nearby positions)
  Uniform attention %: 100.0%
    (Should DECREASE during training)


======================================================================
📊 EPOCH 8 CONTEXT LEARNING SUMMARY
======================================================================
  Object Confidence: 0.6109 (✅ good)
  Context Contribution: 2.17x (✅ active)
  Scene Context Gradient: 0.671749 (✅ flowing)
  Object Context Gradient: 1.384941 (✅ flowing)
  Action Loss: 1.03 → 0.86 (✅ improving)
======================================================================

🔍 Running evaluation at epoch 8...
💾 Saving checkpoint for epoch 8...
   ✅ Saved: /content/yowo/weights/charades_ag/yowo_v2_x3d_m_yolo11m_multitask/yowo_v2_x3d_m_yolo11m_multitask_epoch_8.pth
🔍 Running evaluation...

============================================================
Charades-AG Evaluation - Epoch 8
============================================================
Evaluating 14696 keyframes...
  [0/919] processed...
  [50/919] processed...
  [100/919] processed...
  [150/919] processed...
  [200/919] processed...
  [250/919] processed...
  [300/919] processed...
  [350/919] processed...
  [400/919] processed...
  [450/919] processed...
  [500/919] processed...
  [550/919] processed...
  [600/919] processed...
  [650/919] processed...
  [700/919] processed...
  [750/919] processed...
  [800/919] processed...
  [850/919] processed...
  [900/919] processed...

Inference done in 647.8s
GT frames: 14220, Detection frames: 14037

Computing mAP...

============================================================
EVALUATION RESULTS - Epoch 8
============================================================
Object mAP @ IoU=0.5:   1.46% (31/36 classes)
Action mAP @ IoU=0.5:   2.09% (156/157 classes)
Relation mAP @ IoU=0.5: 1.44% (26/26 classes)
============================================================
Total eval time: 713.9s

Top 5 Objects: ['refrigerator:9.1%', 'person:7.9%', 'doorway:5.8%', 'mirror:5.5%', 'door:4.3%']
Bottom 5 Objects: ['book:0.0%', 'dish:0.0%', 'groceries:0.0%', 'medicine:0.0%', 'doorknob:0.0%']

Top 5 Relations: ['coveredby:3.9%', 'in:3.3%', 'drinkingfrom:2.5%', 'beneath:2.4%', 'sittingon:2.3%']

Results saved to: ./evaluator/eval_results/charades_ag_eval_epoch_8.npy

============================================================
CLASSIFICATION METRICS (on IoU≥0.5 matched boxes)
============================================================
  📦 Object Accuracy (matched boxes): 80.3% (5306/6608)
  🎬 Action F1 (person boxes only):   30.3% (P=31.0%, R=29.7%)
  👤 Person boxes with ≥1 correct action: 51.8% (2440/4710)
  🔗 Relation F1 (all boxes):         69.2% (P=61.9%, R=78.3%)
============================================================
[Epoch: 9/15][Iter: 0/1713][lr: 0.000150/0.000015][loss_conf: 3.13][loss_obj: 0.43][loss_act: 0.87][loss_rel: 3.97][loss_box: 0.21][total: 18.88][time: 753.40s]
[Attn Stats] [avg_obj_confidence: 0.4523] [avg_act_confidence: 0.2469] [num_person_boxes: 183] [num_total_boxes: 422]
[Epoch: 9/15][Iter: 10/1713][lr: 0.000150/0.000015][loss_conf: 3.07][loss_obj: 0.41][loss_act: 0.97][loss_rel: 3.83][loss_box: 0.20][total: 18.60][time: 58.90s]
[Epoch: 9/15][Iter: 20/1713][lr: 0.000150/0.000015][loss_conf: 3.08][loss_obj: 0.50][loss_act: 0.95][loss_rel: 3.73][loss_box: 0.20][total: 18.50][time: 70.13s]
[Epoch: 9/15][Iter: 30/1713][lr: 0.000150/0.000015][loss_conf: 2.99][loss_obj: 0.41][loss_act: 0.78][loss_rel: 3.57][loss_box: 0.19][total: 17.44][time: 55.55s]

[Context Monitor] Epoch 9, Iter 34
  📦 Obj conf: 0.614 | Person: 0.359 | Relations: 0.100
  🔗 Context contribution: 2.19x | Scale: 1.047 | CoocScale: 0.220
  ⏱️  X3D temporal: recent=0.38/mid=0.33/overall=0.28
  📈 Gradients: SceneCtx=0.5852, ObjCtx=1.2075, ActHead=4.3031
  📊 Losses: act=0.83, obj=0.44, rel=4.04
  👥 Batch: 191/439 person boxes
[Epoch: 9/15][Iter: 40/1713][lr: 0.000150/0.000015][loss_conf: 3.03][loss_obj: 0.43][loss_act: 0.86][loss_rel: 3.76][loss_box: 0.19][total: 18.03][time: 70.77s]
[Epoch: 9/15][Iter: 50/1713][lr: 0.000150/0.000015][loss_conf: 3.06][loss_obj: 0.41][loss_act: 0.85][loss_rel: 3.73][loss_box: 0.19][total: 17.97][time: 55.30s]
[Epoch: 9/15][Iter: 60/1713][lr: 0.000150/0.000015][loss_conf: 3.01][loss_obj: 0.41][loss_act: 0.82][loss_rel: 3.85][loss_box: 0.20][total: 18.12][time: 72.01s]